track_id,launch_time,launch_x,launch_y,launch_z,launch_vx,launch_vy,launch_vz,cp1_t,cp1_x,cp1_y,cp1_z,cp2_t,cp2_x,cp2_y,cp2_z,cp3_t,cp3_x,cp3_y,cp3_z,cp4_t,cp4_x,cp4_y,cp4_z,launch_spin_rate,apex_t,apex_x,apex_y,apex_z,landing_t,landing_x,landing_y,landing_z
1c26738f-44cc-4cd2-930f-c63ce8ae867e,1770363636.608,-23.344,34.627,0.0609999999999995,35.103684314171,15.784851079526,10.3434916917639,0.431259956696383,-9.67515819159039,40.7810046450058,4.28410330792525,0.896898801094794,4.01716837952363,46.9937967074627,7.60725240982143,1.39967125171864,17.6602184284479,53.2978510077215,9.69219495247999,1.9435125991035,31.2125683969752,59.7698857566404,10.1127350055037,3104.51574323597,1.78,27.261373298208,57.8538945545005,10.1917745928623,3.49,64.165420788412,77.4269167974474,0.140182434372614
d70047ed-bfee-4969-b670-ce988a464812,1770362570.509,-23.344,34.627,0.0610000000000002,33.558069657138,18.6701392907009,17.3822093728501,0.449795726939904,-10.1297124864059,41.6228587431425,7.59165063456088,0.953859779425559,3.2435827936327,48.426510473826,14.307534469679,1.52232919858782,16.7487270663291,54.9859722010925,19.5523408105137,2.16698547187504,30.3935241980885,61.2867908288227,22.3923994190746,7939.74313186516,2.4,34.9665878833754,63.3308947174398,22.5979270819746,4.87,77.5854433772271,82.2141390703768,-0.0721839550376588
097724ad-5813-4c99-8813-52dd13226549,1770362626.625,-23.344,34.627,0.0610000000000002,32.8410213961287,13.8097982652615,15.2240715186197,0.475096434232472,-9.40391276018481,40.2786464435014,6.61960346982103,1.00229241006875,4.82137424865929,45.5043728599721,11.902544838622,1.58748662921518,19.3024909051672,50.2562917692495,15.2738592675054,2.23515843738663,34.027886017077,54.5557964760603,15.9013549838954,7109.75583265698,2.04,29.7150827704113,53.3452089640597,16.0589376914877,4.03,70.5553332775203,64.282900309605,0.156674357622122
ab886492-84fc-44db-aa4c-6400f3419047,1770362649.005,-23.344,34.627,0.0610000000000002,37.5842051326838,21.404313635544,19.611105020366,0.403545617143591,-10.3352847339374,42.0035873844105,7.93885678221123,0.852199728591348,2.74455945136505,49.3507231598472,15.4075757459513,1.35397545253081,15.8566246602882,56.6381842141546,21.9929816439054,1.91913523777797,29.0026703056072,63.8627120392251,27.0126011907031,9128.93389175319,2.7,44.9652098405909,72.5380267227043,29.5809349599335,5.49,94.4480895207421,99.8061923465443,0.194679172553436
05ebea5f-219a-4cf8-843e-3272e9727971,1770363135.511,-23.344,34.627,0.0610000000000002,32.7741183942366,14.3540482716896,16.7099663881612,0.483894423144367,-9.55530805566967,40.5590370401721,7.67051842272463,1.03163191498786,4.40212195142807,46.2808461407286,14.2548255989675,1.65633367292614,18.497670447127,51.7468538618161,19.0063494099059,2.37200707655718,32.7298883803422,56.9597439083478,20.7562510797402,8209.22237486597,2.34,32.1297589830391,56.7452438517135,20.7625104902785,4.75,72.458465778389,71.3583861619706,0.0236867354444776
edde414d-1213-4cb4-bbdd-6821e51affd4,1770363316.278,-23.344,34.627,0.0610000000000002,36.1926718531582,18.2541488839937,12.6471365365205,0.407472451604471,-9.98728791736332,41.3590823175507,5.38215074316567,0.84980412823701,3.41920091239801,48.1012581669489,9.87053706897036,1.32988860930185,16.8353795240793,54.8254881236068,13.2316546555287,1.85133921408906,30.2658376157924,61.5232718692816,15.1106039214348,4624.39931234317,2.12,36.7917414116283,64.7615322671473,15.3622255527648,4.27,83.3465043339932,87.3716118155664,0.00523818217720117
39ac3719-e307-451b-a761-b1714e9df124,1770363352.987,-23.344,34.627,0.0609999999999997,33.7683604280382,22.5097291152994,10.172333467517,0.409021208601194,-10.8226038170898,42.9061232793107,4.1238938420789,0.855190700277257,1.41185157006299,51.8189554574841,7.22356242352873,1.34224071468849,13.2713804468296,61.4261676533338,8.98724501995176,1.87472465464427,24.7127569663385,71.8078159938153,8.93786403217064,3923.78911257983,1.6,18.99136990663,66.4658898249296,9.2242809170472,3.15,47.3868303169162,96.3158826038799,0.141403212814863
6a07997c-1f10-4ef5-8101-745f01732d80,1770363449.366,-23.344,34.627,0.0610000000000001,46.6664158870116,31.2630570762953,5.75809318993926,0.279766627502237,-10.8560380422259,42.9680449018097,1.89446403089396,0.581943333578071,1.70597558619233,51.2742251333775,3.65040191041882,0.909045478151705,14.3131709831295,59.4967267870009,5.27811325638155,1.26499666986449,26.9815416077687,67.6059292886136,6.71370254731866,6559.11617521751,2.42,62.1406281614283,88.8245116889621,8.78329620862741,4.65,118.360284537398,115.913116785599,0.0116522401263407
6a88c88b-7e8f-43f6-987d-d0240230e8de,1770363466.993,-23.344,34.627,0.0610000000000002,38.5444807110955,18.2301850233967,12.4656625065662,0.386795575459447,-9.81294551173876,41.0361926862612,5.00779534940321,0.809786883340807,3.74116193135535,47.5049725167176,9.33007309295792,1.27237235246919,17.2498835289512,54.0578088844587,12.7449879366199,1.77820403533273,30.6764249547028,60.7628464638962,14.8958921455656,3739.15097314885,2.18,40.5058375043216,65.8656197313411,15.4148516817714,4.33,86.1003239180104,93.8277850841123,-0.0633448354726983
b3ab937e-3969-4804-83fe-b1eaea3c5525,1770363501.31,-23.344,34.627,0.0609999999999997,39.5005845300702,19.5250960938532,14.7865172168726,0.380646460045527,-9.9582733138807,41.3053460243812,5.26905118836685,0.793915479300623,3.47960119860507,47.9893942399065,10.2402744911922,1.24301478701921,16.9216913216873,54.6656349633516,14.6116175358549,1.73235550702891,30.3603650388063,61.3482030175334,17.9242875085299,4274.85450044794,2.42,47.4755297350053,69.9182111583399,19.698195152333,4.77,97.2172231536038,96.2172784455901,-0.0679156222354997
f1f4a04a-f077-47f8-8d14-7bc208e83a9f,1770363519.61,-23.344,34.627,0.0609999999999997,36.6035589000116,21.9531265180548,13.0955271531748,0.390978844341944,-10.6184894238812,42.528094646931,4.92542984530172,0.81602149081913,1.81837872307691,51.0660496909519,9.07306448454655,1.27901117271293,13.869725252866,60.3180073459604,12.1869913450034,1.78541587938053,25.4747136756667,70.3966394068445,13.8492106039738,5524.10155590934,1.98,29.5449342461396,74.26184041134,13.9883787279167,3.85,60.6857876319266,111.438118057952,0.202443474690639
028127af-f64a-4db1-bce1-41a3321582be,1770363758.295,-23.344,34.627,0.0609999999999997,38.8463603457795,19.481896899522,14.5655731663614,0.384070747423032,-9.95799510734068,41.3048307739073,5.5184206304085,0.805470349982167,3.51300993570774,47.9275198223414,10.4594530879006,1.26893169491663,17.0304230135164,54.4642591950271,14.6025031329919,1.78035173081413,30.5977743926491,60.9085106865003,17.5699119682689,5319.37637322271,2.4,45.5073887835338,67.8585361237383,18.8529049943615,4.71,93.9950859132945,90.1375570540604,0.138856692249536
fce97d06-1f68-494a-9a2b-f400cac91069,1770797230.128,-23.344,34.627,0.0609999999999999,27.7406107526712,6.67315732600108,11.1370571581621,0.594222140956225,-8.45301245939283,38.5175382012702,5.86754419404912,1.25233147672755,6.20730461638222,42.9375702291154,9.097408208657,1.98250877754764,20.7751380188564,47.5288859963668,9.04810905759238,2.7929006175214,35.6102728662423,51.6251479946767,4.93432225867764,10864.2324165125,1.6,13.3295864811202,45.194680960862,9.53054417097168,3.33,45.0851891377441,53.4242644198331,0.0828271812776253
624475e2-c7c6-4b86-a4d0-97133c80f41d,1770797818.393,-23.344,34.627,0.0609999999999997,38.1428953986804,19.4211901044945,12.3489552426667,0.393345190238889,-10.0141571911186,41.408845367824,4.95077073110514,0.82939270667771,3.35779116194767,48.214991665173,9.29560635624627,1.31529779107711,16.710491189458,55.0567866890578,12.799106185036,1.86018862553087,30.0121362230333,61.9931377568846,15.0426694599765,9274.34504426054,2.28,39.2465819200256,66.9455955119717,15.5505159762096,4.53,80.0138904976963,92.2528922085352,-0.00754661973167127
808d7e44-c247-4f32-a9d0-6ccd065eff3c,1770797845.141,-23.344,34.627,0.0609999999999999,41.0896752756862,20.6592786416772,11.7648478724262,0.368790543964975,-9.97148097149911,41.3298071741705,4.84862231155688,0.77768803760769,3.46353609297288,48.0191475062769,9.26691448882708,1.23420821062278,16.9063866332774,54.6939799043312,13.0884200489248,1.7487175643792,30.3342278415845,61.3966102305901,15.9837062210228,9259.22118755136,2.48,46.8307252790965,69.8397025785482,17.5097983232859,4.93,90.2061965169638,96.5069019195561,0.187889277374154
ca9b0895-d247-43ae-9230-2541b596ae81,1770797867.91,-23.344,34.627,0.0610000000000002,39.0483084841852,19.1873980827989,13.1918862353256,0.386389378214185,-9.91121795837665,41.218197482783,5.1464819806795,0.813976006996441,3.57061588738245,47.8208311229989,9.78230215737112,1.28965711732604,17.0449615213938,54.4373332533367,13.6911648585612,1.82245779889353,30.4883913157449,61.1110928479911,16.475801509839,8874.05070979426,2.42,43.8528831527722,67.9135031509384,17.5492638596376,4.75,86.51866862175,92.8712303575314,0.035390800078616
376e7357-1b90-4338-8109-53d01362a08c,1770797892.805,-23.344,34.627,0.0609999999999997,39.5510818907732,21.1617440203474,14.1798031682961,0.368811126606328,-10.1744956988532,41.7057991781059,5.03120009424872,0.776224797723147,2.9946873513721,48.8874755344678,9.7113282723337,1.22840077366679,16.1032159249512,56.1814865894947,13.8530925042264,1.73329359756987,29.12617690911,63.6339724992149,17.09221854428,8859.47656467356,2.5,46.3081632711805,73.9350279360609,19.0184488767122,4.81,89.1942197213223,103.322655053813,0.0176774026512412
931f729d-657c-4f9b-a264-ae0bf25baa7b,1770797916.46,-23.344,34.627,0.0610000000000002,39.469030486746,21.0734199336316,13.761273643237,0.374903573401977,-10.1748675420687,41.706487847729,4.80926788959894,0.790779637496631,2.97654314065509,48.9210793928491,9.43394160554579,1.25492585221938,16.0496710009078,56.2806540910549,13.6046662008961,1.77704874459671,29.0211357097815,63.8285133167509,16.8317131421665,9339.58398431108,2.46,43.7653641438438,72.8033097273115,18.4271184360677,4.83,85.735252963286,101.142037911453,0.0764544027693255
7dc15e25-97a4-425b-abc1-97692c4c15b7,1770797967.822,-23.344,34.627,0.0609999999999997,37.8704829796667,18.9734793672803,13.577183565194,0.393014944926646,-9.97341254227877,41.3333845263048,5.01618335667274,0.831516983111406,3.42696125866834,48.0868856719903,9.53015816910812,1.32414706397609,16.8001331421782,54.8907659383506,13.3033803954948,1.88197891632556,30.1233526874077,61.7871600829703,15.8872970678066,8899.08562718665,2.38,40.6911526501846,67.3988905335227,16.6504053741327,4.71,81.8953575541188,91.7485241151728,0.0957851918538218
02d2cf8a-30d6-4eda-b043-e03ecf23d9f0,1770797995.705,-23.344,34.627,0.0610000000000002,42.1627483988536,21.9079907753892,11.4036161102449,0.354695051153519,-10.0791589696303,41.5292314564615,4.40786321194537,0.748408563071591,3.21570532652183,48.4781407415424,8.5755764445963,1.18880379981336,16.4922331324617,55.4610099948969,12.3684159143413,1.68676247226086,29.7426431697534,62.4922504787545,15.4810824761399,9759.23690664388,2.56,49.3959994860678,73.0973372846207,17.6807441687046,4.89,91.3542367626602,96.8777220289729,0.106889397945376
cf3349aa-aa30-4043-8ac7-9aa2382f8a9e,1770798023.816,-23.344,34.627,0.0609999999999999,40.397782299301,22.7911847530055,11.2933137152424,0.354254150540231,-10.3382056381283,42.0089970245599,4.1612501613833,0.747419022435288,2.65434778430741,49.517799046003,8.10423922499135,1.18688462824247,15.5762419473794,57.1574650538722,11.6949362884634,1.68289032650831,28.4077201970497,64.964585220908,14.6271290079604,8689.93653601682,2.52,46.7355407221222,76.6282155817753,16.6080025856075,4.77,86.4628297414841,104.213045172407,0.0285084045492114
c793edc1-43f2-4546-a5ec-a55120e4f24a,1770798054.018,-23.344,34.627,0.0610000000000004,39.9420052236696,22.2131303763546,12.5541071461756,0.372653349249321,-10.2370632472403,41.82167696789,4.71129725655043,0.782748585602175,2.85462540757249,49.1468762765256,8.98619685964445,1.2362006393237,15.8764131194626,56.6015351369338,12.6608195426238,1.74107897759182,28.8142582217303,64.2116593195816,15.4199714988853,9339.42251962079,2.44,44.5057518926259,73.7714745828518,16.8543040083652,4.79,87.4226234065804,101.717048147686,0.117821871741207
627375fa-2cbf-4866-987b-6f33e4acbb05,1770798137.482,-23.344,34.627,0.0609999999999999,39.3151815386477,22.2146318892578,14.3317995968564,0.369632156319544,-10.3434023624992,42.0186215815345,4.86282309220754,0.775493871146223,2.65394209668929,49.5185503969148,9.58319965829371,1.22291595006184,15.5913588885546,57.1294678288435,13.8687218228033,1.71911739289289,28.4494470388537,64.8873053157887,17.2361827444163,8834.23567718227,2.46,45.2591462751738,75.4341663628363,19.1473666782778,4.89,89.9659257995228,106.809136778291,0.0281897162164416
6551bc0f-38bf-41fc-8daa-3044f3c50928,1770798337.755,-23.344,34.627,0.0610000000000002,49.4185293601271,23.4632729360359,10.067990464375,0.294346599539038,-9.82342266792919,41.0555968300045,2.97799179523491,0.614144946050487,3.72830574290803,47.5287827304902,6.01836326332544,0.962948732043488,17.2633334398706,54.0328990711401,9.10941026685745,1.34624277132929,30.7762853322059,60.5779007511369,12.1403717825768,6174.36668817135,2.88,73.7386375433687,81.9763120436515,18.2991986044386,5.05,119.636236085042,106.632527874323,0.147928993450841
a29a63a9-772c-4c65-9d3c-6e000e98c8e1,1770798360.117,-23.344,34.627,0.0609999999999999,49.9920971016358,25.3033003600007,10.5929887888346,0.293176840697585,-9.99428967413055,41.372049872133,3.07141335211412,0.610731698989994,3.41181964327896,48.1149285947244,6.34764972496246,0.955795801232005,16.8280095014507,54.8391377223986,9.77303958573592,1.33326123497947,30.2487510104074,61.5549169971149,13.1833046655385,5884.5710973698,2.9,74.8525348598315,84.2390094987995,20.3402002054147,5.43,128.482039333134,116.195183887848,-0.0564042996435121
aa5e0af8-f46c-4e85-8e69-4e6a96a50ce9,1770798536.787,-23.344,34.627,0.0610000000000002,48.9706874174358,25.0157928904089,10.6142069431441,0.293593617658995,-10.024039299533,41.4271474575013,3.04806961351601,0.612705697698684,3.34394296406292,48.2406391230765,6.24609398969823,0.961081485083812,16.7161579511853,55.0462916026893,9.56678487823596,1.34460001058731,30.0914524831733,61.8462406328022,12.8789012674722,6084.32822914741,2.94,73.8374382782158,84.1454116765477,19.9416306208618,5.31,121.411550490048,109.422564658019,0.17723995192548
da48f35c-5a09-4c5f-a6b3-4ffd802b9b6a,1770798604.34,-23.344,34.627,0.0609999999999999,47.4744677773238,24.5172629552763,10.5609095521822,0.309403151595935,-10.0305786537749,41.439258622725,3.43693554352687,0.646995955414038,3.4006434673439,48.13562735309,6.91938268974078,1.01707066454747,16.9069874792522,54.6928671117518,10.4025730765952,1.4261209706379,30.4831232089428,61.1208496082974,13.726924135651,6024.39324745654,2.82,68.0623488187808,78.6153559449269,19.2507482522722,5.11,113.170759860054,105.536542444558,0.135476619953981
bd4c10e6-0d69-47e0-afed-3308e3254a93,1770798687.057,-23.344,34.627,0.0609999999999998,52.8213133100512,14.7333181937321,10.1172989756031,0.305386182559766,-8.58723456252262,38.7661233073161,2.95258989431658,0.636118902319214,6.1867750674229,42.9755918364821,6.08203532159191,0.995470897260447,20.9287133997026,47.2444577878713,9.29745782598041,1.3885405332961,35.6385317539205,51.5728113196701,12.3904717786698,6109.17948664139,2.7,76.1455218816412,63.760922228104,17.3917618652073,5.15,134.110585586124,79.9308151097471,0.0809847508735877
e9b5b263-60e0-4b81-b4ca-2a0c47f1f65f,1770798744.826,-23.344,34.627,0.0610000000000002,53.6194697708323,16.1974819880805,7.92739362770435,0.295098156082761,-8.76558914317019,39.0964436592568,2.14109648426013,0.613669875958832,5.76913687051444,43.7490757340405,4.73509536850443,0.958336693156798,20.2004331371224,48.5932641475032,7.58560321517005,1.33325247670341,34.5147846857919,53.6540392067747,10.3900200069123,4999.64968772813,2.58,73.8079896716516,69.1384505746853,14.8232319802476,4.89,129.537183691638,94.1285933765829,0.152537536720813
df52d50f-1c4a-442f-8865-590ddffcd1ac,1770798760.746,-23.344,34.627,0.0609999999999998,51.6416875496924,15.9750491471053,9.04589030376994,0.305701950995617,-8.79270588374795,39.1466650287255,3.07688012294142,0.637230932480873,5.78086470552813,43.727355279342,6.08944905345863,0.998138495183477,20.3260062989174,48.3606972526817,9.01096926183066,1.39397162741523,34.8390043294295,53.053570486523,11.717387162214,5509.40740915028,2.72,74.5646294725024,66.3166670452214,15.9896865852062,4.95,124.178261311506,83.4126185327175,-0.074480812562954
c82f85d6-b871-4188-8c80-cf50e3a617b6,1770798879.566,-23.344,34.627,0.0609999999999999,55.0365157833402,30.0833265982861,6.44523002284011,0.244975288351324,-10.2208783829088,41.7917019032592,1.49109438720432,0.504606946481779,2.95209764183186,48.966353507735,3.32458557886311,0.779774093488239,16.1242728995763,56.1424881671176,5.41302494397403,1.07239186166672,29.2842594992684,63.34119674528,7.59695182401556,3064.39700430607,2.7,88.776155574339,97.8045738333144,13.893215703338,5.55,156.649100119648,157.992976283818,0.0761100617281321
25bd6f74-fff1-499a-bb97-1dcff06b59da,1770798899.574,-23.344,34.627,0.0609999999999997,54.0876399509928,21.3438731665901,11.9238359849963,0.27327629448731,-9.33905741463157,40.1585315549989,2.99779527924886,0.564803643410103,4.70591406602256,45.7182100825724,5.95959824740506,0.875935649185535,18.7474054623753,51.2843338759026,8.85598683973405,1.20915371840942,32.7885502846635,56.8510995393018,11.5786150636512,2888.8980598145,2.64,83.6706299240181,76.8046923034046,17.2745081232047,5.03,151.322696374558,100.808452641756,0.143114902892897
342cd697-fe49-4f1f-ba57-c62c0c4adbb0,1770798982.28,-23.344,34.627,0.0610000000000001,56.6327586869205,30.2701528525328,8.09422864865716,0.246348038816238,-10.1440666673701,41.6494433034644,2.03459685545679,0.508850031145438,3.14103166318531,48.6164395767305,4.17170543530152,0.788812206942936,16.4696790205115,55.5027811799715,6.43475221040129,1.08867277597191,29.84209157581,62.3080677548274,8.77541477133964,3649.97054782638,3.04,98.4592324112205,96.1585363026231,17.5021704005654,5.29,154.912523417815,127.963788279642,0.0449893012651436
6a3c8a80-a12d-4131-a49c-ff36d07c2033,1770799033.564,-23.344,34.627,0.0610000000000002,55.8383349787081,31.887780420488,7.989952463563,0.245404078922683,-10.3463988630359,42.024171229367,1.73981414909102,0.5054418783899,2.72447831921811,49.3879142799971,3.58159973807394,0.780954205041396,15.8248166891642,56.6970939443004,5.52126421184765,1.0737948632532,28.9514738658107,63.9575300469841,7.48135576871634,3289.3078299241,2.68,88.6308141852269,96.7801133412431,13.2641461728301,5.09,153.445919973687,138.33254727205,0.0710006704919193
a9a33986-3e66-41b2-9412-fdcc9aad6d6e,1770799052.141,-23.344,34.627,0.0609999999999997,55.1407739926012,30.5745405272118,9.73378416772729,0.249998746753321,-10.2714078986622,41.8852847390151,2.45551166818719,0.515130186102976,2.82892382502034,49.1944767124843,4.89992631658619,0.796333778371148,15.908607691331,56.5419094055872,7.3496275428122,1.09556867997029,28.9599084758545,63.9419087865261,9.75327577449595,2974.65729118499,2.94,93.2022653179538,102.582027558489,17.4779502224021,5.31,151.421475010296,146.631268267936,-0.0561570476044775
ddfaeb3b-01e0-4e97-ab2f-b1e8077d881c,1770799071.79,-23.344,34.627,0.0609999999999995,56.1020079782608,30.8577298569668,9.43843296155797,0.245214262422956,-10.2278047028603,41.8045297456154,2.14746665545974,0.507129235985374,2.97916570702424,48.9162222871729,4.43463575124644,0.787270527478401,16.2382698986465,55.931360823394,6.87631321128239,1.08837850757322,29.5533542860463,62.8428216300957,9.41332764731787,3934.36411634714,3.06,97.6442461080699,96.1143320494029,18.7291414878374,5.53,158.3830725087,127.159431125009,0.0871806598517575
cdd7eb10-db8c-41cf-af1e-7823465185bd,1770799392.236,-23.344,34.627,0.0609999999999999,60.8258791582554,26.3907830314175,16.1659786632336,0.244274614875135,-9.60013748154827,40.6420630643972,3.6964002771861,0.501445187679511,4.11831009621452,46.8064778994347,7.21599962588925,0.771887481898856,17.7635930771957,53.1063967135164,10.555141479839,1.05679791398538,31.3336831652779,59.5455759982607,13.6494044209171,1499.60328087131,2.68,96.0058232019415,92.5890697258459,22.0259649487016,5.21,175.59232099997,133.343645904879,0.189828661691479
7920a17f-1ef7-431d-a380-4b2db8df50c5,1770799434.884,-23.344,34.627,0.0610000000000002,61.0845746585552,28.2145387771505,14.6317087976529,0.234285179962697,-9.75987404086932,40.9379020403358,3.01148087426669,0.481108129583228,3.81886461169065,47.3610638118113,5.9717021648575,0.740933222917579,17.3460568136925,53.8796918260255,8.87605901635261,1.01507566380283,30.8203918454368,60.4962135922178,11.6555332272039,1909.77930662158,2.7,99.1280579409302,95.8347108676317,20.1014690938529,5.41,183.086607446903,137.709958090741,0.050676631628505
2e4a8e24-50b1-4117-96dc-760d1d3a5d19,1770799517.285,-23.344,34.627,0.0609999999999997,61.1614434264101,30.5033477735209,14.841893758896,0.236514938654178,-9.94894211058661,41.2880642346736,3.44817970393769,0.48620452678622,3.51624177210466,47.9215343223774,6.83839067009914,0.74973494708276,17.0103509724098,54.5014334781794,10.1866143525958,1.02873373845331,30.5358679955414,61.0231639956878,13.4484700857359,3074.77299975136,3.22,114.785175023426,99.6956297646859,26.3952827123889,6.19,196.169040772609,135.418556867904,0.171662069276448
49db2f06-144c-4b23-9c43-b1ad4cf31187,1770799570.456,-23.344,34.627,0.0609999999999997,60.1203925191128,28.2206920972779,17.2648575815054,0.243313568770775,-9.76984113266313,40.9563615228857,4.07700161616943,0.501187664344531,3.90721389429085,47.1974371417463,8.04518838561465,0.774621378994365,17.6507048114037,53.3154706355374,11.9111645520225,1.06565901117245,31.4693834838893,59.2942531735852,15.620970444352,2949.4848702782,3.16,110.961842023898,89.1763641202509,28.5664942550897,6.25,195.189844271581,111.438289483294,-0.00950003099050279
2a2d300c-055f-40f1-97e0-04d82ad227e8,1770799648.418,-23.344,34.627,0.0609999999999997,59.0407988698574,34.2476583824422,14.5670331789318,0.236194928088188,-10.3909453311253,42.1066732036004,3.26856923722493,0.485707395222164,2.64848449829595,49.5286581037956,6.53716345516,0.749247168357365,15.7350245145794,56.8633929123598,9.81617081488122,1.02849062120029,28.8713417171621,64.1059382316646,13.053179634403,3039.16962343335,3.2,110.062406751083,106.201177218367,26.0452271873939,6.27,190.204967916086,149.511742398945,0.0278584753797813
c70615ec-59a2-42f6-93aa-25b481222b52,1770802209.402,-23.344,34.627,0.0609999999999999,40.7593026893022,20.7152238284556,17.952904239645,0.379031164337175,-10.0047125980683,41.3913535754126,6.28625432955858,0.806046790356259,3.39022497231986,48.154922853831,12.8938258558693,1.29327836845943,16.7947270178507,54.9007783130483,19.2601041835776,1.85891523311628,30.2008634885748,61.6436067465336,24.4960106821723,11209.0496474947,2.72,47.1156643317736,70.2236794201719,27.4723930798566,5.47,89.7159341592934,93.9094189623756,0.0671981357374681
296d1175-5d7a-4960-8e40-5ad573debfb1,1770802237.102,-23.344,34.627,0.0610000000000004,39.6862898264781,18.4925611970451,17.751489006051,0.396934924234887,-9.7538390882621,40.9267250486268,6.92738902713308,0.842495072016996,3.92023370229647,47.1733238975168,13.6695699377445,1.3482674396716,17.6407538307059,53.3339002796447,19.842490354661,1.93103265349092,31.4137227274917,59.3973392876384,24.7304399076076,11399.4172658079,2.72,47.2923862625084,66.2395311291743,27.2093585095704,5.51,92.352704470635,85.9864780119871,0.115684095634644
d5f8e56a-df36-47aa-bc5b-bab15a46ef01,1770802264.565,-23.344,34.627,0.0610000000000002,39.665194031127,17.9403557220113,18.898500125528,0.394845426754055,-9.68160117721677,40.7929373314102,7.29593202690809,0.83491936905707,4.03896495629007,46.9534285101197,14.1642586190529,1.32993999959697,17.7771385940289,53.0813098339347,20.2570082806683,1.89394544844799,31.5380711159609,59.1670407256766,24.9663346319289,12048.9875093304,2.7,48.3872718509283,66.5259102461406,27.4456670949852,5.59,96.5789807090792,86.9938725796224,0.0173252023277782
7325e492-2914-41e6-89e3-6f054fee5e76,1770802405.239,-23.344,34.627,0.0609999999999999,45.7284899433593,26.9455162573647,15.8932321587549,0.326733038353794,-10.4708978443105,42.2547486956791,5.36962580229562,0.686363930059272,2.40099097922484,49.987026742413,10.8462239414522,1.08517077539133,15.2129148556949,57.8303624493808,16.3092345638237,1.53277490456335,27.9395143217051,65.8317226331516,21.4865433903817,8929.82043492477,3.04,60.6506804015827,88.2759316821756,29.5404019082379,6.11,106.497597064789,130.200605059328,-0.0312750292315954
74662924-4467-404d-8961-9563662d52aa,1770802428.272,-23.344,34.627,0.0609999999999997,48.2104876466246,24.5891720855976,18.0443146084604,0.325165472133616,-10.0398105652895,41.4563565197878,5.82405872829695,0.682090389906783,3.26535587044345,48.3861857994115,12.0027200256796,1.07678778663439,16.5186157981737,55.4121481636422,18.3648915961263,1.51863948942301,29.7072121341874,62.5578702800251,24.5782815570205,9414.51007753457,3.18,67.0870127367127,84.0876787387746,35.5816515587775,6.73,122.727313087776,119.394221065665,0.0152170746392587
d24fa14e-ba1c-4e47-b969-0cf533f39333,1770802456.127,-23.344,34.627,0.0610000000000004,47.0979586193398,21.7854092273848,18.3458309548947,0.333236604349495,-9.6073930139181,40.655500622307,6.17066077735413,0.701776249617718,4.18355807544298,46.685635836484,12.3951873314076,1.11318694919045,17.9841850240656,52.6978509432829,18.5565491095377,1.57921272696194,31.7932864993597,58.694370862313,24.3786630889456,9484.8936736265,3.14,67.0632900801551,74.0276343826673,33.2533711444777,6.19,116.202345432441,97.211931103109,0.124973913545115
2c95d370-e875-4cad-ad6f-581aaad1d940,1770802515.435,-23.344,34.627,0.0610000000000004,48.4617316787044,24.431223026309,17.5383790561998,0.316052465630545,-9.99805793719769,41.3790288573546,5.78398401787786,0.663335688723402,3.36691088733534,48.1981015416409,11.7421103151975,1.04796000378238,16.6995228572706,55.0771005118662,17.7935132663691,1.47953056637242,29.9880686207199,62.037711991186,23.7259232819948,9609.84937446992,3.3,70.9668492410305,84.7891985410517,35.5826250555587,6.55,120.329306269186,117.431338027256,0.0940977828356967
c21ca420-ffca-41aa-a3dd-ce17ff9a62b2,1770802580.677,-23.344,34.627,0.0610000000000004,45.1258765851742,24.7746469224495,16.6781565058315,0.330340233982687,-10.2284889292593,41.8057969623255,5.52108066874309,0.696165874432148,2.95530307124553,48.9604169146393,11.1023727666969,1.10480504471704,16.1667584222408,56.0638031524241,16.5965560200498,1.56726518375624,29.406300336088,63.1151718681895,21.6772073693762,9709.45034489595,2.88,59.2965321328682,78.8817423651759,28.1204806598604,5.67,107.747074341341,106.542083327481,0.0416221453454827
0867e85f-3623-483b-a6a6-3804362052ad,1770802605.735,-23.344,34.627,0.0610000000000004,50.1025963112245,22.0379928412761,18.3206409541009,0.322197329625642,-9.65325540448285,40.7404397415446,6.21052797203885,0.676207682301499,3.98923117167457,47.0455376175948,12.6417698467457,1.06810518640258,17.5147412884501,53.5672809259714,19.1761330577988,1.50737592908917,30.8898477377496,60.3675782933102,25.5480379375168,9159.08756372599,3.26,69.689128522197,83.5651078602772,37.5860518030769,6.73,121.441861798805,125.7151384533,0.135606896524715
fdb53d5e-f158-440d-9363-ef2bc17991fb,1770802725.902,-23.344,34.627,0.0609999999999999,55.7241504479627,24.8835711467352,15.8717588836041,0.277536111955723,-9.63735225297133,40.7109864211691,4.56231709514866,0.578716878131586,4.16302971360398,46.7236552452528,9.24108008282427,0.907211657236657,18.0199870164465,52.6315441140414,14.0229117356448,1.2688982759465,31.9421762386171,58.4186206635053,18.8088591574142,6599.75098015069,3.36,91.1224950080037,80.9426312961837,32.6440990605107,6.47,150.557913914731,104.038064232127,0.000999220801465872
896578b8-c8ff-44ee-9a60-8b22bbc471c9,1770802758.761,-23.344,34.627,0.0609999999999997,52.1706739928077,27.3403834713921,14.8081220738063,0.278729802007797,-9.97844922995393,41.3427126884379,4.02409481962647,0.579122432328143,3.41566058460381,48.1078150062447,8.12176200479657,0.903786748759217,16.7925403930354,54.9048280362231,12.2691849739654,1.25696810632651,30.1494117592905,61.7388975614004,16.3576645737523,4539.79581038619,3.16,85.4831975900969,90.7387728886646,27.4632070559539,6.03,146.278622841507,123.591140271005,0.220118264465668
eb6fed37-af65-4e43-b181-8a89f0e68b53,1770802788.307,-23.344,34.627,0.0609999999999998,56.0257868768281,29.0783896377979,13.223052914993,0.265338498280889,-10.0761527284403,41.5236637685205,3.65019562910634,0.550264389047704,3.22492808663911,48.4610597932609,7.49492307944749,0.857000251663742,16.5141585804358,55.4204031225365,11.5250419649955,1.18934821603887,29.7890277941061,62.4063441600877,15.6513969264564,5784.48701269179,3.36,94.1683788082113,97.1082700728656,29.95960408139,6.41,156.351645030966,132.678664023916,0.1696126479795
85e72a31-8620-4950-858f-585018fc4991,1770802843.053,-23.344,34.627,0.0610000000000002,54.6665599845104,28.6641501071597,15.1591998290902,0.267499857330389,-10.3069442605648,41.9510996091898,3.96872407009091,0.556249670619896,2.84523207080929,49.1642731400895,8.12513818539656,0.869232233744268,16.0818652014044,56.2210290475048,12.462715558001,1.21133681873767,29.417194328993,63.0949957249285,16.8925365653992,6374.71567993428,3.34,91.2895457012867,90.7700339685177,31.3304829733918,6.37,148.879681035652,112.349667569914,0.177863031961295
a55e954c-c916-4815-9d05-cd1be7eb08e2,1770802874.658,-23.344,34.627,0.0609999999999999,54.4039282032548,29.274159660289,13.595095712999,0.270631910895895,-10.1691025384435,41.6958108131414,3.81014354151212,0.563422918389188,3.06689825315304,48.7537378395702,7.83609967919905,0.881517927789361,16.3229857636968,55.7744633988549,12.0681004763865,1.23000477907915,29.6008954713857,62.7547733107535,16.4087790808311,6539.7517536983,3.3,87.7523587269125,92.7500407855635,29.9917843063653,6.25,144.683325899774,123.922951554727,0.146533537189339
a4372428-146f-4652-89ac-cdd2c966b669,1770803056.723,-23.344,34.627,0.0610000000000002,55.1193627134965,30.9978181679577,12.9898075100213,0.263714356023357,-10.3368227747754,42.0064359021724,3.45487180751597,0.547046316082464,2.6528927394457,49.5204938516484,7.12897542842133,0.852227631000919,15.5718790464387,57.1655453340027,11.0190287862859,1.18302493851215,28.4063873658257,64.9670536816416,15.0416586999486,5654.03820291303,3.38,89.887288979458,107.22597086529,29.5838268340036,6.39,146.261920508383,156.134503104781,0.131391264811662
7bf02ac5-3853-4904-a6a1-05ec3aa97e97,1770803109.105,-23.344,34.627,0.0610000000000008,65.4298164807463,35.1381694519301,18.2736160623564,0.225173623824231,-9.89096285463709,41.1806841597635,4.18495662935212,0.464361740596201,3.64967855739082,47.6744036587436,8.48678327988529,0.718771527367746,17.2397766325465,54.076527291159,12.9328645953141,0.990773225765656,30.8859786967803,60.3747439235397,17.4925430141138,4574.56282064199,3.9,132.408361921484,101.044871197706,43.8320710681493,7.63,211.636828258158,128.064328579234,0.00694126548392871
d378801d-5db5-4489-8157-078d3994a210,1770882691.336,-23.344,34.627,0.0610000000000002,26.5520233898351,10.0995346239488,15.8093711184413,0.62831238022081,-9.29386808775205,40.0748389786456,8.48319957086708,1.35773097628335,4.71310101798337,45.7048995385288,14.0165660118877,2.20525540156882,18.7091639971111,51.3551587138122,15.0726772470457,3.16775381462595,32.881437652444,56.6790681403621,9.80260045705001,9585,1.94,14.5349930141316,49.6866474523744,15.3388343110371,4.01,44.9171952079024,60.4471602204636,0.0327847525928016
c3e10803-1e8c-4b23-b9bf-71fe805c5f98,1770882734.544,-23.344,34.627,0.0610000000000002,27.1651076837774,12.3942550419503,16.1211736475199,0.591809767062691,-9.73898441477892,40.8992135546404,8.28457521175458,1.28069007888299,3.83377759622832,47.3334443232449,14.2346599678919,2.08388364136624,17.3145884918466,53.9379725111045,16.3925940626144,2.99881822466648,30.7053708776867,60.7092373699633,12.7988245318028,10179,2.02,16.3150455761158,53.4404853335384,16.4056669892062,4.11,46.0199798164994,68.5708488878055,0.129674613917762
e9502707-7ff7-49ea-bf36-73f4284055ec,1770882760.637,-23.344,34.627,0.0609999999999999,25.3081237088284,9.68202989810242,15.6659553052511,0.657759846612054,-9.31915413783656,40.1216698306079,8.62928075235481,1.41774544458959,4.63378229016343,45.8518012328606,13.8868319947061,2.29104305537971,18.5421426516919,51.6644894268232,14.2200719200406,3.26357269539156,32.5819435006325,57.2337441866479,8.03453153244973,8809.38238470779,1.9,12.5339433920848,49.160401688614,14.7944144390857,3.93,42.0397636230671,60.5395162674587,0.17365794933721
65b47951-96de-4836-8f64-e0cb8998c688,1770882797.61,-23.344,34.627,0.0609999999999997,27.0366545985671,12.177079176714,14.2941131868356,0.595195200180633,-9.68813352306724,40.8050355167918,7.4347514455014,1.2790439988817,3.98032935868658,47.0620241579933,12.5926997042415,2.06478625706791,17.611871009891,53.3873925056474,14.1839807710748,2.95163110443774,31.2075881678959,59.7791093550265,10.4721420640614,10995,1.94,15.5674572485502,52.4330852270267,14.2392078633415,3.91,44.9284987878825,66.2769980436029,-0.0252462996644521
45194ff7-422a-43ed-84fb-da01c4e2bfb1,1770882850.509,-23.344,34.627,0.0609999999999997,26.3427110633671,9.78077126028312,14.8902569862291,0.632504595348258,-9.25114584736744,39.9957155525564,8.16787596869541,1.37480645340937,4.76021012410138,45.6176514484825,13.5063296741135,2.24576593362134,18.7260992216933,51.3237939497344,14.2684390224623,3.23437317580681,32.8683031012512,56.7033938939079,8.31207893595134,10895,1.92,13.7422484292461,49.2988684328864,14.6610883716384,3.93,42.6849337867793,59.8315471530593,0.00927567770019177
b683e625-d4d3-4b64-9548-e2cbdfa3940c,1770883070.758,-23.344,34.627,0.0609999999999999,33.5468605160037,14.5367089191872,15.1886951350341,0.466866446816885,-9.56371837897874,40.574613320553,6.585955881452,1.00151854216733,4.28367007403734,46.5002241106449,12.4346863106025,1.62355409475497,18.1408507909089,52.4076992070457,16.9936120209772,2.35991960783623,31.9738043549972,58.3600440320784,19.1668207879187,9234.37886378938,2.44,33.3379227986451,58.9557284051151,19.1873368345415,4.79,66.4782173279157,75.0818255804105,-0.0375924793637925
d2694cf6-767a-4eea-81ec-99e02d78ac28,1770883094.807,-23.344,34.627,0.0610000000000002,37.6496259497351,15.974284424489,13.2164147969881,0.406083969345675,-9.5665079677479,40.5797797588954,5.21390763436542,0.863792462147492,4.11698605514677,46.808930080421,9.90057523265938,1.38568566278287,17.6195862985762,53.3731034592739,13.7827400047148,1.98938585092189,30.8850108245435,60.3765364645372,16.3138254431155,8309.55191331037,2.4,38.7250375716709,64.8535571026901,16.8245193371365,4.79,74.598459213058,88.9755193020528,-0.0293424616846559
b60dae46-d43a-491b-b6ac-4e5efe1395e5,1770883141.869,-23.344,34.627,0.0610000000000002,34.5520597795569,15.7308799103844,16.3338901339548,0.4512005441757,-9.68484471501658,40.7989445028755,6.76440186902679,0.965812875150885,4.07674375311226,46.8834605540578,13.1832536976085,1.5615886232414,17.8991406755506,52.8553567333222,18.639053160696,2.26344842206177,31.7728853555034,58.7321546579079,21.9650117930993,8199,2.56,36.9931593014664,60.9296406180538,22.2976573784756,5.11,73.8679546785128,77.7832250597779,0.0611197500665722
603b3410-e898-4433-ada8-6b817fa3a541,1770883179.484,-23.344,34.627,0.0609999999999997,34.14747883467,13.6273966170555,15.6595446150397,0.461407187081632,-9.33787742094836,40.1563461559623,6.49289833407658,0.993070777275584,4.78730656237821,45.5674676797481,12.4879336013134,1.6164126221906,18.998976267751,50.8184139277409,17.3085752740359,2.36058395523232,33.3020681257899,55.9000424181848,19.634340835482,9900,2.44,34.6894969862559,56.3835936902585,19.6533710122313,4.85,70.6479743102986,69.2661245350157,-0.0834946626493398
f314f372-d0b4-4c19-a6b5-c767a5bc0c95,1770883230.174,-23.344,34.627,0.0609999999999995,34.7872095198803,15.2740900882185,14.1573586433931,0.437461538121513,-9.65148647788945,40.7371636134363,5.84871598078893,0.930497124375726,3.95937736526014,47.1008281506766,11.0103808786313,1.49142485213978,17.4021545092748,53.7757964818156,15.0889795620171,2.13601417877112,30.6206499875407,60.8661441011958,17.3583718147326,7154.2706826063,2.36,34.7518087172366,63.2189416725526,17.5292851209284,4.65,69.5846833030648,86.227007354197,0.170653881687962
f9d7e883-6760-40aa-b721-732613487181,1770883326.862,-23.344,34.627,0.0610000000000002,34.9604033639713,14.4859488554041,16.1410472506466,0.459074560250719,-9.45281382001483,40.3692133088697,6.97331962489828,0.983745356106363,4.49742974712591,46.1043320052166,13.5320151280061,1.59198590305678,18.4570069381605,51.8221644288013,18.9535760941291,2.30767868316693,32.4122000896628,57.548116282097,21.9183375268455,9234,2.5,35.793545942672,58.9441835393367,22.0514658663307,4.99,72.8739546018153,75.1620181460743,0.137040740442802
ab8c6a8e-0c4e-4b35-acdd-f5f5a9cfe594,1770883485.63,-23.344,34.627,0.0610000000000004,37.2433796294507,13.6852931529221,12.5897013668397,0.412994337045158,-9.19240248428043,39.8869203183739,4.72942471276151,0.876835793479673,4.92429421973882,45.3137606483582,8.98800431185491,1.40231166892528,18.9318158514393,50.9427979063976,12.4602964669685,2.00325633598499,32.7912938061419,56.8460184195625,14.5331110652761,7424,2.28,38.5334403447404,59.4176335815806,14.7632367742332,4.35,74.3234809514322,77.594905621605,0.161525288775259
4ffac25c-0323-4407-9839-d39927d28b90,1770883507.21,-23.344,34.627,0.0609999999999997,37.9265413866525,13.615303754509,15.6231691424126,0.420480294888126,-9.10033803782475,39.7164130051103,6.26651190170777,0.892490026134682,5.21265586366019,44.7797024853412,12.1669928695242,1.42705146843981,19.5351254018474,49.8254426789825,17.2482870710163,2.03866988984135,33.8366890384114,54.9099015013057,20.7161550623189,6009,2.52,43.808550083254,58.5518630438598,21.5630258475214,5.03,86.4092046062699,77.3893425463609,-0.087001915112353
0bf68dc9-e65d-43dd-b6aa-7e80267cd522,1770883531.909,-23.344,34.627,0.0610000000000002,40.1368608669548,12.7639972710356,14.0859681524686,0.39766772152109,-8.86651712659709,39.2833666240901,5.23817028605571,0.842889546971716,5.58854737503794,44.0835352443374,10.3618516790249,1.34618638326091,19.9577948929948,49.0426406081667,15.023220258062,1.92229872262003,34.2217743887335,54.196706875276,18.5753861229484,7060,2.58,48.2251420579067,59.5265855917895,19.9996698982135,5.07,91.0146843773857,77.0002674900621,0.0974860160562209
203ce8dc-7ec2-4973-8a03-bb5365de27c1,1770883613.106,-23.344,34.627,0.0609999999999999,39.9124486150635,13.3801351182413,14.3725420947423,0.393451679455911,-8.9431899643156,39.4253680161907,5.16243084276831,0.835011707472399,5.54209021103753,44.1695759095508,10.1475846359608,1.33606832013066,20.0714414256603,48.8321623432933,14.6388708139031,1.91307684190101,34.6506596200592,53.4023929863964,18.0251790273518,6800,2.54,48.3699556277155,57.6031631747649,19.3118343288952,5.01,91.6275625935312,70.8704235401388,0.0575144865264211
5d8b7b34-213a-468b-8ec9-39e039b23e34,1770883631.32,-23.344,34.627,0.0609999999999991,32.6910670924678,10.8127457427446,9.56029965523896,0.458577780969645,-9.10644013819885,39.7277143573707,4.17635051102494,0.958173559161326,4.76622434118583,45.6065128598532,6.67596572552112,1.49553606680377,18.3301885579298,52.0570375217056,7.26692503529072,2.06273896116218,31.7844975375671,58.7106483974455,5.78806184230199,2449,1.38,15.5030386096777,50.6723396107469,7.31211427773658,2.93,52.2614322037811,67.8479195338727,-0.0253429932178709
811bdc3c-940b-425c-bafa-9149d5e0e93f,1770883653.217,-23.344,34.627,0.0610000000000002,39.8556492070308,14.1199648252269,13.2146002521264,0.390125021893711,-9.08220869350068,39.682836679928,4.51614609251384,0.823798989746361,5.21758238211771,44.770578361336,8.639475039288,1.30986125178282,19.4972447398066,49.8955992938091,12.1640386872705,1.86086351108892,33.7362481593633,55.0959223278857,14.673776478502,7299,2.4,45.9774086146358,59.6986165223502,15.5079291348166,4.61,85.4618245144027,76.6063446339957,0.155283073527857
8b73a4a1-4cbd-4877-a0db-002aca230d5b,1770883676.223,-23.344,34.627,0.0609999999999995,41.3038585451178,17.6279033714346,13.9657309745837,0.371540779091572,-9.5625224367634,40.5723983841491,4.84255460958359,0.781607567254619,4.25313619500126,46.5567741674626,9.47386381836968,1.23734590633048,18.0491649826823,52.5775052660289,13.6842064765011,1.74914597183691,31.8108147444061,58.661907798838,17.0763471698304,7160,2.58,50.9097395122756,67.3489058813417,19.2356422995649,5.05,94.1901576137033,89.6534156289627,-0.0419839316396966
73507cd6-1a6d-46e2-9ae5-64ef59096960,1770883702.74,-23.344,34.627,0.0610000000000002,39.167920815081,14.3798133182512,14.873022978453,0.401481181201592,-9.18736474050455,39.8775902002968,5.77196795955677,0.837844681568417,4.94913232076266,45.2677594173164,10.9319166740583,1.31330169573793,19.0092888319776,50.7993146153914,15.2103098164596,1.83395189591499,32.9821681806045,56.492510871172,18.1871156830881,4745,2.4,46.7205755131685,62.3075388342155,19.3117519243705,4.77,93.7090501548412,83.8516677087907,0.198147532218206
35885518-52c2-42ae-884a-5458e1157d30,1770883757.887,-23.344,34.627,0.0609999999999999,41.6389958687523,14.7196860326948,14.3187970305399,0.372082244262873,-9.27197832750165,40.0342982014839,4.95334229416644,0.783940696388941,4.82967139039415,45.489006196733,9.7221903190995,1.24269385623023,18.9021133495752,50.9978082169465,14.0738549457972,1.75809938549568,32.9241173256895,56.6000235504448,17.5699380092042,7269,2.56,51.6974866601508,64.4208821190771,19.7067494643666,4.97,96.8820232125562,86.5817553409382,0.0120508100704367
6e5e44b5-bbb4-4fd5-a817-b0813451d116,1770883803.01,-23.344,34.627,0.0609999999999997,38.2793576154719,15.7704524605609,10.908883090604,0.400634530768937,-9.49342138227365,40.4444202601466,4.28401222025878,0.837659328959453,4.26678582830615,46.5314944596986,7.96540358142552,1.31502145977981,17.8721508132766,52.9053431187171,10.8223443427545,1.83778989429116,31.3043973963398,59.5998145015128,12.4767121158174,5715,2.1,37.5468323946471,62.8603024956456,12.6984277306412,4.07,77.7307069018171,85.982925885404,0.0801560187757479
ea035aec-1e72-4e16-8f9f-5bd8212b8838,1770884001.649,-23.344,34.627,0.0610000000000002,43.2933085368475,15.1390881627582,11.3611572126583,0.353130109877298,-9.07620215125556,39.6717123054312,4.11705198243246,0.736921082661318,5.16282387455952,44.8719934717452,7.85403747824453,1.15483788171618,19.3078290086482,50.2464053720841,11.0854971883393,1.61172961845259,33.3351546902682,55.8387646781722,13.564341824615,4549,2.34,53.101456601481,64.3076128093118,15.0893522308506,4.49,100.466512439814,88.6005304170546,-0.0525555044454676
cb03a051-c0f6-476c-99ee-64f7dc7ac1e5,1770884217.893,-23.344,34.627,0.0610000000000002,47.6218216503273,15.910535775391,13.3650747035904,0.329833478488344,-8.94589428690365,39.4303765378995,4.18632093690012,0.68967483571635,5.504369045579,44.2394371298493,8.42585223109817,1.08393904409817,19.9516031341142,49.0541080118359,12.5859050994511,1.51921120583854,34.3814903930995,53.9009059679982,16.3962018243438,5079,2.78,68.8684825137804,66.0312877960023,21.3930414751611,5.45,123.378381947337,91.2410823056508,0.0186583067025496
3b6e9935-a6dd-464c-8e8f-c2739194eccb,1770884272.512,-23.344,34.627,0.0610000000000001,51.5229660906783,12.4953877742858,7.23183049545517,0.314597418281907,-8.30803907824619,38.2490412660723,1.95314905431371,0.656445627376106,6.80904350771184,41.8231239298462,3.91480560385518,1.02847335756061,21.9580490938005,45.3380838248082,5.83155698280228,1.43469350817276,37.1357275466361,48.7999403377289,7.52721035292581,3875,2.24,63.828472933008,54.8055900071018,9.06145084346547,3.89,110.518710547663,65.8308279422028,0.104769530533804
fe8d0b6f-f8d8-4715-a2d4-38313fb6fad0,1770884326.33,-23.344,34.627,0.0609999999999997,45.2612617450338,10.984251676044,13.7003475544139,0.361889803941795,-8.32518807199122,38.2808019398308,4.63116460944173,0.758699332823429,6.72942215434029,41.9705860997114,9.13519795155951,1.19572528807772,21.7669826444043,45.6919471042345,13.3099480125357,1.68043000673598,36.7820242333142,49.4550140819235,16.784383724266,5075,2.58,60.8886735931321,55.6362836458809,19.4674263941597,5.01,113.513308308034,70.0178142855417,0.0770166280830331
b51446da-4ef7-468b-b655-64481ddd6a2c,1770884387.391,-23.344,34.627,0.0609999999999995,50.3849772227585,19.9465461628451,11.9068314879086,0.302554417816046,-9.37301094297284,40.221414949362,3.42969428491601,0.631776636371809,4.55660759728971,45.9947320822866,7.05502775358245,0.991598016186677,18.3811893329291,51.9625818935639,10.7878078879822,1.38811898663302,32.0774192327923,58.1681448233487,14.4163772158599,5074,2.8,70.3867617054514,77.8353044366211,20.6977276517119,5.43,120.689533340049,110.574704017009,-0.0292839646075189
530d1852-905d-43d9-a8fd-0af59144b6ac,1770884447.189,-23.344,34.627,0.0610000000000004,44.8958731806222,10.0514128342943,14.6064257860099,0.36803519864273,-8.20765235909314,38.0631207459465,5.2038151869115,0.7728169975683,6.91544916833361,41.6260560713283,10.2437628611636,1.22062302271593,21.9710683095656,45.3139716774337,14.8920281495746,1.72059969462354,36.957169876747,49.1306368196769,18.7369780634006,4424,2.64,60.4676574819542,55.3742836355722,21.6082225756476,5.23,113.067051897931,68.3698447852805,0.0299348363804463
20e49345-8fd2-460b-96e7-52782077e892,1770884465.34,-23.344,34.627,0.0609999999999999,48.0028059898958,19.4605626587712,14.0040012376896,0.316799499466807,-9.44052065611867,40.3464458407738,4.33937825440101,0.660138290996895,4.39746715254836,46.2894670283928,8.51843259502773,1.03346379438036,18.1018837563914,52.4798678304092,12.4905912476817,1.44204766171197,31.6443604131337,58.9701883772695,16.1117715144546,4675,2.88,69.5715307669818,80.0898543928105,21.9917091066822,5.35,116.132233097132,114.671473050033,-0.0745444999916431
418ec305-9548-43cd-8000-efd58a41e2c0,1770884557.903,-23.344,34.627,0.0609999999999999,52.3389303273957,24.3215189337658,8.88548958196739,0.276198863493783,-9.77483621951311,40.9656126385019,2.4445442624245,0.570328174330282,3.79430123616139,47.406556239425,4.83628369178892,0.883658100715564,17.3125326726813,53.9417799765912,7.14798470399282,1.21864035339849,30.771848791842,60.5861174146456,9.27534629497666,2910,2.48,73.6766908897011,82.9905926112047,13.0586435020222,4.77,131.936530819467,117.718273819243,0.0237913469422471
351f522a-5f58-4569-a10e-d73c93e88f29,1770884577.473,-23.344,34.627,0.0609999999999999,49.5628654348542,17.0201710905572,13.8011311619721,0.308059552886709,-9.01953650113935,39.5667650850044,4.08949844221089,0.638032259956099,5.31986347124426,44.5811493865684,7.9803016784876,0.991669401251611,19.6148336525563,49.6778195715123,11.5965243254768,1.37189559331481,33.8482732020699,54.8884471321342,14.7757683054372,2585,2.6,73.0938600325426,70.4726064318272,19.3495160238187,5.09,134.036838797094,102.69870419802,-0.0861963616402024
0fa1b66e-68d2-4f41-a33e-4ebd55383d5d,1770884651.083,-23.344,34.627,0.0609999999999999,51.8442679468458,22.3505636724384,12.6275080408176,0.282976253689212,-9.54978503975271,40.5488081772248,3.61941874786019,0.588188969782889,4.32127347448066,46.430580996218,7.13767203902105,0.918187025081732,18.2257731254488,52.2504193921344,10.5456840087664,1.27711396592718,32.1640923036977,58.0076225694132,13.7521633642057,3624,2.84,81.365152604244,77.8884101049623,20.5319452785273,5.19,136.998086492843,102.161812766985,0.157074941643217
68683a15-7f57-41bb-907f-39c8bec0785b,1770884676.158,-23.344,34.627,0.0610000000000002,52.3378920840669,21.9763100642848,13.9818126711404,0.283761107137225,-9.52528782381513,40.5034382800195,3.78938498745293,0.587201550656969,4.23886129620854,46.5832118937941,7.43163241440227,0.911965332833226,17.8885435448165,52.8749830750788,10.8869611214414,1.26095165384333,31.4063669417702,59.4109625190659,14.0364206402929,2684,2.66,75.7624070452158,83.7777662070675,19.8771509437991,5.15,133.01338125613,123.981799262875,-0.0582143252041994
f318fcde-a0bc-4b2d-962d-8f341e80b6ba,1770884700.619,-23.344,34.627,0.0610000000000001,51.4182095158389,18.8236254786727,15.077541058119,0.295475273371422,-9.1529374373612,39.8138293546297,4.12582094266071,0.611431127139662,5.09600360223595,44.9957474891108,8.15502848682559,0.949655963155529,19.3593986441643,50.1508961898064,12.0146901900398,1.31331359672728,33.6406835932219,55.2729120132994,15.547399964168,2465,2.74,80.9415227030746,71.8151695026862,21.9406428664292,5.59,152.798196068358,94.7617010186234,0.00441615927054934
d7de3916-cf81-474c-bc66-84dde3a9afd4,1770884769.487,-23.344,34.627,0.0609999999999999,46.6078734361907,19.8304702840996,17.9558250382189,0.330611212206342,-9.53297123533621,40.5176682885146,6.02189366100069,0.688697108330372,4.30277045681671,46.4648493804923,11.8767109871677,1.07788059761766,18.1112183625296,52.462579738488,17.4528313842507,1.50387337667241,31.8823965870082,58.5293351485868,22.5324943078642,4699.71541691622,3.1,73.3807877271347,77.7453160220519,31.0767178433091,6.37,134.366097225511,111.838668845118,0.0659749531452489
277fe8e7-88f4-4c47-925b-ab32895a61bd,1770885976.841,-23.344,34.627,0.0610000000000002,26.587470724738,14.2702475994658,12.7460992449323,0.585816531415707,-10.1593181564101,41.6776897169237,6.77420913392093,1.25949079162799,3.08449631598051,48.7211454705627,11.5692968401651,2.0300374708389,16.3144941209151,55.7901902863956,13.0656947377081,2.88675754086289,29.4712687357514,62.9948475986142,9.52052343620567,8030,1.9,14.1964493808863,54.6512946750512,13.1192261712133,3.75,42.053816969977,70.2271055383786,0.153774227448995
ed27ae85-2056-4209-8108-f55e605cb28b,1770886028.29,-23.344,34.627,0.0609999999999999,30.3101522014843,16.9793641719558,14.7875010814881,0.486185556806669,-10.305138939078,41.9477560761741,6.54599561818885,1.04491922537153,2.75899407379403,49.3239896184738,11.877973666688,1.6927036113107,15.8075545714035,56.7290641285998,15.2642812164471,2.44352724742409,28.8492892731898,64.1467803060741,15.5021104331771,10144.4931366727,2.12,23.4507109182952,61.0768395058476,15.8803475345145,4.27,56.6751124694213,79.7406627173625,0.0571769383667219
b5818780-5882-4b40-9da7-b45fb331193f,1770886266.997,-23.344,34.627,0.0609999999999999,32.6834862382511,17.1725045479436,17.3001996150852,0.481522536469711,-10.128875253675,41.621308152127,7.64339382595651,1.03185982319602,3.06902361869588,48.7498015712021,14.4264061664666,1.6681959423066,16.191238527546,56.0184649448457,19.538469325853,2.41059087956482,29.2224763351137,63.45562182174,21.6197539025387,9909,2.4,29.0506489855591,63.356006177251,21.6200609616161,4.91,64.9347539766578,84.6480263879196,0.154889469158476
a1cd1376-f994-4d8c-8776-fd07562246f2,1770886283.788,-23.344,34.627,0.0609999999999993,31.6480078531113,15.2366427096818,17.9979620359917,0.494777868287661,-9.81811527202073,41.0457673045838,8.23488453636405,1.06258093163687,3.8511785643524,47.3012169821024,15.5335367110634,1.721812596195,17.6129446641295,53.3854040518345,20.8711465861738,2.49237173419888,31.4213235298764,59.3832622748157,22.5719555653815,10985,2.38,29.5343121087059,58.5616462727789,22.6313730795514,4.85,65.9718351404324,76.5155024554469,0.198185775324009
c1c96b0c-5a63-4f85-8b1a-8993dd500079,1770886306.459,-23.344,34.627,0.0609999999999997,32.3451332811084,17.9058073313205,13.5765418561023,0.469477159575513,-10.2832554814662,41.90722697177,6.40616577926207,1.00206736180827,2.7626703927357,49.3171809177258,11.7486532852547,1.6114129399481,15.7400269381807,56.8541282087648,15.4589792709598,2.31229538449413,28.6406181388369,64.5332482189757,16.5854703787381,10754.5832090323,2.2,26.6942063038484,63.3624827352799,16.6300993825167,4.41,60.7379185174293,84.1584700483882,0.206189601871135
76fca127-4f7e-4b9c-9522-b7b6fd3885a6,1770886421.252,-23.344,34.627,0.0610000000000001,48.5378386798169,25.9045331689317,10.1472053795648,0.295075075565741,-10.168725009883,41.695111614015,3.12063630432948,0.615363740219656,3.0025931727698,48.8728336133185,6.3054134073679,0.96444441550814,16.1184658819126,56.1532430135109,9.52051109271074,1.34791670816921,29.1682309047741,63.55608669108,12.6325640207497,7340,2.86,69.6381868253121,87.928339898935,18.6738993200713,5.33,117.194100727171,119.54924641151,0.163451832382383
49e66b58-2fbb-4d33-9b35-48276b459388,1770886461.134,-23.344,34.627,0.0609999999999998,45.374256120803,24.0376655404847,5.43315818604933,0.306799458337616,-10.1370413150397,41.6364320488847,1.31400148220988,0.637413676365805,3.09682795137931,48.6983067515899,2.61338118705274,0.994103799257824,16.3122957719075,55.7942617232784,3.86005624388914,1.38033705793973,29.5067777200818,62.9290834328805,4.90730240511557,4564,1.98,48.0192508529427,73.0366720419401,5.59678914103459,3.39,84.88653867108,93.5377617339306,0.0575027468959851
aa448d96-aff2-492c-8f6b-7cf3de3b9275,1770886477.801,-23.344,34.627,0.0610000000000001,47.5159573338018,25.636520744386,15.1562816324062,0.310308457333001,-10.1719007350713,41.7009931936081,4.37503449833055,0.649012926027568,3.07363543774604,48.7412602840302,8.86607549479915,1.02080790160393,16.3553428782335,55.7145366314978,13.3974432701761,1.43305420709139,29.6800557313594,62.6081651056866,17.7737111984271,8819,3.04,70.509236066708,82.905793072692,25.8900032833257,5.93,123.732144086132,108.18088537086,0.212584673848147
2a7ae53b-645a-4fd6-a837-abd62303571c,1770886495.648,-23.344,34.627,0.0610000000000003,42.2856838415999,21.3132594137656,4.35833562527789,0.327527941097461,-9.95699945092325,41.3029867754127,1.26874386363302,0.676318445662398,3.56348711700316,47.8340339122518,2.12639067726802,1.04962998613514,17.1932064985259,54.1627771817072,2.55424307737923,1.45348485557284,30.9589859458627,60.2395313592,2.44674484186015,5464,1.18,21.7485345820902,56.2121361754027,2.58451844956409,2.35,57.8801137090302,70.8694032230614,0.0891531222400292
57c0abc7-b722-4df8-a353-9ef993f17a41,1770886524.914,-23.344,34.627,0.0609999999999997,47.4985446015364,26.6389167576429,12.4424381804918,0.309469922069817,-10.3064928446514,41.9502635675089,3.65412363152612,0.645129625565443,2.76311377472803,49.3163597552123,7.51698275611009,1.01058521555917,15.8210278927443,56.7041109581742,11.4886703152429,1.41143978516702,28.8657080481559,64.116372028891,15.3441955037857,7604,2.84,66.6223562072028,85.7812488925933,22.0786956886831,5.39,116.716139549113,114.757026319342,0.00795968943216229
9e614447-0628-4b65-93bf-090af81df426,1770886569.272,-23.344,34.627,0.0610000000000002,45.9272896289623,20.5897544446297,11.3945426027361,0.331217995243273,-9.63705197880099,40.7104303004949,4.25367590618321,0.695398911601686,4.19315679887001,46.6678585879879,8.21100962524119,1.0980898568599,18.1160596371732,52.4536134896913,11.7745956920216,1.54729667363461,32.1473277982558,58.0386711543029,14.7210371960898,8759,2.5,57.697562907883,67.4970659222807,17.2669668888824,4.89,109.499178182761,85.0548133255479,0.0666082614870945
78f9a19d-c274-4ad3-b37b-8f2877f9adb5,1770886667.534,-23.344,34.627,0.0609999999999997,51.6111485249726,27.5298861509996,7.92225121562915,0.281984396230476,-10.1460132044444,41.6530483738199,2.14827168492909,0.586391517857096,3.11100322092768,48.6720535429026,4.70569981521071,0.915916459272522,16.3827436318868,55.6637892576016,7.56366027615866,1.27491982031631,29.6660667598825,62.6340732823354,10.5096922724228,5834.0594786135,2.78,74.5693351571439,86.2962191688073,16.8480335619759,5.19,126.94676328103,117.158636633138,0.119635572499092
cd2fe523-df2e-41a5-928d-42ffd2ee37d9,1770886701.663,-23.344,34.627,0.0610000000000003,51.0302276701847,26.8180382746159,5.84792571814421,0.272393323028108,-10.1370537434445,41.6364550668247,1.58802057412568,0.566286857696658,3.02525806509194,48.8308572582321,3.21685975805111,0.884062670502228,16.0918213735314,56.2025897886473,4.90201087153139,1.22948419333802,29.0554327861105,63.7649936567433,6.57488480424878,5650,2.6,70.693376917445,89.7892179907656,10.0727233012416,4.45,115.068998662008,117.691957666591,0.134491254292576
d572b7e0-5906-47e6-92dc-a491398d7fe9,1770886735.323,-23.344,34.627,0.0610000000000002,48.4607923994076,27.2495957717035,7.27559401559855,0.282300969397577,-10.3317211706494,41.996987511981,2.04207695655738,0.58610983481612,2.65455203567487,49.5174207636884,4.06410993693385,0.913558234732063,15.5604349584605,57.1867402769915,6.06246027122157,1.26810431405455,28.3714597028395,65.0317412152513,7.94697669814597,5114,2.5,65.2673272077604,89.3883734927445,11.1807591278091,4.41,109.074819363101,122.775936141937,0.082826372899848
978970c4-6289-4eab-9ad1-d91737bceb6d,1770886800.444,-23.344,34.627,0.0609999999999999,51.3799977954412,26.9406475100918,8.24498130002687,0.273320412847022,-10.1087145727467,41.5839697042138,1.91999245107246,0.567808017033518,3.14774415188022,48.6040077590556,4.15830647481401,0.885817731817253,16.3802598099463,55.6683894026305,6.64965602433091,1.23115399427517,29.5868756400078,62.780738641266,9.22211159215535,6259.48560186858,2.62,72.9701197069149,86.5970301456317,14.6802527489989,5.05,130.891237477455,118.337024631227,0.0954105825388381
99c27ed6-99e1-4de2-8add-a8810cb24370,1770886867.867,-23.344,34.627,0.0609999999999997,57.0544732720333,33.7071067377244,13.0241366776486,0.243052724649607,-10.4744544848543,42.2613357468884,3.05311738492854,0.501387924889061,2.39477168704833,49.9985451389303,6.189776576954,0.776155625585478,15.2141222758151,57.8281262554037,9.42170813598398,1.06958383724019,27.9741609382166,65.7675556096972,12.6928272281502,3459.53985379559,3.3,100.214626922126,115.638303407173,26.0029813152288,6.19,162.539618022616,171.857624227503,0.043283042455901
eb4cb084-d001-431e-8575-0349e409c5d2,1770886952.694,-23.344,34.627,0.0610000000000002,62.7474735177105,28.9846160853979,10.9750420246764,0.235327452410167,-9.74117165887403,40.9032644247479,2.67089289212973,0.486438217619631,3.91611464593078,47.1809525670101,5.56385322041784,0.754846211958121,17.585029007594,53.4371050480074,8.70486006686742,1.04331180838248,31.2672029003746,59.668700307265,12.0510566215719,4774.90146495192,3.52,115.730298441523,97.1503418207988,28.976467754003,6.51,184.092147324961,126.614716742259,-0.103316510140999
ceb61f9c-460b-4b2b-9938-0f41b7cd24b5,1770886966.804,-23.344,34.627,0.0610000000000002,56.3088266237538,34.0481697690262,8.98791996174783,0.238712536712533,-10.5466937145234,42.395125906253,2.15095970417253,0.492947000846666,2.25189476775259,50.2631593366403,4.40145213489871,0.763930190920359,15.0038990955808,58.2174686240099,6.78032026886132,1.0540351136142,27.7016858809148,66.2721911312308,9.24858359818717,4044.068495958,3.24,98.9008120251492,115.428629202238,19.8734172254075,5.73,155.470050844395,161.316106479824,-0.099811251481864
60a5ea26-8c90-4e15-9053-c3afa84445f1,1770886992.291,-23.344,34.627,0.0609999999999997,59.1703153343261,26.0996208252015,15.6609883872684,0.251368429964066,-9.62132347828147,40.6813004412659,3.91684145370269,0.519113941528076,4.14397476733954,46.7589458250261,7.85656493988996,0.804662676355248,17.9066940448459,52.8413675686206,11.8296298916104,1.11060919752831,31.6660531941115,58.93001241419,15.7812494221735,3609,3.46,110.830905246682,94.2994271788785,31.4051713302331,6.53,182.646117977683,127.699824450842,0.0273708721390883
73d02c5e-5072-4596-a662-6bd2dae5321e,1770887024.347,-23.344,34.627,0.0610000000000002,56.7896800724566,31.973816760204,11.6606158910913,0.249348347910287,-10.3025592240675,41.9429783330566,2.88218896685589,0.516264837211007,2.81596600304379,49.2184751559229,5.99324025617013,0.802626544090622,15.9727964550764,56.4230290552533,9.34504881065049,1.11169888886556,29.1717766851561,63.5495197533572,12.8749062099594,5164,3.42,102.016918210691,100.846953829639,27.7689649306654,6.47,166.282997673774,135.473457648454,-0.0133080893640032
fdb2e386-01f9-4948-a751-5b4f86e93635,1770887041.719,-23.344,34.627,0.0609999999999997,58.6204863352297,31.8560893766328,12.1892550523008,0.2380610526273,-10.2178470540241,41.7860877518289,2.81954709552814,0.490626123912736,2.91536036661835,49.0343925209961,5.72114269937594,0.758682971560003,16.0077788684693,56.3582401215365,8.72432297132964,1.04433128486829,29.0531008921969,63.769312424534,11.7833430580819,3475,3.36,107.721997882658,112.347318177979,25.3428771917628,6.23,173.166159838357,160.477809622272,-0.0828295937269212
8f54d100-b348-4d51-9469-2cd75b2ffa3b,1770887074.785,-23.344,34.627,0.0610000000000001,57.0130911572071,30.2804094495188,12.3791833860685,0.248284699463595,-10.1546167986709,41.6689826002498,2.95717453527165,0.512116654157168,3.02803722576745,48.8257101331675,5.98349258160802,0.792683835099291,16.1541742960656,56.0871094951711,9.08801870313889,1.09231044985837,29.2156805726708,63.4682078659767,12.2117429881697,3695,3.26,100.27587034421,107.776119812127,24.194242293476,6.21,164.137671520031,155.774310582716,0.1989002678763
a0673024-3f3d-4843-b07c-944c74197254,1770887094.5,-23.344,34.627,0.0609999999999999,61.3041703663716,28.4281050120428,10.0279887220243,0.241667318498719,-9.76067781033721,40.9393906559494,2.52458318992557,0.49848286958552,3.84770744523346,47.3076456439559,5.20818604322807,0.771640565214358,17.4340340620663,53.7167541793439,8.07109900703893,1.06344211652975,30.9947582062714,60.1732795948493,11.0649051071584,3879,3.42,112.103989635746,100.8302377755,24.9375187421045,6.23,176.194682752211,136.898718667121,0.0926162140743317
bdf8ac1d-f9f7-455f-b636-dcc733b5c213,1770887149.136,-23.344,34.627,0.0610000000000002,67.3477606908138,31.6801589875026,14.8214062734299,0.224835850562645,-9.78625088945765,40.9867530980274,3.22853120858308,0.463310773664304,3.84073650661193,47.3205561220073,6.62321381075831,0.716477587507057,17.49517954984,53.6035101069591,10.213080362224,0.986447774516256,31.1795125088598,59.8311066827101,13.9649543442426,4049,3.78,131.569480877453,103.063455071214,36.1134224185823,7.15,208.599339459042,138.623126864018,-0.0309360716388284
7943daf6-f9b2-414c-af57-e03e8cc0357d,1770887208.522,-23.344,34.627,0.0610000000000004,60.3258633024695,35.3637668097337,15.3022569482985,0.235602943659467,-10.1323250085206,41.6276972464277,3.6854943414413,0.48274757839454,2.97722724588741,48.9198124005449,7.19190775983959,0.74182114322011,15.9297868826139,56.502684632705,10.5408181568974,1.01412940253591,28.7124989580788,64.4001218511327,13.6973546488314,2264.26787284544,3.02,100.756382811835,119.737268206733,24.8891841471631,5.73,158.94280321187,183.602376336892,-0.0623265926162307
06b564d3-f712-45ca-aa0d-ae046237a541,1770887260.016,-23.344,34.627,0.0610000000000002,65.0061942337112,29.7184810698861,14.3410003043984,0.224761651164879,-9.73400958534421,40.8899999566282,3.17738017313212,0.461178940897187,3.8613051714417,47.2824620703667,6.24068375045537,0.709650160686972,17.3910675654302,53.796329978513,9.21022156588082,0.971363930304654,30.8481342940828,60.4448333845036,12.0477647226418,1950,2.92,110.271699071067,104.547424312999,22.4851274326095,5.59,187.175770246586,157.813527887333,0.149612209542975
07f65fee-33e9-4219-953a-b56738b2fb76,1770887425.926,-23.344,34.627,0.0609999999999999,64.923926727225,33.9668745950287,13.2886804553404,0.223872088896983,-10.0893440850779,41.5480947281924,2.65561416861869,0.459648283367738,3.22054411091113,48.4691791048038,5.48073130629519,0.707869684922445,16.5439344457318,55.3652569397573,8.48317398650156,0.969916918050649,29.8822892279568,62.2336199747025,11.6034369041261,3034,3.2,119.00287921489,106.884246916211,26.8858523242628,6.05,199.069122566539,144.894278770021,-0.0901290887074229
227f8a19-57b7-4457-a6ff-a276577fcf83,1770965786.275,-24.9,37.467,0.0669999999999997,35.0228056331659,15.0329070590739,19.5602155286932,0.471113682199049,-10.9984600151034,43.231816519192,8.85361666513161,1.00526959802914,2.79021996951499,49.2661579170016,16.9298533781183,1.61707461803301,16.389684214562,55.650935000068,23.4221873761937,2.32200085066694,29.7356497037988,62.5052026783954,26.9998650286065,10654.535982388,2.56,33.797818305447,64.7375394553363,27.2488821255018,5.31,74.7437946293126,90.9809519450877,0.0567018464625354
9d3ceef0-5005-46be-82d4-a2305a29fc3d,1770965874.866,-24.9,37.467,0.0669999999999999,30.7380712064653,10.9327929337661,13.7776394682299,0.509219027490153,-10.6519128559337,42.5899962801753,5.87431357732987,1.08380170682078,3.54355985798911,47.8709400527436,10.2034745918351,1.73245584938648,17.6154723231785,53.380722718596,12.3001391598071,2.4566997941995,31.5058253416937,59.2267612860676,11.2060841218734,7559.38602004157,1.88,20.5793570903042,54.5887712595306,12.3693846617322,3.79,54.4526780883212,70.1437977604617,-0.0512761270135131
104f95b4-dd70-44e4-8cc9-7dcb504aabd4,1770965909.212,-24.9,37.467,0.0669999999999993,38.0495502954748,9.01969270103896,17.2109995586633,0.440101476735369,-9.87770778764761,41.1561352057806,7.04887715501876,0.934946656939976,4.99029920594899,45.1915165759289,13.5027969623385,1.49679533194288,19.6075359040483,49.6913353155249,18.9199027551458,2.14018238295062,33.8798915613952,54.8298885711924,22.4872187218867,10554.1021408739,2.6,42.781376054223,58.5524218859798,23.246333098528,5.13,82.6358860888716,81.7159789553506,0.0965106899222576
05c9458a-8cfc-4434-b4eb-b32031000a80,1770965944.827,-24.9,37.467,0.0670000000000002,32.6698639878638,17.1484220505855,18.2088652336289,0.491754636717675,-11.6611463836396,44.459140166762,8.29944963821164,1.04223368422173,1.54955568145471,51.5639215224238,15.154922141775,1.66275741514047,14.6856255348892,58.8069249429861,19.94475232934,2.36515927350001,27.7181479494008,66.2417026725871,21.697347314485,10844.2060105846,2.34,27.2799501483943,65.9867139603476,21.7009090064586,4.77,64.0957796494283,88.9980919732916,-0.054949868137885
d5a8d74f-2dee-4c76-84d0-63ca5dca2d07,1770966021.764,-24.9,37.467,0.0670000000000002,42.6407868511554,17.7302777021268,11.4840632023019,0.355087519637918,-11.0104030427057,43.2539355198172,4.16533460147031,0.749016027681197,2.88801637229399,49.0850347741745,8.08308657469599,1.18956686727331,16.7579012926017,54.9689811395782,11.6101561788256,1.68665553699864,30.5823948514759,60.936994258016,14.4062736831531,8669.12336975314,2.42,48.1636411783167,68.7751068624802,15.9962309429096,4.55,89.9961923313203,89.5315942425786,0.16167181210777
3e903788-f07b-407c-9d30-c0191572c22e,1770966075.286,-24.9,37.467,0.0669999999999995,47.1720754855476,15.3752032366861,8.60931442033455,0.323370612765761,-10.5215082806254,42.3484813997941,2.90793935328262,0.675537177796046,3.62414666355058,47.7216898239119,5.59484650668326,1.06068211756497,17.4734428189654,53.6437674671373,8.00545291514826,1.4841803524746,30.9905076497885,60.1811518082137,9.96346611258496,7508.83246583648,2.28,52.5021420156529,72.4226343123158,11.4635224449998,4.29,95.4302713482025,101.735302497304,0.0355363036420617
5a0dd5f6-c5c7-4a30-82f4-dc62992a3429,1770966105.793,-24.9,37.467,0.0670000000000004,41.0977660804738,18.6202963421533,17.453579462413,0.386263370714498,-11.2178554426093,43.6381462841177,6.74158549286379,0.817836044765718,2.51366409311153,49.7783512909715,13.3374961410985,1.30572452141538,16.2634541345043,55.8847185357573,19.434040610678,1.86523026577381,30.0183382425487,61.9816513500783,24.36108883655,9819.03992251788,2.72,47.6823843344133,69.9176300966931,27.2062624663789,5.65,94.3412270154875,94.7458570864811,-0.0552541379184642
693aa945-2576-431b-9b84-009f6d17a9fe,1770966129.913,-24.9,37.467,0.0670000000000002,42.6589234119507,16.385005166346,17.2608082720052,0.380500940221357,-10.8266856367009,42.9136829847334,6.31794772326382,0.803832546349843,3.22736735299028,48.4565421670992,12.5927880611185,1.27955057401402,17.2159854534386,54.1205895777989,18.5284297919896,1.82070436874864,31.110128140605,59.9596095159868,23.5472698180882,9074.30355454346,2.8,51.9327721406968,69.3520842050746,27.2338501453591,5.65,99.1634417921759,95.4684289978684,0.200425225282417
1aaef79e-cd98-4295-bba1-656b5c74410b,1770966269.316,-24.9,37.467,0.0669999999999999,43.3383880563027,16.6857628800311,18.2780210984727,0.365011885841441,-10.8340009724442,42.9272313010621,6.47655832870981,0.767855441020553,3.21150459879373,48.4859206699105,12.915423596126,1.21624597554263,17.1949265416601,54.1595915878673,19.0612944014499,1.72081081953935,31.0958392247709,59.9860732024815,24.4290199556297,9264.05526753808,2.86,56.8073934167607,71.5026525696869,29.5711219052173,5.97,110.545291976688,99.9591058947532,0.0951535222265518
35095988-bbc1-41a3-80f6-7b9c1ca97913,1770966316.91,-24.9,37.467,0.0669999999999997,49.4393823868383,18.2684054530521,8.89341485379874,0.311024997583064,-10.7133728933626,42.7038229120458,3.02252366839471,0.650648746279533,3.50831617742255,47.9362128644996,5.95747620542512,1.02355526352803,17.7407934492487,53.1486226047732,8.77221874045219,1.43598008421676,31.9882839241908,58.3332272473642,11.3125792510525,7074.40979870406,2.56,64.604354136213,69.9985922679545,14.5011502020389,4.71,115.407144725574,87.2089894903079,0.00804519882565791
07cd81a0-43e8-48ea-9b45-9258210a25a9,1770966348.57,-24.9,37.467,0.0670000000000004,49.8221308363434,18.8364356984376,6.79599450483242,0.292361709245581,-10.7869768699029,42.8401406412947,1.93951937767426,0.609675530002728,3.30026159758479,48.3215388919297,3.84590813690007,0.955438059870295,17.3215920950391,53.9250015368633,5.72106050172492,1.33422858052399,31.2603239902665,59.6814403445526,7.46420640340062,5889.28459152723,2.46,65.7687447528379,75.0887458253431,9.96855305290974,4.39,112.835847627628,99.8314539325374,0.0513245006625865
69cf42d1-3493-4252-b98c-6573c004271d,1770966374.442,-24.9,37.467,0.067,50.6954855457878,15.9970685533983,6.70867041764562,0.294964604896932,-10.4325626660305,42.1837502972348,1.61425181166727,0.613287116264235,3.85539258607955,47.2934124326765,3.1081007520267,0.957531579675302,17.9125299295612,52.8305592592067,4.48205351216366,1.33093035959702,31.7169827514118,58.835688684289,5.64259088856269,5304.11095283649,2.14,57.5093167526023,71.7685416215142,6.73975112101918,3.93,104.297718515918,99.2830721209713,-0.00867969838141897
b4e6ac10-f684-4412-b735-915c84801730,1770966459.257,-24.9,37.467,0.0670000000000004,49.7122178117177,19.4237665531039,14.1959713325953,0.311699896325111,-10.8787320008523,43.0100750889412,4.27816468264693,0.649376234097553,3.08179725133825,48.7261442543299,8.64550980654118,1.01686753405874,16.9354827584714,54.6400926294471,13.0367275938736,1.41946413595105,30.6578931753869,60.7971681159866,17.2611021971954,5789.48192846303,3,73.0035549905986,82.688277870399,25.3594557205839,5.65,125.195658691942,118.093021868741,0.185828380005062
90fd6946-bd83-4101-b6af-323d3af303dd,1770966510.662,-24.9,37.467,0.0669999999999999,48.2586927556915,21.8208371285892,17.7344480163957,0.319746149110458,-11.0739440656692,43.3716162263724,5.64241623044163,0.669924120724654,2.77358226140031,49.2969716677894,11.3018315784419,1.05626329568049,16.6129307453218,55.2374728263332,16.8834434148897,1.48693786437549,30.4392338137464,61.2021346552813,22.1435861024792,6874.16787691427,3.04,69.4551760098861,78.3937100307096,30.9018736056391,6.01,125.700573817528,105.549844101772,0.132120877018274
5441f3fb-9904-4c04-a0fa-365e20dd3cb0,1770966591.536,-24.9,37.467,0.0669999999999997,49.4125460413139,20.2731706377702,15.6859895292234,0.311530055834401,-10.9484564879961,43.1392078370243,4.28915314133484,0.647616177092563,2.90908761479837,49.0460099270716,8.68259614922015,1.01161208374639,16.6271967352741,55.2110515995572,13.0822657990411,1.40817367470195,30.1843841574698,61.6741271762899,17.2653514488064,5249.54178952792,2.92,71.3397696044767,84.312021429082,24.8578359429028,5.85,130.022276148294,123.226519974972,0.00296827926409337
8517d310-7e11-49d3-9972-bd195d57f4cd,1770966673.255,-24.9,37.467,0.0669999999999999,55.9929975374767,15.9253236356502,10.9220628257128,0.281229647631122,-10.1330576583507,41.6290541454142,2.93290346315182,0.588445933299911,4.72043100832146,45.6913240812604,6.03207972894465,0.926737939224989,19.6497290245364,49.6131918422343,9.2834605453219,1.30366686347262,34.6802454262812,53.347598801194,12.5552308207337,7174.17709566749,2.82,81.7386483290779,62.661056684215,19.1763915600889,5.15,133.901168620025,65.3949047425541,0.0851609113145618
52bf0316-fdc7-4ec0-98b8-1d0bdedad8b3,1770966699.461,-24.9,37.467,0.0670000000000002,57.8614162722312,19.0983225083071,5.21530671472197,0.258177437472142,-10.4654616084165,42.2446805530654,1.29300738092709,0.535992566036126,3.9787501328735,47.0649489520999,2.92719343747623,0.835959269163629,18.4050711947069,51.9183516587205,4.87510327182329,1.16161025040923,32.8147475028364,56.8025811648629,7.0007314828438,5354.31134694276,2.6,84.3690740367555,74.3837451909498,12.2974578809434,4.75,144.85500175946,93.1398071689027,-0.0127867292580509
9d52025b-d8fc-4761-bf42-7fa3b66fe819,1770966757.668,-24.9,37.467,0.0669999999999997,53.7767711164622,24.5293862075099,15.1701844628427,0.279000339430811,-11.141653733011,43.4970174415524,3.96803231636129,0.581266969154255,2.71496482946676,49.4055336720611,8.14475485263415,0.910633569318414,16.6546258172413,55.1602517604057,12.4833111996958,1.27261748725299,30.6905375755036,60.736709283383,16.819853960469,6634.25632607001,2.98,82.4859816201642,78.9794621620765,27.0336897859517,6.01,148.076632766363,100.258913803581,0.0134669536883152
4c967694-ba99-4d0f-9373-cdbed4a5173f,1770966807.842,-24.9,37.467,0.0669999999999999,58.3918342622815,20.129753216304,13.1158074288602,0.268899166926057,-10.5659110844856,42.4307173016982,3.3223664253192,0.55861165339911,3.76357914829351,47.4634548670915,6.96415178461917,0.872255420312741,18.0545907289619,52.5674565506324,10.9122942019521,1.21428896196257,32.2991235527046,57.7575388904127,15.0497655132218,5784.05644854889,3.26,94.9310218838697,82.5887348885784,28.4118263009856,6.41,161.337027340059,113.616625991711,0.0170532835081704
58025a06-8ddc-4bce-9027-8772daee8f80,1770966892.091,-24.9,37.467,0.0669999999999997,58.3582297357494,22.376559008192,14.6661521420204,0.267742173886522,-10.8102793314264,42.8832978019552,3.95524899151154,0.556140073804369,3.28673416805931,48.3465922730399,8.0894324114569,0.868239817247319,17.3598331354616,53.8541774857787,12.4066275669525,1.20842770783839,31.4036850997072,59.4159294058758,16.8171248102066,5939.14008927218,3.36,96.3680170349262,86.6178531354741,31.5659851948126,6.37,160.496857994825,116.885159494395,0.117598641957635
acbba713-ba0e-4c95-9d8c-c7cb3a83908f,1770966922.408,-24.9,37.467,0.0670000000000004,57.4371851906245,24.7216931223941,15.2681114233066,0.266625522794177,-10.8897657873192,43.0305101358896,3.85710324962684,0.553248754638577,3.14311144710993,48.6125877274791,8.04285944829181,0.86267252802245,17.1692261714712,54.2071897784771,12.5292826382163,1.19899417686918,31.1849430061778,59.821049168186,17.1866034048263,5214.0890863122,3.3,96.2260259444131,86.7432822980666,32.6847043170925,6.65,168.30819483826,122.139629024803,-0.0628399826147262
cd0c4019-f750-4ebb-a016-ed3fe79fc8ca,1770967024.395,-24.9,37.467,0.0670000000000001,63.8883381436774,18.4220224569041,3.49802360493386,0.237057212963662,-10.1991697836201,41.7514966439878,0.793349881065131,0.488671605746096,4.46241882749503,46.1691737337119,1.70310811467926,0.756176574521634,19.0521516789835,50.7199307797942,2.78426636203398,1.04164825504877,33.5659969806704,55.4112348309902,4.0133964437633,3479.08278142386,2.82,104.774600185282,80.856866789255,9.34162846922668,4.39,152.056530615492,98.0418194190243,0.1729810497277
9949bed6-6aa2-4b1e-b7bb-dee6eeb76343,1770967144.226,-24.9,37.467,0.0669999999999999,56.2003983026568,31.6041194026467,15.1882810979819,0.258967151393257,-11.8348412985387,44.7808306173883,3.9461171533613,0.535577911526623,1.28533821073676,52.0532636385587,7.97902752940385,0.832072263128462,14.4393346334088,59.2630662821175,12.0976312206587,1.1518506127794,27.6317552609124,66.4017056462309,16.2151526764312,6108.97184475424,3.2,92.0576875150491,99.4909100804291,29.7991523874649,6.17,150.94953482599,127.454489688437,-0.00641647101516352
f9a979aa-482f-4699-b3b5-9084e92ac24c,1770967174.895,-24.9,37.467,0.0669999999999999,58.8035845372216,28.0768807131485,16.1931155228925,0.255532463616278,-11.3687339373506,43.9175797435909,4.16547484056502,0.528489573425825,2.19772530745086,50.3634835062038,8.46001105129001,0.820929182637651,15.7741036581928,56.7910166581305,12.8846795852504,1.13595516381062,29.3610835217244,63.1989153525452,17.3549911327354,5324.29835753031,3.36,101.580448439089,96.8672862826182,33.8016934664653,6.51,174.378125498688,131.823950319438,0.15127724474295
ece69e85-9aec-4171-8573-3e24494a67a6,1770967235.301,-24.9,37.467,0.0669999999999997,61.6145532070146,24.4543278567035,14.7081913706762,0.248686345700958,-10.689850885549,42.6602591422164,3.53902804262692,0.514732455703023,3.5668890368234,47.8277334104749,7.25836174623028,0.800374311765927,17.8444242945046,52.9566938236195,11.1758276226597,1.1089652631069,32.1441685504071,58.0445222171546,15.2258314991557,5134.34562529637,3.42,110.408889419671,85.1085702013795,31.767477489633,6.57,181.850970709161,112.681157667923,-0.0179135547894694
534cf30f-23d1-473e-8afa-87537bda6dbd,1770967264.49,-24.9,37.467,0.0670000000000003,56.2374278107742,28.4406482157082,12.620201358829,0.25487904204856,-11.427078486434,44.0256363570912,2.80814583222762,0.526510138872835,2.00193004316258,50.7261047541314,5.93544594772814,0.816887210561928,15.3535100640002,57.5699740785302,9.38279665742132,1.1290630654847,28.6189681033939,64.573345015487,13.0612543368777,4883.94615039929,3.28,95.5759144686442,104.069804719731,27.7937506996823,6.09,149.949308448691,138.746115629964,-0.0469055322676852
426757dc-280d-4665-b57a-f606fc6b5b87,1771915803.873,-24.9,37.467,0.0669999999999997,33.8780307295347,15.799348573949,18.5465805657709,0.484770323019443,-11.3587422132542,43.8990746409574,8.41724918966958,1.05627763509606,2.06331945244906,50.6124089286173,16.2679351670728,1.74937860912982,15.295123473001,57.6781085554662,22.585634589744,2.61159854650111,28.2970650265416,65.1695233544485,25.249904786777,8189.28678213189,2.58,27.8715748908671,64.9155822703696,25.255319834308,5.27,60.8572731358605,84.0131844840399,0.18940256201621
3999e21c-c27d-4151-ae46-94f9ef50cfc8,1771915958.856,-24.9,37.467,0.0670000000000002,43.1850517173972,24.2525693017625,15.3557636841828,0.341649628691729,-11.7362439991377,44.5982241795816,4.96129300850012,0.722104738573615,1.40997020762623,51.8224398216086,10.1092622746311,1.15163469535817,14.5015444875741,59.1478509574117,15.3378940800685,1.64612486950153,27.5215068251334,66.605890489565,20.3387976860433,7543.9860153635,3.04,54.9258688816167,83.1903666714593,26.7471108443721,5.95,92.7634537693871,108.325120263701,0.218478777788954
57283e63-3937-4d8b-b5d2-d16cba95875e,1771915999.803,-24.9,37.467,0.0669999999999999,44.9040662322034,21.3444098956394,15.7792893762501,0.344394216952658,-11.309360807371,43.8076181540456,5.41574592816908,0.728501757661586,2.26338387214155,50.2418810213234,11.0360661767824,1.16326718436971,15.7815135321012,56.7772932530553,16.7502599876064,1.66606201016113,29.2303226775991,63.4410900580937,22.2382050997292,8114.75421685709,3.12,57.7657214258287,78.3613389152613,29.3968328230221,6.21,96.741801792035,99.4982670751941,0.206901580168299
babf1dfe-0886-4954-ad27-d4da63be7b68,1771916057.279,-24.9,37.467,0.0670000000000002,45.2503375702022,20.6674527087502,15.7105431903467,0.343873039446171,-11.1789524142051,43.5660962028281,5.22944123409214,0.727647529899575,2.55906466967012,49.6942674711296,10.7002170514464,1.1623343885492,16.2852618866609,55.8443296411113,16.2970983253071,1.66536243156743,29.9961613832701,62.0227238469845,21.6889501472356,8649.11706476447,3.1,59.0433409533485,75.2851910494114,28.6001296591635,6.17,100.02895906555,94.2840933283871,-0.0141143179436605
ba8b9d68-214c-44c6-bc80-37c27fbca0f7,1771916116.998,-24.9,37.467,0.0669999999999997,44.4694990261405,19.6323282324119,14.9433552232916,0.346416425552186,-11.195169672057,43.5961312616514,4.81003236849315,0.734009863887519,2.4319863480612,49.9296219866429,9.82343216707168,1.17423792609301,15.9255031806456,56.5106182329334,14.9102164180333,1.68491401961117,29.242607097565,63.4183387841325,19.7048544077357,7898.96809716307,2.92,53.3140574835996,77.550945381576,24.8449852603854,5.63,88.3722673115341,102.381573699539,0.186288470044978
81ddd399-e9a5-41a4-8415-ef3f568e29c8,1771916147.271,-24.9,37.467,0.0669999999999997,46.2440430896314,21.8729309795024,15.9577782016093,0.340084515460178,-11.3515817574177,43.8858131688753,5.44177492948404,0.720391893696441,2.21238385932979,50.336335237861,11.160200143397,1.15242655922709,15.7632524464036,56.8111135689258,17.0635200283265,1.65455036084585,29.297349981317,63.3169526096841,22.8489920866039,8574.31425829495,3.18,59.0979859333939,77.8432315491396,30.884089784391,6.23,98.3109874038217,97.0822722114706,0.0981202008115587
0c704673-ba3a-40e5-8c18-a79c00af90dc,1771916178.749,-24.9,37.467,0.0669999999999999,45.3626963535407,19.8355556206047,15.5286953429709,0.347543824153674,-11.1268585958884,43.4696162114657,5.32779632513642,0.736953934605159,2.69389491675699,49.4445560563272,11.0803290441418,1.180568371602,16.5437230349841,55.3656484815518,17.115721562967,1.69830146790726,30.4353782210087,61.2092753788077,23.0344782095365,9624.12520699934,3.1,58.4122708622442,72.4566135591392,30.3021916496101,6.29,100.799462360279,87.183424422731,0.0749674884414352
89fa3818-7909-4555-9fee-7dd77f2a82bb,1771916293.573,-24.9,37.467,0.0669999999999997,46.3529995743363,21.1561862558063,14.7133104531488,0.336058141503518,-11.2338951029603,43.6678524247334,4.90442193401889,0.708305461128448,2.49409387949371,49.8145961680378,9.98539994128474,1.12555085263158,16.2648397708461,55.8821522776751,15.1349044322752,1.60117036670161,30.0873080461515,61.8539163083618,20.0586879120348,8814.43344747693,3.04,62.2452815684767,75.171094092414,26.8423647244736,6.05,108.297791297502,94.1157440168101,0.17564494051403
a5f44c55-9294-430a-aa1e-8994e5af0008,1771916582.98,-24.9,37.467,0.0669999999999999,51.6837389546121,23.1598137791715,11.0596403643758,0.289741027409492,-11.2001643159472,43.605381556887,3.09785256180316,0.606152756163328,2.52667241407078,49.7542593212457,6.47582212081577,0.954591557967871,16.2540829540107,55.9020743649571,10.1427981263268,1.34303344573199,29.9817994540134,62.0493227574772,13.9972358402182,6264.33723549427,3.28,79.2369742636912,84.1372668443957,24.2758632470051,5.97,123.614956700835,104.368262887507,0.0463124237005983
4d024a85-23fe-4cf0-af78-2a9b143c8628,1771916616.371,-24.9,37.467,0.0670000000000002,50.4959532657756,27.6417186805594,9.87192400567388,0.280991303173946,-11.711516051275,44.5524269569306,2.59365242314844,0.586187716573618,1.46594129230557,51.7187789662347,5.65000352312708,0.919992117438899,14.5989577005053,58.9674374986585,9.10514521767134,1.28905890688135,27.676482343437,66.3188691662976,12.7749633528932,5824.59646670909,3.04,73.1185950617752,93.6300583035637,21.9123773161478,6.19,121.789553922583,128.37582390837,0.0734659960034314
a3b68433-5140-4cd2-b345-c860c0f2de8a,1771916732.137,-24.9,37.467,0.0670000000000004,48.4930063355964,26.3980939663721,10.860408023109,0.293855566908602,-11.736356576396,44.5984326775044,2.81161388277302,0.615826316476099,1.49634491731539,51.6624701454741,6.11910766539111,0.97187301086371,14.7805823480962,58.6310608421382,9.88298815408089,1.37090548900766,28.1259317929168,65.4864694612119,13.9207840462021,6199.14227938027,3.06,70.2856029594416,85.9183040166017,23.0389578688517,5.95,117.151547150478,108.432024565352,0.156551950316734
3313dc11-736c-4b21-bf57-1ba1ce092c5e,1771916785.599,-24.9,37.467,0.0669999999999997,50.8561982067488,24.6652791635363,11.1423264271998,0.294322520836037,-11.402144165412,43.9794569224755,3.49323207050945,0.615826231975835,2.16477862349498,50.4245021814746,7.14464193526854,0.969985488212707,15.7798449057435,56.7803836208144,10.9678755748332,1.36493079538199,29.44800563349,63.0379318642289,14.8709754510682,6944.17345693496,3.28,77.8559613389222,84.2718667770719,24.6844767503961,5.89,119.735560737313,105.211411718797,0.0551199549551692
6e760a91-b61d-41f2-8a1f-5ec64ae4b66b,1771916856.028,-24.9,37.467,0.0670000000000002,50.5088746955391,25.1906974600932,12.4780796153986,0.294658014813187,-11.4823046947637,44.1279176694386,3.6505654081313,0.616937493095848,2.00108572019949,50.7276684765618,7.59126157863876,0.972544376487051,15.5310623528569,57.2411396054818,11.8131585063702,1.36998300441204,29.1156710564835,63.6534297899915,16.1884251674383,6434.29289044259,3.28,76.7107070968706,84.8555420764142,27.1219006026833,6.23,124.436279551941,106.623938354723,0.11076494647327
7c21abdb-346b-406f-8932-e617ca33467e,1771917023.386,-24.9,37.467,0.0669999999999999,57.1951733664619,26.5441013379743,9.92828463809594,0.254146060592316,-11.3005761872306,43.7913486598395,2.32080995180327,0.527344609997345,2.30752303797966,50.1601333883718,4.9548429125986,0.822488875993872,15.8962345045251,56.5648250795525,7.92987990862968,1.14393903648379,29.4633632523695,63.0094888937437,11.1865201616104,5209.71438756483,3.44,97.2189044115522,96.0884038420575,24.9130744537459,6.41,149.988936769077,120.821236106632,0.198375563574877
1d280f11-e17a-421b-a77d-b44e1cec5c45,1771917094.787,-24.9,37.467,0.0670000000000002,60.0938725684256,19.6438898767637,6.40103842264133,0.247952179089923,-10.493896115046,42.297342481921,1.41158404727797,0.512550824877586,3.7619195796612,47.4665284595537,2.93506167830021,0.795655731481703,17.8153085489231,53.010617436305,4.55010545598427,1.10000797466405,31.637902709267,58.9821483224879,6.14600978383551,3414.23095293801,2.26,74.0040145338218,81.7704686178369,9.23355868722543,4.47,127.015918804649,124.582902165688,0.0717952755407359
99df4bbf-74de-433f-bddb-7695989b52f3,1771917156.477,-24.9,37.467,0.0670000000000002,55.3511800319849,25.8344386641711,11.9890839216563,0.26744455041172,-11.2981458201396,43.7868475154904,3.02523133864068,0.556209934023367,2.36941443977207,50.0455078511529,6.32706644091246,0.869847316833857,16.0851195450769,56.2150018630987,9.92239670232097,1.21360404108358,29.8602613394247,62.274416571381,13.7344578298494,5539,3.4,93.4407820632376,87.1734162146195,27.2069472616437,6.43,150.663077008709,102.602582782118,0.0635272898738046
8984d528-3219-46ae-b7d7-010b53477a6f,1771917214.43,-24.9,37.467,0.0670000000000004,55.5451264971704,28.3641339573342,8.65154982883182,0.255765760680364,-11.555237959177,44.2629932109902,1.99311689569168,0.530290547898417,1.84008316975366,51.0258521224963,4.1828169602791,0.826257151160003,15.2641783198253,57.7354203096738,6.59864115640573,1.14768521011543,28.7217767533594,64.3829389753625,9.1852572281111,5115,3.24,93.5887683021173,94.8269684295947,18.8865944376712,5.79,144.252930592758,116.626966829307,0.0926076925189168
1236c896-ee4b-4c67-bd59-1d12aa12f4c2,1771917273.71,-24.9,37.467,0.0669999999999999,51.6106861884274,25.9377629177544,12.6824370409791,0.277959085686995,-11.5210455936355,44.1996674798633,3.44026272779348,0.576431006537154,1.87250295898358,50.9658092789125,6.98618130430198,0.898252059440452,15.2543225599947,57.7536736006409,10.6306457886502,1.24762431664851,28.623972775821,64.5640761469696,14.2734703155924,3450,3.18,85.2312689929926,93.6553467444961,24.6344671214751,6.09,143.217921459653,122.290990985856,0.184129567527181
9b345144-a635-439d-ac59-64da8863ec65,1771917537.817,-24.9,37.467,0.0669999999999997,63.8433519767849,27.9186011726768,14.6519324924798,0.236159025778026,-11.1283371627658,43.4723545808955,3.4499178819951,0.487433035655059,2.69461131640872,49.4432292533697,7.03711251707435,0.755632198464643,16.547054669529,55.3594781511269,10.8030559767781,1.04357856967331,30.4349607140386,61.2100486196676,14.717605017714,3990,3.88,124.942792062929,96.6983553941215,36.1503257818998,7.35,194.576912348639,112.289974025588,0.081072970272166
843c24b2-d56d-479c-a5fd-920b8c20ff78,1771917605.785,-24.9,37.467,0.0670000000000006,61.6483507794145,32.2278997476361,15.4707751512589,0.22715374885288,-11.6222661667603,44.3871323333973,3.20302543595077,0.466763391477002,1.70977702557442,51.2671847041942,6.34075629421127,0.719779617215987,15.0729270414853,58.0896259002507,9.43298246877266,0.987810550996988,28.4696225477121,64.8499394059113,12.4262304595005,1194,2.84,103.491718364488,101.067814840188,22.8472411208562,5.49,180.510714735411,136.946223114829,0.20304091614644
db832a0e-5d4f-4357-a94e-7c4a6f0f9103,1771917771.078,-24.9,37.467,0.0670000000000006,65.0445783713543,29.4201230169331,15.7911423550289,0.234754029255993,-11.2058834150791,43.6159735743792,3.61866831436761,0.484737739571833,2.55750411517513,49.6971576851523,7.45219122632115,0.751893854903416,16.3709314304541,55.6856659625355,11.549124182191,1.03919987975876,30.24320637596,61.5651858985101,15.8873541539745,4589,4.14,129.644298314484,96.2217239958123,42.9605369650592,7.89,196.351823173347,106.893525438258,0.266597905435764
ecf3ccca-42f2-4f18-8e40-b275b4cdbb46,1772001810.901,-24.9,37.467,0.0670000000000003,32.5037134116961,19.9672626115066,6.70744543007494,0.435464312180635,-12.1477440061763,45.3603398855818,2.26178241292442,0.899997407756742,0.562283749923586,53.3923915886282,3.66433961544033,1.39913275830065,13.1905468452105,61.5758749590754,4.09077223098135,1.94198189792114,25.7155148477349,69.9506652826223,3.28404520570758,5199,1.34,11.7501271345923,60.6305553812271,4.09872662955141,2.67,40.5347539229059,80.3227260088208,0.123897426035209
f80f61e7-28a5-4071-a8b7-b80732a13d39,1772002001.532,-24.9,37.467,0.0669999999999999,43.1940054108866,21.8788570113438,13.2428695693453,0.3413700702629,-11.5383890553453,44.2317883166539,4.05686982381524,0.721866104155195,1.8537281583796,51.0005810168775,8.23834182287907,1.15151469871581,15.2537830554083,57.7546727863317,12.4405173083676,1.64531603660635,28.6670446839345,64.4843051212123,16.3565020061606,7550,2.82,53.8813615487484,76.9614711842526,20.5209737066293,5.35,93.8879007196654,95.643763122666,0.126960234362541
4f2191cd-eaaa-455c-8951-0d0e2a68b4c0,1772002018.008,-24.9,37.467,0.0669999999999999,42.7044661697889,23.2475796568745,11.3027628246159,0.343869442478314,-11.7605752517799,44.6432867056282,4.00447378470994,0.724731182172147,1.3739774933202,51.8890998760558,7.90064130026188,1.15118838676787,14.4688792351696,59.2083484093489,11.6209810090929,1.6358389835552,27.5102075028482,66.6268173202658,14.9358061994087,6765,2.76,51.6837867915457,80.9148159873283,18.3057201943237,5.15,88.2113657951687,104.719836898579,0.13678558792623
299ec839-7137-4a12-953d-85710206d8bd,1772002034.141,-24.9,37.467,0.0670000000000002,43.8388129605374,20.1218104061603,12.5286867199381,0.349559478501858,-11.2535650678506,43.7042820454452,4.25145778840652,0.737680352143406,2.45380938682717,49.8892047805391,8.62642045435515,1.17369335880376,16.2064576032958,55.9902785621935,12.9718955630823,1.67129778881523,30.0195213011776,61.9794602746306,16.9173659497966,7484,2.76,54.6373353293436,72.1509668077383,20.6510308958182,5.31,97.5088352897575,87.7789450456055,0.0705543168263847
436a1ce4-3893-4a51-980f-7297d88e6b58,1772002048.541,-24.9,37.467,0.0669999999999998,44.421449868515,25.6675100479817,11.2412251063826,0.321512710127401,-11.9428748070598,44.9809133202071,3.29853987546982,0.676395049680464,1.00452012827049,52.5733508014158,6.88350759994852,1.07212109574571,13.9073159105973,60.2483878315842,10.6486691375135,1.51967309628476,26.7512863666521,68.0323718952776,14.3076058550395,7149,2.76,54.5798263947925,85.6809134940104,19.0730684727648,5.35,94.7406295615288,114.157905240856,0.17476676138021
1ec8e025-61db-4f66-9823-75d78246f14a,1772002077.48,-24.9,37.467,0.0670000000000004,43.8032820279405,21.3003039650112,9.80962123059428,0.33868761653824,-11.432831288188,44.0362907932885,3.50823918810952,0.713827511199229,2.03472970242403,50.6653583749162,6.89179307605241,1.13377405627956,15.4729304719583,57.3488023483598,10.0871378486452,1.61070774653572,28.8777629133523,64.0940459002329,12.8725658676462,6909,2.62,52.0051658345983,75.9291733003254,15.3653549527787,4.87,90.1249052701857,95.4107080872351,0.0337570234015995
33bf708c-40aa-46b8-9d95-edceb496e5a6,1772002174.238,-24.9,37.467,0.0669999999999999,45.2089899368782,22.1964001442035,13.1214704418715,0.337429958102273,-11.4689030889036,44.1030973191666,4.24549522951665,0.713333669822551,1.93417293754948,50.8515938270296,8.70810530121912,1.13759778475612,15.2698175697296,57.7249761763843,13.2865009035851,1.62522908294142,28.519334208829,64.7578712721069,17.6752732492959,7330,2.92,55.3202984254627,79.8844121888317,23.0225480350278,5.59,94.3781125628613,103.610960279875,0.0900301353370292
6ca5edde-e6c8-4d3f-b899-ce03b674d18e,1772002189.726,-24.9,37.467,0.0669999999999999,42.5727955841722,20.6488728136328,11.7241493046871,0.347260168896461,-11.4199897170963,44.0125076514871,3.91346126161938,0.732921711621155,2.07749967558754,50.5861465456682,7.6285143449725,1.16598096062887,15.5668912776575,57.174782896241,11.0591296044442,1.65935923492508,29.0499255844704,63.7751932309699,13.9508850932693,7374,2.6,50.2978749200071,74.1728963121101,16.2046604960537,4.95,90.6879660320704,93.2861788833736,0.148622845070737
8267ef03-6ec8-484b-9706-2460954f4a0d,1772002324.968,-24.9,37.467,0.0670000000000002,45.9956986403952,25.928140353059,8.68832174461002,0.297757740640949,-11.8936834676046,44.8898088444919,2.52755463498472,0.622265246906058,1.02230338645157,52.5404154426507,4.95823473736024,0.978436902097478,13.8004483305767,60.4463111846894,7.2937995388493,1.37341391647497,26.4120259410389,68.6606967904456,9.4353521040223,5019,2.62,57.4230765921924,91.3944563613492,12.5682124390107,4.89,94.5244188958791,125.077916221342,0.0462954892029073
7738629d-9097-4eb4-b143-517a31bd06ac,1772002372.129,-24.9,37.467,0.0669999999999999,48.8089800790343,23.8998002144511,8.52300504653347,0.300407942992567,-11.4556984141151,44.0786416937067,3.15781849107421,0.627666413113743,1.97566387607943,50.7747508249166,6.28555412582358,0.986774390974806,15.3570671139149,57.5633862691483,9.38881988292952,1.38513600891614,28.6725817311505,64.4740502716958,12.372152067034,5660,2.98,68.928414586194,87.0892926649931,18.190128884013,5.45,108.326105737801,115.028119255963,0.128525092017346
c0f6c40f-337f-4432-b1c7-0593fff6c6b3,1772002402.576,-24.9,37.467,0.0669999999999999,49.5602029294903,24.1500625138246,10.0932206652559,0.296393163167807,-11.4149101734822,44.0031001183124,3.12247534206505,0.620031061143314,2.14096327250095,50.4686092354867,6.37596560958387,0.976281025142761,15.7483931679698,56.8386335914787,9.76195089622302,1.37300834099892,29.4149432485655,63.0991648226684,13.1711515967267,5974,3.08,73.9970997438613,82.4199460420201,20.6681854542786,5.57,117.510953110063,101.487930810472,0.0949822135770989
24ec8a1d-5656-4742-a242-cf5dfb80bebe,1772002475.525,-24.9,37.467,0.0669999999999997,48.121578803465,26.3788896782068,6.72278029087174,0.297740826166596,-11.7958374791597,44.7085938668797,2.3324883429834,0.621976239583901,1.25989493324382,52.1003856824416,4.7033740648201,0.977460773320786,14.2291844514654,59.6522734547502,7.11521782716782,1.37104969209695,27.0963535596844,67.3932926171803,9.45988532667461,5235,2.7,61.1916772936194,89.5208815298209,13.3934515765308,4.71,97.1042389882551,115.472975010709,-0.000665482113158373
bc49055c-792b-408e-bb19-984ca2a4737e,1772002508.965,-24.9,37.467,0.0669999999999995,49.4241416150768,25.1477185097323,8.77775979981884,0.292896244141026,-11.5451117946837,44.2442391189613,2.15327385997079,0.611416896084825,1.85913524334253,50.9905668630417,4.89931474244307,0.960206159531705,15.2926307563187,57.6827251739394,8.11676862670058,1.34612705073374,28.7628765402443,64.3068204029143,11.548020114741,6510,2.92,71.5153325480696,84.4429777803483,18.7503552587146,5.71,123.275496257552,106.022511100957,-0.0283077107899969
1809dff2-6c6f-4fe0-a96e-988da87e4ea4,1772002544.038,-24.9,37.467,0.0670000000000002,55.122730148567,29.775501424073,8.97993729075796,0.251509172801293,-11.7044140902361,44.5392738197286,1.70717391447852,0.520442668905606,1.59082488204212,51.4874891885143,3.63287933319194,0.809068517964818,14.9720662029712,58.2764245098184,5.79259794117143,1.12066825214927,28.4531377067948,64.8804700400768,8.11328504860184,4384,3.02,93.0655359962984,92.0311658795069,16.2878201445369,5.57,153.662760359486,109.544596433424,-0.00802727152755073
177a6314-4bdb-4787-ae29-539799d913bd,1772002566.092,-24.9,37.467,0.0670000000000003,56.1150995958792,29.9781464556725,10.9547142733109,0.251398324854972,-11.6863817568152,44.5058771629102,2.70360577769088,0.520733080479762,1.57998166206137,51.5075712981366,5.60240169087623,0.810550183152617,14.87870645801,58.4493307716073,8.73166804210186,1.12457577299308,28.2159949458507,65.3196686295989,12.0453350013278,4184,3.54,101.72236375057,100.402747117546,26.5510318940832,6.47,158.431767192888,122.569935220102,0.0910160451193945
402e9254-30de-4fec-a105-59881319b539,1772002631.526,-24.9,37.467,0.067,52.9056550192734,27.5954805454803,3.95497047114627,0.264132170294933,-11.593296888072,44.3334799836956,0.991292204120789,0.547669724961245,1.83609032738074,51.0332470382483,2.16526372122552,0.853240240208137,15.3750880016484,57.530010810235,3.51662235366899,1.18470127100381,29.0379826983296,63.7973119696022,4.94562204073472,4374,2.52,74.9290443035216,82.3824872413378,8.04884469405168,4.59,126.905189374624,99.4427084845574,0.0128236031787317
bf8c735c-f3ac-4fc2-9b66-5e5174948bea,1772002648.501,-24.9,37.467,0.0670000000000002,58.6615119757359,27.7446089196435,11.1724791604437,0.248433736493067,-11.3394611381973,43.8633652609377,2.65991608012699,0.514371862418264,2.27146433950204,50.2269156483418,5.54592795589553,0.800171859648752,15.9115638411691,56.5364344889834,8.68244619572597,1.10939635602366,29.5870963806061,62.7803298201869,12.0101474709151,3699,3.38,103.106402288375,93.8718977256307,25.9265913637105,6.37,166.962751142454,114.889168440118,0.0331815083549596
7189c90f-2349-4ca2-89cb-8a512358c788,1772002662.212,-24.9,37.467,0.0670000000000002,53.2535611356565,31.2639821257214,7.05319446175946,0.249780757167815,-12.0566267320442,45.1915867761864,1.53451051179547,0.515635583395527,0.578411508779421,53.3625222857938,3.04564052019355,0.799300020489001,12.9657860143012,61.9921416817965,4.54732302257304,1.10340175506697,25.0928988916831,71.1037768033929,5.96534374428508,2724,2.12,58.4287666776571,99.979406884422,8.35102179881895,3.67,95.5827877673526,136.472548045744,0.160536165768058
7247bce2-6992-4d1e-bd9f-977f7453a57c,1772002678.532,-24.9,37.467,0.0669999999999998,55.2457564661283,32.3472074667088,8.57940293744695,0.242504447104467,-11.9762307145827,45.0426898951189,1.7727335757191,0.501354386806379,0.961112527646138,52.6537435441369,3.62336292221157,0.778533617344125,13.8861636731787,60.2875626847507,5.59804795620484,1.07701333776,26.7978249348907,67.946180465915,7.66667785099509,3759,3.2,94.9988299388602,109.005532922759,16.2318290857212,5.51,144.747968161424,138.811188388725,0.171132601197184
49b8e6e5-05b5-4f85-add2-0c91f41d2579,1772002708.815,-24.9,37.467,0.0669999999999995,57.8087306205682,31.8553752859951,8.30569375948294,0.238116497113511,-11.8015136679364,44.7191064125491,1.70769097308886,0.490908243764457,1.2756143159976,52.0712727097068,3.46745945529331,0.759874825502208,14.2999238219491,59.5212610990855,5.31875610634629,1.04742679620888,27.2636594086372,67.0834349913926,7.22629272389074,3834,3.08,95.9287233569904,110.88317642573,14.835141261795,5.49,147.159233263792,149.995597183784,0.125194653822305
a3ddf933-5829-478b-8fe5-96409751e8d0,1772002721.169,-24.9,37.467,0.0669999999999999,49.2014135557174,20.6556883173971,10.4886998742796,0.289972269202109,-11.0767968383861,43.3768996841028,3.14330203846961,0.598447717591433,2.64388949669513,49.5371682443283,5.7755201233422,0.926818392023032,16.2425597182432,55.9234158930548,7.88603657323735,1.27700684536235,29.7350938726287,62.506232101621,9.39441476216656,1575,1.86,50.274687602199,72.8462253424964,10.3294447454323,4.01,115.551989519732,101.720387470623,0.0372814408106038
5bf963f8-5639-4fd9-8124-f0460490ce0e,1772002734.684,-24.9,37.467,0.0669999999999999,52.8062258542983,30.5469774834705,4.95722778492885,0.261362637377057,-11.9464068166826,44.9874547538917,1.38270596776906,0.540239459228993,0.999739284036573,52.5822051304955,2.75550078247494,0.838590342320593,13.9149277385706,60.2342903988973,4.15506791031253,1.15930236060189,26.8024970691418,67.9375274723977,5.53749607449394,3500,2.6,74.3677919791458,96.5298451262668,8.88325150316368,4.49,121.7008853616,122.053951103537,-0.0183014889383865
3103966a-0c9c-4c43-a11b-2de4964ea17f,1772002750.645,-24.9,37.467,0.0669999999999999,54.5384511400357,32.6604345016361,9.75298614566494,0.251227781834494,-12.0349632736622,45.1514651198151,2.70052246627826,0.518782880969812,0.88040375705619,52.8032196574455,5.48860329046253,0.804591606293843,13.8249838808628,60.4008702906224,8.39738541198143,1.11152470982065,26.8029678304476,67.9366556022184,11.3827374983243,3599,3.44,100.488767749507,108.505889034325,23.8639598779765,6.27,159.510716540398,138.042945748223,0.0286849891796427
c90acaf1-6305-474d-b364-90ee6e35d93f,1772002940.803,-24.9,37.467,0.0670000000000002,56.7237658014455,41.7162301177418,12.8587321608431,0.222933727979413,-12.7186448442715,46.4176727843398,3.30984078482194,0.45856144231334,-0.50415275069309,55.3674778405601,6.46243889915092,0.708131403900646,11.7204279244051,64.2985984100345,9.51422097105794,0.973618931576979,23.9552919555323,73.2106737619972,12.4579146221088,2699,3.54,108.780284458283,134.509269923824,26.4970285220674,6.27,159.31057727972,173.456720668444,0.11288388004791
5b02eeb0-b3cc-4af7-afc9-0955d67ad167,1772002964.164,-24.9,37.467,0.0669999999999995,59.5214106727815,36.6417622864416,13.5081083052313,0.232008975635432,-11.984276662802,45.0575913371669,3.1657931230578,0.477885176620221,1.03207387699445,52.5223200740706,6.39787383692441,0.739101420241417,14.1346093811238,59.8274305513981,9.73528515663727,1.01795725584237,27.3356409177082,66.9501221416569,13.1457274552155,3425,3.66,120.211420657007,107.123474750511,30.7228979872139,6.91,193.444295613174,123.914558008867,0.00977573276505239
09d85ce8-12d4-4e2e-a9ae-1ebee40ae4fb,1772003018.392,-24.9,37.467,0.0670000000000001,58.5897886777442,30.7257663708849,9.48529514650331,0.231639089784537,-11.6412546892282,44.4222998934435,1.93301221129782,0.476858065286852,1.63912956289578,51.3980268426523,3.80017402769372,0.736755439594821,14.9132788089789,58.3853012911308,5.63303261557606,1.01302570293908,28.1779665417495,65.3900988690738,7.38729985686297,2109,2.46,85.9043028047138,96.4763917501258,12.0524223321969,4.41,144.706462048346,130.921836224146,0.0600430817646147
8f8363a6-1cde-4a34-9e6f-62ebff39c6aa,1772003039.027,-24.9,37.467,0.0670000000000001,61.9788524184719,28.7140580084245,2.44279861563097,0.234084252514957,-11.2950517237075,43.7811171158636,0.620882067588043,0.483224059172563,2.33243011296248,50.1140044145923,1.26801507068875,0.748660419460166,15.9829069320258,56.4043040172302,1.97384017097725,1.03213420674463,29.694296001987,62.5817915122057,2.69211967383047,3585,2.16,77.9957216926682,81.1959590192894,4.24387941977375,3.77,142.687342128533,89.0725191533176,0.0154173431605804
8af9f311-95a3-4ed8-9337-4e5c27a0b510,1772004113.768,-24.9,37.467,0.0669999999999999,34.9504349642726,15.1176358661954,12.6961257477209,0.452186293386713,-11.0914587613878,43.4040541959099,5.49298638981604,0.972081776677072,2.7806083150641,49.2839591143099,10.3387498085971,1.57969540147264,16.6790499615935,55.1150171949184,14.0174560416659,2.29924029869257,30.5682312832976,60.9632257952627,15.449252893536,9249,2.26,29.869830415113,60.6661629777156,15.4560314097065,4.37,62.3062727721687,75.7874259935263,0.123396125281686
71f56fbb-05b5-4667-b343-ba416657b672,1772004171.849,-24.9,37.467,0.0669999999999997,34.2025105853818,15.3114909768101,13.3837687675178,0.454887353065859,-11.1664590614986,43.5429579764481,5.53937479743,0.981878906955918,2.67756244762874,49.474804491388,10.3862179088665,1.60450474723845,16.6127550126297,55.2377982908348,13.9725244339716,2.35214898661652,30.6232461584655,60.8613358810175,15.0908490594194,9099,2.22,28.3247537115097,59.9452226913605,15.1530912558445,4.33,60.2498531175127,73.4233112701476,0.109347760736927
1b8175d4-a882-4384-aca7-a077789ab708,1772004391.921,-24.9,37.467,0.0670000000000002,34.0478165782869,12.8556101515657,15.7137295143588,0.477372743402001,-10.7379531078003,42.7493465260418,6.83514678459833,1.02335578919848,3.53419544807567,47.888283342538,12.9640166049601,1.65727103136557,17.9135483692895,52.8286730650407,17.6288151686846,2.40277957822729,32.4280262992456,57.5188054614817,19.4503942667026,6820,2.36,31.6527508011856,57.2765425404756,19.4563655135347,4.71,69.0260692545037,68.1798928420733,0.154004744646335
97417d5c-2717-41e1-87ea-dcf583a43443,1772004417.364,-24.9,37.467,0.0669999999999999,34.9711854761924,13.8904163520135,12.3330822588258,0.460628728506489,-10.9290479831071,43.1032624514767,5.24520969402748,0.985472296770113,2.95659281428051,48.9580282550844,9.67104180481347,1.59185083966292,16.6943850303656,55.0866159882017,12.7805727254046,2.30097976025751,30.2394546679696,61.5721342230177,13.614799966414,8089,2.14,27.3666646694629,60.1534893828223,13.6952008744689,4.21,58.9634955580759,77.0978007378474,0.120554267461947
4ed40b9d-07a3-48ab-9052-7fbead665716,1772004467.479,-24.9,37.467,0.0669999999999997,35.6699865057339,14.7292265581782,15.0619276296747,0.444209809042156,-10.9552597512252,43.1518077730396,6.32178030929348,0.955360176397507,3.10844159569695,48.6767977829702,11.9256556697984,1.55447236739069,17.2873641928791,53.9883930833356,16.3155352390738,2.26911183845456,31.6030487304495,59.0466993898489,18.4648459538963,8924,2.36,33.2607444366914,59.6124304885671,18.497056208545,4.73,70.5736962917126,72.1267301932243,-0.0427581408433664
bbb4d0fd-2cab-4df6-8699-0a881a26a6ae,1772004512.586,-24.9,37.467,0.0670000000000002,34.4964572650606,13.681498837707,12.8427739379567,0.456132753490986,-10.8360975339905,42.9311142231903,5.23796572320227,0.979956466940831,3.39827331661492,48.1400169741477,9.70130542593639,1.58867163099854,17.8108442897541,53.0188854362325,12.8220684745763,2.29827169507954,32.4274139116227,57.5199396296896,13.52584841809,9269,2.1,28.5339587600289,56.3641700213609,13.6561218185677,4.09,64.5485958966288,66.4860219985635,0.173724117178308
2363b232-976a-48ae-bca4-61a9c8bfa0be,1772004528.187,-24.9,37.467,0.0669999999999999,36.6900154139333,16.7552758152413,12.7099462623817,0.422074154274817,-11.2779337067657,43.7494138124765,5.0946024402823,0.901329817220501,2.29400169346779,50.1851754997751,9.63386127765343,1.45315513983014,15.7711119354814,56.7965574572249,13.2555938396497,2.09722522623379,29.133807624816,63.6198400856351,15.2108919786032,8085,2.28,32.5489735964834,65.4112329822353,15.3039214403397,4.41,66.181741772898,83.6837640844874,0.199208051200822
31beb7a9-1700-4c45-9b23-b1073d954b26,1772004547.757,-24.9,37.467,0.0669999999999999,37.3904012539415,15.5770421006071,12.3151351469538,0.407422000422028,-11.0666301287474,43.3580705007212,4.47756928074681,0.867334502601393,2.62930435612977,49.5641805517619,8.37112787663794,1.39304933766252,16.1170130170199,56.1559337817599,11.3704121504433,2.0017421542999,29.3429714349055,63.2324597160861,12.8462221551953,7744,2.1,31.276240586574,64.3277347505399,12.8787271991578,4.13,64.0159038126843,85.2497421719005,0.0721452058018979
edfdaa71-3a82-4496-b9b0-c65958a3df30,1772004565.855,-24.9,37.467,0.0669999999999999,37.0514618673795,16.913212728454,11.6103043046065,0.423634373208925,-11.2712564364985,43.737047220844,5.04176857253818,0.897113122062604,2.31865206149323,50.1395219583182,9.31265007852861,1.43100134560604,15.8163381891556,56.7127964908601,12.49457712577,2.03807352022806,29.1820897663458,63.5304194835699,14.0075851982341,7524,2.14,31.2490271177424,64.6206418964354,14.041902064508,4.29,67.543214100608,86.1366951493617,0.0194902342241277
3f67bc30-07a2-4faf-8ca8-b92f409ceb9b,1772004586.509,-24.9,37.467,0.0670000000000002,32.5760261703344,12.9536704920687,13.9574965791598,0.501854059610561,-10.8705306184728,42.9948857761456,6.43571543368195,1.06805426985438,3.24267117492071,48.4281988308768,11.6440512932336,1.71002944474719,17.4120442160409,53.7574803196643,14.9155560639128,2.43617611818499,31.6232881830307,59.0092150534475,15.0994147264215,5200,2.1,25.2464096408714,56.6600676562814,15.4887155929389,4.13,60.7517177795623,69.9401965848972,0.0847461100009848
7e079608-8155-4bd7-8914-7da5d7464de6,1772004718.549,-24.9,37.467,0.0669999999999999,40.3274827954413,11.7237180448829,15.8211033746925,0.405308015541515,-10.2632060939506,41.8700946440423,5.95380957910306,0.856481403329514,4.57123093278375,45.9676490362028,11.5288847946971,1.36290251135736,19.6041506142112,49.6976050178582,16.3811081759949,1.93618317375495,34.8621490784959,53.0107054161141,19.8790671114578,6039,2.52,48.8427798037916,55.6299696394692,21.0966430430688,4.95,98.6156820880354,63.9025330283663,0.000853759487628457
5da993cb-f03f-420d-bf21-4ca5530d7fa2,1772004743.335,-24.9,37.467,0.0670000000000004,42.32176400966,15.3576716215823,12.3079385039329,0.369721409908244,-10.7312489788366,42.7369301909486,4.63977622250209,0.777852440702078,3.47902392384009,47.9904633775919,9.00191756916217,1.23233235800129,17.7030349829002,53.2185529079237,12.9458874764195,1.74406062782449,31.9379975279818,58.4263598152707,16.1421846513134,6764,2.58,51.8390118397875,65.7012053089882,18.2499969471329,4.91,94.7845883418775,82.1125705826906,0.0276360973744184
46248686-f7a6-4cda-b35c-df9a0cae787d,1772004787.548,-24.9,37.467,0.0670000000000002,43.879327346889,16.3124695015125,13.018255715037,0.353344859736754,-10.7459637267352,42.764182536736,4.8062106795831,0.743913365671676,3.39033091648926,48.154726640674,9.26411169848636,1.17987837037754,17.4756965476007,53.6395934648029,13.2574285549808,1.67294268714732,31.5046402488896,59.2289561288953,16.5035313154152,6294,2.58,53.0204197958712,68.0531641820529,18.8767171836591,5.09,97.6016115820038,86.1147075937028,0.00392662944599786
27cd9968-f42d-4a29-9799-061f5cbdbfe2,1772004934.178,-24.9,37.467,0.0669999999999999,44.2064550957183,18.4705370527461,12.7459817926576,0.350848465283596,-11.0489489527595,43.325324202567,4.71159807801553,0.735462401282703,2.73629448526066,49.3660302324352,9.01935338724666,1.16023625324226,16.4075182057743,55.6179056815478,12.8295796783107,1.63411886327477,29.9364867543702,62.1332438254936,15.9142430466284,5875,2.6,52.8474630143603,74.2012551666297,18.433036360305,5.25,98.0532182604174,103.304375266449,-0.0637170763603188
2c9e0850-5fa8-4dc0-bc67-6223b9c79f3a,1772005024.015,-24.9,37.467,0.0670000000000002,42.9101616707353,14.3100200876229,11.9000235024427,0.366282068766675,-10.5345850184106,42.3727000804233,4.2210509169196,0.771205360421939,3.70835406553416,47.5657340948342,8.07915280220271,1.22230920429727,17.7755854747936,53.0841862775367,11.4147669841531,1.72944135526249,31.6405902534649,58.977170875079,13.8762784134191,5159,2.32,45.6672639908981,65.4630703933057,14.908849619607,4.45,86.2517903089447,86.1968087022648,0.071310355148806
96d6822d-b017-41b3-a86d-749c24128672,1772005052.465,-24.9,37.467,0.0670000000000002,41.5425002862984,14.90726412561,10.7446958249643,0.370895598553718,-10.684610009145,42.6505528137781,3.91586092819898,0.781513978982041,3.44732116151116,48.0491782565256,7.49853348599422,1.24007786790258,17.4378530208052,53.7096813035585,10.5950418114094,1.75758093986943,31.2461974192878,59.7076033613951,12.8563327254622,5859,2.32,44.2590796841626,65.8596264380042,13.7155504367959,4.41,81.6867193612579,87.3032345977067,0.137206133840342
45ead983-1002-414b-83fb-23d6581016ae,1772005074.731,-24.9,37.467,0.0669999999999999,42.2255154189321,14.9564681584866,14.5963053262656,0.375317193265876,-10.5548354707743,42.4102047888947,5.18409346381771,0.797630049289434,3.90518124285953,47.2012016995935,10.4808254195875,1.2798320415799,18.4737179606074,51.7912148967179,15.6531749934982,1.84075176448389,33.1771631043262,56.1313718883854,20.1450140495082,7089,2.78,53.5759000451387,61.5859167751934,23.1836428849769,5.37,98.228524444748,72.8012226133347,0.0113203976047289
2e5f9fca-19fe-49ea-8838-192667340f80,1772005196.217,-24.9,37.467,0.0670000000000004,45.5784034862641,16.1349372235776,14.5161762216927,0.343349360684082,-10.6132164151317,42.5183288080074,4.43383953953067,0.719490277188417,3.7073450443929,47.567602845372,8.89939019297704,1.13462621364476,18.0310560353099,52.6110438151798,13.2660090676253,1.59740661115575,32.3518087301493,57.659963676519,17.2348686938994,4959,2.8,62.9529780806988,68.6146533198049,21.8837636928084,5.39,111.54845081344,88.224164719379,0.133488069810784
7f26fae0-91a6-4563-8132-7ae0dce7c8a5,1772005222.104,-24.9,37.467,0.0670000000000002,44.8244579311658,20.7648276441629,14.1542906352267,0.34068885572335,-11.4124279349154,43.9985029057597,4.95383973944699,0.715825959500676,2.0819403213445,50.5779222787951,9.88733448686604,1.13252755296697,15.549407512195,57.2071635816142,14.6904819399768,1.60092759391524,28.978186944353,63.9080562769611,19.0829048965784,5009,2.9,58.6961532847448,79.316334224733,24.5203527603793,5.55,102.953614811937,105.338898820619,-0.0996634870297824
5ccfee08-f7ec-4ba4-b2de-697fbe90ca36,1772005253.453,-24.9,37.467,0.0670000000000004,47.6535878399764,18.7885245337046,14.1404411828718,0.322022344085292,-10.8557639452182,42.9675372623662,4.042296601088,0.673108242081206,3.25155458886437,48.4117463662995,8.4006068324627,1.05861687614811,17.4008000415289,53.7783050143179,12.9029316409666,1.48639477633996,31.5989369581691,59.054314568903,17.2336123731642,5349,2.96,70.6606014757329,72.8824289669425,24.1272064299364,5.91,125.185447534682,91.3729871701492,0.0967757360017804
47a5477e-441d-4ab4-a279-393e5499a5e1,1772005320.927,-24.9,37.467,0.0669999999999999,47.0013965657829,18.2366051336429,14.9872637477785,0.331568100761751,-10.8104688810289,42.8836488559689,4.69175372127804,0.695142962653896,3.35641145041342,48.2175469502569,9.60400548905943,1.09709174590009,17.5835559830806,53.4398331527408,14.5952031744548,1.54655789391266,31.8834288290943,58.5274233918608,19.3461697270687,4890,2.94,67.5991086480789,70.333299375281,26.1497321944034,5.93,124.193547295612,87.2722358721185,-0.0303087318158987
8a2f9ca8-b55f-4b0f-b292-3c0c6685e5eb,1772005429.29,-24.9,37.467,0.0670000000000002,43.8496983176254,12.3354613718221,15.523073879175,0.370428636166753,-10.1034951670321,41.5743031404154,5.55238011326586,0.779045351786985,4.7989556457003,45.5458930765685,10.936972757124,1.23400672986733,19.8025489915608,49.3301626926168,15.95960439066,1.74685370007902,34.9406232012282,52.8653679667196,20.2202864228739,4964,2.78,60.8106443932058,57.9854509230632,23.7297449223928,5.45,113.178172671111,63.383652017469,0.172934616908576
e52c10ac-d11b-4e16-87bd-237269cd2de7,1772005477.134,-24.9,37.467,0.0669999999999997,48.3373113295983,21.9683262812199,12.8297620560123,0.31336220410494,-11.2418644194538,43.6826119415301,4.03180009309233,0.656336654324743,2.43062424638297,49.9321446575163,8.08406966727579,1.03492800736987,16.0863345065123,56.2127517022816,12.1475862829852,1.45795733391048,29.717841908549,62.5381834808667,16.0974001749218,5340,3.16,70.838324357601,82.3384459581276,23.8112967990304,5.75,112.255074921164,105.156110852854,0.0364566079855922
d3fee74a-ca3e-45c3-b2a3-8f9c5f938d09,1772005541.1,-24.9,37.467,0.0669999999999999,48.7558990062116,19.1932006212697,11.1323532884542,0.32153552826998,-10.9241292966576,43.094152832687,3.50882462962894,0.673505432051743,3.09218834208337,48.7068995074918,7.25349497679004,1.06165318995128,17.1204169445489,54.2975865653518,11.1232502782689,1.49419784048373,31.156399971945,59.873912094829,14.8443951219025,5850,2.78,64.8468343424738,73.3536844672811,20.0767278830961,5.33,113.144130731188,95.0873126583224,0.065169091228477
7f4fd573-3939-48ac-bac6-afafe7a000b8,1772005563.67,-24.9,37.467,0.0669999999999995,47.9614499604289,21.8288106729496,12.2038905190881,0.314047127819122,-11.2583227521335,43.7130934812997,3.79018675311007,0.65647343237506,2.36027100949523,50.062441877159,7.7098550205781,1.03237971180227,15.9183101298166,56.5239400723431,11.6874288695243,1.44899321661154,29.4010312263148,63.1249304860417,15.5143733820117,4539,2.9,66.2539288539281,82.5145000438021,21.8857455955008,5.55,113.738427589975,111.542873616623,0.111627509547579
7d8f42f2-51e0-4080-8537-928179566a4d,1772005779.341,-24.9,37.467,0.0670000000000004,47.6501798153569,22.0967905578586,14.7575248135305,0.308061249678783,-11.2679281871252,43.7308831599022,4.31262025381301,0.641271785697648,2.46410438142316,49.870138007901,8.63032160864681,1.00351556753716,16.281341572417,55.8515902316498,12.9036954684184,1.4002578120675,30.1969784571989,61.6508019916836,16.9699653613012,3609,3.02,76.3935863879296,78.9522496229609,24.8917606128991,5.79,135.320237901179,98.1752826009635,-0.0770697317174399
fe6014bb-f7b6-449e-b81a-00c6246fef91,1772005865.597,-24.9,37.467,0.0669999999999997,50.2759879937751,23.4432302770888,15.4457402012623,0.291476603813591,-11.3037003475147,43.7971347390131,4.30795463708561,0.604937457929403,2.33236904469889,50.1141175156422,8.55448665220354,0.943455237077672,15.9865264485635,56.3976005169767,12.7200485183346,1.31148013977655,29.6648569720473,62.6363138614225,16.6902592666536,3375,3.08,81.8798077896696,85.490363951997,25.9057480470435,5.95,143.390996677372,108.027572937773,0.0580075179720925
c7f65572-9a2f-49d7-a85f-35bc336fcc86,1772006037.463,-24.9,37.467,0.0669999999999999,50.7607015882982,26.083753833275,12.0017494176951,0.28189741258817,-11.59738223464,44.3410462211942,3.59941034606961,0.583866815919828,1.68180896453806,51.3189827557558,7.005729713929,0.9083538083583,14.9060230619888,58.3987392465265,10.2392519023609,1.25889721044085,28.0685996108542,65.5926511274619,13.2399844197145,3040,2.96,78.6842606922233,94.9677994423639,20.1771343545066,5.45,132.115759637077,128.10353757456,0.239709050685576
de71faf8-a2bd-4c98-b5bf-7638208cabca,1772006063.48,-24.9,37.467,0.0669999999999999,49.4243335263831,21.4747175523708,15.1107247182554,0.307603381905202,-11.1085051740001,43.4356248849999,4.71296657224408,0.641183355003006,2.74081123190788,49.3576650234413,9.43001761813647,1.00509934993132,16.6276529828452,55.2102066094385,14.109954602896,1.40557137124013,30.5598178036474,60.9788079213231,18.5987680177214,3825,3.14,77.9562630311129,79.5120429561724,27.9407051251478,6.07,135.575625154182,99.5642589344579,-0.0855635053751232
c9ba7d61-64cc-4a5d-af8a-1488ea3ba108,1772008491.85,-24.9,37.467,0.0669999999999997,42.2639042314973,13.0437868884872,11.0844744252758,0.380478266467777,-10.324582454899,41.9837663034733,4.25287955437496,0.801189704095403,4.25190485858767,46.5590546554434,8.14940258146533,1.26964868603349,18.7901601290677,51.2051503948972,11.5087094776097,1.79522591973099,33.2736988744734,55.952583491395,13.9452059143504,8624,2.36,47.0659940812833,60.6318342295939,14.8570992043358,4.47,89.5631911394669,76.6173657187476,0.0712677772588262
10c6ddb4-438b-4247-a4bb-1cf23b784117,1772008511.151,-24.9,37.467,0.0670000000000004,43.7743330959971,10.9672669083889,12.8226195472507,0.369198175497632,-9.90079492185708,41.1988935709971,4.66602061753652,0.77937651470802,5.16518184563025,44.8676264079383,8.91650604739695,1.23977534934249,20.2824367460436,48.441389937932,12.594567247843,1.76314426543043,35.4703161067335,51.8843539309054,15.3504750159854,8499,2.44,52.5377432594012,55.5086866694595,16.6259663624897,4.81,100.412136523596,63.6835035703135,-0.0283553323286263
e2517c8c-1a20-4743-8e54-426e35f8d4af,1772008530.233,-24.9,37.467,0.0669999999999999,43.9357930801112,11.1370947209138,13.1212677461515,0.366271529714899,-9.9434295759529,41.2778547835136,4.62018479151801,0.775476383043255,5.0188104556164,45.1387125156675,8.94697837458925,1.23795074641878,19.9628659619378,49.0332487704472,12.8161503108282,1.76803277865574,34.9019322256251,52.937025317104,15.8370089946508,8935,2.48,52.0577705645355,57.345596926141,17.3528796779169,4.75,96.6226426878705,66.687905134198,0.107608720237439
1a6856b2-c464-4766-b73b-03d53af26d3b,1772008547.855,-24.9,37.467,0.0669999999999999,43.8192556950622,11.5909773258057,13.3035248418258,0.366118568385356,-10.0062967706331,41.3942875311162,4.5091726592534,0.774004587004571,4.93205379445687,45.2993895823476,8.70111596256487,1.2337559463842,19.8876975372295,49.1724639249686,12.43971126064,1.75982093692326,34.8605841827742,53.0136036702754,15.3919104082746,8539,2.54,53.6237896346173,57.7897596873143,17.0561111963102,4.95,97.7466656371963,69.4171370808935,0.00423747176012035
50cca171-bee0-4053-978e-c34980a45daf,1772008568.443,-24.9,37.467,0.0669999999999999,43.8182557751952,10.4699787420476,13.5766970898909,0.374354369392144,-9.83054254072456,41.0687831405495,4.66708051460303,0.790938798665088,5.26770288929901,44.6777530270414,9.30779384389581,1.25940799542196,20.3689838144149,48.2811010461075,13.6518618639184,1.79317028471951,35.4793218132012,51.8676749753154,17.1591054790088,9189,2.54,53.5993144821521,56.1095834438402,19.0226904401078,4.95,100.155423114129,66.1555676548173,0.178933039310176
912487de-f009-404b-945a-19a6366555fb,1772008603.83,-24.9,37.467,0.0669999999999999,44.5242362074897,9.27833571593279,12.7794215205748,0.372751878492499,-9.62603136600942,40.6900196517597,4.81514946484803,0.785967687331147,5.62569014334452,44.0147452404331,9.16291569032158,1.24844750018711,20.8257333894265,47.4351811946587,12.8814744844666,1.77230144844975,35.9808985181265,50.9387333518673,15.6223193957018,9525,2.42,52.2454848674742,54.7479323194498,16.8382841229,4.83,100.54880515876,64.3109223336602,-0.00734133050519559
4d1f64ff-ca60-44fe-bedd-59b47d01f68e,1772008662.679,-24.9,37.467,0.0669999999999999,43.445336835757,11.2779567166709,10.1271096711295,0.369386499680093,-9.98177195786013,41.3488665233851,3.94496645040302,0.778760244746874,4.95543135864766,45.2560933283182,7.53379507340712,1.23677000972523,19.8880217219261,49.1718635209718,10.6353874607697,1.75522962311352,34.8265884757662,53.0765651813428,12.9404677404672,8824,2.38,50.5480918867071,57.1229238741647,13.9486538375989,4.65,96.3327115976151,67.4417510846845,-0.0134670019328339
7030168a-f82c-4124-a1e4-f0bbb580c3ce,1772008681.561,-24.9,37.467,0.0669999999999999,43.6496852914535,10.828732108218,12.8078360823115,0.374569019460098,-9.89963757055049,41.1967501066155,4.68814619851313,0.789096184231674,5.11900564339797,44.9531467198768,8.99272101073786,1.2521775003967,20.127307751615,48.7286955055818,12.7685244802091,1.77578532678828,35.1269443538835,52.5202931808876,15.6862140183362,9359,2.54,53.9303531389072,57.2817362572767,17.2782709571346,4.95,100.129736717165,68.5427337071198,0.0696509035024975
34d0aeff-d798-479a-900a-0f1f4a652a32,1772008862.802,-24.9,37.467,0.0669999999999997,49.0096271695063,23.5528989745544,11.3018258292218,0.294172253067521,-11.3763074513936,43.9316062172314,3.2112893661093,0.614847129343192,2.21662262230056,50.3284848665881,6.5010882213026,0.966839118725109,15.8561454578029,56.6390717177614,9.87377751982397,1.35704036639488,29.544285888758,62.8596166917809,13.2242576197261,5364,3,74.1355469766588,82.552734381747,20.4037946854038,5.31,118.486103802158,104.638147601969,-0.114699720555861
de0d7a3c-bef9-47da-b492-9595f6aa97d7,1772008900.501,-24.9,37.467,0.0670000000000002,48.4924550252572,25.3362456836474,9.41926427119049,0.295735124459082,-11.6430538080714,44.4256319388965,3.08003516638624,0.616861196101365,1.5969760540483,51.4760969534814,6.11242570731513,0.967709933580074,14.7843806411944,58.6240262400078,9.09794239858989,1.35448514213341,27.9054768446369,65.8947615041665,11.9367415164161,5275,2.86,67.5638645704344,89.4302133274658,17.2777519767757,5.23,109.943565250274,119.191024020705,-0.0136537102597091
220154a2-4fca-4efb-8b54-dd98295866c1,1772008916.358,-24.9,37.467,0.0669999999999999,49.3687693585548,23.5284400218177,6.87952723474627,0.284344146625973,-11.3770065158022,43.9329009145732,1.92913784369997,0.591510551652372,2.14486294831624,50.4613868682053,4.38088595926987,0.925007105904458,15.6365481020075,57.0457754625613,7.22144891683405,1.28992307005291,29.0947685865617,63.692142063015,10.2029234202586,5035,2.84,74.0588612419077,86.5366698775502,16.635468951237,5.43,126.721869521472,113.305036671957,0.0814106089850782
cdb35ab6-2c78-4835-847f-430c4d1ec8fe,1772008934.774,-24.9,37.467,0.0669999999999993,46.1422264086121,21.1713117280041,12.7736885262939,0.260120313114277,-11.2617308049962,43.7194053417351,3.40596927744452,0.54535897944162,2.40993899098058,49.9704546399103,6.76731371522957,0.860958414174703,16.0900461573988,56.2058775652526,10.092812872174,1.21482844494558,29.7801000721622,62.4228786849864,13.2929146641695,5814,2.76,73.7677800509631,82.2029396800938,19.8610186976581,5.35,124.04995701614,104.900500389021,0.0225450240863263
e7c09db5-793e-4eeb-abad-c1c88678e2a8,1772008952.668,-24.9,37.467,0.0669999999999999,47.3977220287978,22.861523173108,9.78574320906842,0.306042937226778,-11.3967481729712,43.9694633124678,3.32535738833044,0.637299015439805,2.14509334504833,50.4609601635513,6.47124833436387,0.997540793966528,15.6996540771058,56.9289004833579,9.41544993865404,1.39201696830187,29.2661530641278,63.3747306416696,12.0340190728766,5445,2.62,64.4848223543918,80.0383606898038,15.7034951958318,4.97,115.173628630697,104.825372277389,0.156053932893955
f6a7a97f-5ab3-4631-8aa7-98d5e35a5ae7,1772009100.153,-24.9,37.467,0.0669999999999999,50.4242800265459,25.5883611446118,9.80823881002477,0.281152524084309,-11.5329266664424,44.2216717375434,2.5800139840874,0.58657728563611,1.89634619515359,50.9216505803555,5.39201679886499,0.920348267878407,15.3660932198499,57.5466695328678,8.42132332666103,1.28838708521358,28.8802354039723,64.0894667412969,11.5398067413152,5159,2.9,75.0388375086885,85.6656880896355,18.7465622832122,5.29,124.280333781023,109.674849745978,0.0322947070290072
ae3e0d19-fec2-4e60-a7aa-dae25197bb20,1772009305.357,-24.9,37.467,0.0670000000000004,57.6897130759715,25.4261377941234,9.40393822782995,0.244197006744026,-11.1759163261911,43.5604732372857,2.20905596227079,0.502938069089263,2.50952864060582,49.7860103268211,4.24414011265919,0.777378685790934,16.1165005396427,56.156882911897,6.13777711337682,1.06930164643441,29.6284229922723,62.703791158491,7.84777861185357,2575,2.32,77.9778242279512,88.9165641229784,11.3191512198385,4.29,133.422813640591,129.52998274212,0.0496382088942848
f7543877-ca82-4af3-8b42-fd441a5c95e7,1772009322.677,-24.9,37.467,0.0670000000000002,58.3046251034098,31.1529140235235,9.44874955075733,0.237998182010204,-11.727501166211,44.5820320770923,1.9516360670149,0.489628694204607,1.36506368481915,51.9056086326602,4.06551374454639,0.755893356114001,14.3379890076271,59.4507627385489,6.21969841561567,1.03843316468042,27.1743620694055,67.248817503102,8.2308626014234,2419,2.18,70.6648301229788,97.0518142050907,11.8978275975394,4.49,132.477117882785,154.200797608711,0.151396530599813
e4fd65d8-d9e5-4bb4-8fe0-470d85e61158,1772009339.397,-24.9,37.467,0.0670000000000001,57.3797570170696,21.9586438308061,11.9467577576197,0.260359367550501,-10.8071963144725,42.8775879219982,2.87231888996052,0.536428986857804,3.28957664969602,48.3413278748326,5.79033930039814,0.82959255396263,17.3629856624917,53.8483388701721,8.73798658226215,1.14199792426143,31.4133943031739,59.397947543596,11.6149053526473,2715,2.8,92.6770746329462,84.0270934481123,19.3753150388882,5.53,168.027558688983,112.11791768915,0.00180691597958055
c8c29c61-1f7c-4512-934c-5c715ac6bab1,1772009355.845,-24.9,37.467,0.0670000000000002,58.7959038201914,25.6354195076635,12.1788403477558,0.246089266746016,-11.1107243964833,43.4397349804571,2.79200829841285,0.507285876434398,2.75966551391917,49.3227460824926,5.60234753095441,0.785065988872003,16.6906194110984,55.0935900769922,8.45324212593384,1.08170417850981,30.6887161415851,60.7400826573151,11.2897292853242,3185,3.1,106.493586850826,88.1223877287887,21.3914277237985,5.77,178.706260610091,110.848230060586,0.189857527262407
3de57660-05f7-405f-8d00-deb53b859139,1772009383.901,-24.9,37.467,0.0669999999999995,58.093009387894,28.1663182888802,10.4681461454688,0.245350870428146,-11.3977877108412,43.9713885812993,2.38426811364914,0.506796339295671,2.1883396580633,50.3808661324175,4.95082792732043,0.786140507745867,15.840428670937,56.6681798828002,7.7131741790953,1.08609856040998,29.5678687593248,62.8159402015157,10.6005557434482,3735,3.14,103.039067554649,91.7653481121923,21.6155757837362,5.93,174.994422317788,114.242944940263,-0.0307139105674322
c87d404b-b8a2-4cb5-9c7e-0bda3db06810,1772009437.473,-24.9,37.467,0.0670000000000002,62.525538425229,23.0262386938305,11.5655481073363,0.247060121057666,-10.7045947362145,42.6875653875795,2.71343857389135,0.511105465312055,3.52980265013107,47.8964189932053,5.69285928985251,0.794267199257417,17.78066114834,53.0747859118938,8.95435418908636,1.09972309150719,32.0545053746917,58.2105822737614,12.4276026938406,3715,3.34,110.029104093825,83.9703082507899,27.010308301847,6.33,184.653769370258,98.4807663863471,0.100828894116647
bf6b0d9e-2c45-497e-ba5f-e0276d3e69e5,1772009584.362,-24.9,37.467,0.0669999999999999,61.109948005192,24.2336505948059,9.75908738740073,0.241631676460696,-10.8817408215543,43.0156475542494,2.1957015251613,0.499520304734331,3.17919947888451,48.5457511409819,4.52981889442768,0.775663467057909,17.2597625068556,54.0395125926206,7.04249101357965,1.0730386055723,31.3649807871273,59.4876114569148,9.69601992167008,3924,3.36,111.459510302696,88.2965806234297,21.6056152042159,5.97,174.042736486181,105.175800107977,0.162566312447621
cf838356-8956-4211-a3b7-7ee46e2a4f74,1772009636.505,-24.9,37.467,0.0670000000000002,59.9503046035024,20.0973435716145,13.0719570239781,0.25911083079485,-10.4645190492473,42.2429348929576,3.05601051525988,0.536601525586265,4.09090968177362,46.8572246450949,6.31604008893377,0.834969403386049,18.7539246293739,51.2722600983214,9.78438545027675,1.15797056847618,33.5437616531879,55.452415613524,13.3768890168392,4219,3.26,107.616268649255,70.4145950944949,26.0527314322716,6.41,182.242752588219,72.9533532618359,0.175621336315224
c1f45b0c-ef21-4703-bb15-499dbd585ab9,1772009651.447,-24.9,37.467,0.0670000000000002,61.2661239539734,23.1275366539657,12.3696724050735,0.247113453574259,-10.7536592531782,42.7784349825874,3.03602325725756,0.511005636532022,3.46128405803016,48.02331837182,6.18629345510258,0.793791701825826,17.7238021504209,53.1800912207647,9.47398335322501,1.09865359670455,32.0413195042658,58.2350030727333,12.8416441946244,3735,3.28,108.911952250078,82.3588642737026,25.8755892759144,6.13,174.732457807084,98.4897892293467,-0.0220457206395099
7eb69a9c-6e85-42fd-84ea-73b0d3873414,1772009679.222,-24.9,37.467,0.0670000000000002,60.6605550972848,16.6837993682156,14.1311736069192,0.264100731756689,-10.0681792722323,41.5088965847944,3.65293164509491,0.54561543839214,4.8470973527189,45.4567325652563,7.3063991746582,0.846547800247888,19.8255523473347,49.2875594886651,10.9665946473373,1.169921210779,34.8770697381203,52.9830717129571,14.5578939866582,3059,3.18,108.80382384325,68.0290543087756,25.8365227534615,6.09,183.961747847388,76.8906483316978,0.0468076836321749
405c271c-486b-4cd5-bacd-686dcbab8d12,1772009775.909,-24.9,37.467,0.0669999999999997,57.096829878873,27.61906153841,18.783712689286,0.237648091457071,-11.4004256103445,43.9762740845992,4.95647954276399,0.490956059995265,2.15465890690745,50.4432443317047,9.7433325265528,0.761739960150098,15.7444386503884,56.8459575280688,14.3858547375161,1.05281765932414,29.3753983840622,63.1724036120099,18.838900679775,2370,3.34,109.109528045597,97.0187245959695,35.2069517241986,6.55,186.719190449071,122.389075291247,0.0693360811880128
52858103-8a0d-469c-827c-86d4852bcbf4,1772009875.075,-24.9,37.467,0.0670000000000002,60.8767935697145,27.9464769542971,17.194269815487,0.243850233475385,-11.1582982353386,43.5278437755147,4.1132316849817,0.501295199290516,2.64565627297898,49.5338960986858,8.12090635194628,0.773487946328628,16.4913816732758,55.4625869339189,12.0454147859566,1.06226466245124,30.3859138011662,61.3008856111415,15.838867940366,2349,3.32,116.372360302798,93.5058170265698,30.4329686762397,6.45,202.151715150384,114.091647116671,0.146894461608596
e0dc289c-2db6-4a00-852b-481a62571cf8,1772009926.837,-24.9,37.467,0.0669999999999997,61.3407806965901,27.977357186995,15.8935967473357,0.239874659540236,-11.2352896974216,43.670435273638,3.69921224806155,0.493730900580688,2.4966318245914,49.8098957845947,7.33167001559697,0.762819492826507,16.2751778054119,55.8630057931623,10.9204484030961,1.04919772882582,30.107231524923,61.8170171690418,14.4160988362105,2250,3.22,112.52960381589,93.6205823908293,27.6079044602615,6.23,193.172922850442,116.481118410484,-0.0984212917607318
4d65bcfc-305c-44c0-8cdb-906e296bff39,1772009943.948,-24.9,37.467,0.0670000000000004,58.7973415902237,29.6339968114225,14.4285460963754,0.242543936984327,-11.4992810193315,44.1593585524568,3.29776939707764,0.500913030511567,2.01228286400702,50.7069308847948,6.65929361560596,0.776959677853727,15.6218104819695,57.0730701685344,10.1167411536053,1.07347603629559,29.3447794421516,63.2291112089286,13.6266581896251,3290,3.44,112.837146116139,92.534561450926,28.6948579535273,6.37,185.926614238515,105.744387577004,0.116440597219363
2a2e0cbe-0ac0-4d8a-8704-206b53c43599,1772009971.148,-24.9,37.467,0.0670000000000002,58.1025663195002,29.5586542702437,16.7253865758502,0.247193877232211,-11.5369825174857,44.229183348062,3.92736342585352,0.508299364780007,1.88473542831669,50.9431542197571,7.76611353016227,0.784453107821569,15.3438009385818,57.5879557962613,11.5252219676707,1.07750296463254,28.8452299146296,64.1542984126648,15.1393182454418,1855,3.06,102.946041989281,97.7794170486866,27.1640752340774,5.99,182.77439625668,128.133369419068,0.135717455093291
269ee30d-c6d0-4f9e-927b-006583f92d82,1772009987.022,-24.9,37.467,0.0669999999999997,58.0461770858141,29.8690859598448,18.830551886159,0.247847652374023,-11.4295502780318,44.0302142214082,4.29962272823668,0.509861504259027,2.09768886016866,50.5487553077644,8.5160927142042,0.787242638698358,15.6605352866586,57.001350165228,12.6448765165389,1.08191087216595,29.2645615456115,63.3776782023911,16.6054212255671,1605,3.02,101.915446055712,95.0799600985301,29.2664812392336,6.25,190.199033835197,125.639844822547,0.148790162988959
8a354581-8fa7-40c4-9724-dc24c13f3f57,1772010012.515,-24.9,37.467,0.0669999999999999,57.5125768185,30.9822898094111,13.2313156742047,0.243126162425699,-11.5605288874558,44.2727922376527,2.97407123457469,0.500893652240585,1.83430555884806,51.0365525063092,6.00202842442296,0.774716390380909,15.2626262731525,57.738294766844,9.09750827366894,1.06675732025767,28.7286749638958,64.3701631928518,12.194705911703,2525,3.02,100.343669612335,97.6626840950177,23.1872104588827,5.61,167.77515832825,125.661835125824,0.222119663869825
0a112576-5439-48d9-814b-3aa8874df4f2,1772010085.582,-24.9,37.467,0.0670000000000002,59.8883612202784,29.612453927003,13.0186167784914,0.239780116180246,-11.4452047682025,44.0592070102888,2.95754991241301,0.494678820161501,2.09166487867857,50.5599119804927,6.04483700000064,0.766314107240635,15.6922413910657,56.9426290966219,9.28780981907836,1.05720756063574,29.3654709257543,63.19078969164,12.6351949570406,3049,3.4,112.917670605622,96.2503542937354,27.5174716727934,6.37,185.724030523994,118.099761860322,0.160287514577423
2b69cf8c-9ac8-4c24-b785-3c2e7dd84208,1772606107.867,-24.9,37.467,0.0669999999999995,34.3338533129763,17.8584596188071,15.7053640100036,0.461088148527724,-11.6083643240228,44.3613855229201,6.91758411620457,0.989186059936221,1.73033167585234,51.2291166081062,13.2543219240964,1.60352848866547,15.0926615462065,58.0530767489969,18.2851656904086,2.32793211420381,28.4767039115936,64.8368244155305,20.6775919953808,11549,2.4,29.6951091465832,65.4526295595878,20.7003159256559,4.87,65.9205227524743,84.0246185312851,0.0858142124434979
811eea51-f7b5-4389-8e60-621932ad4ed8,1772606145.787,-24.9,37.467,0.0670000000000002,32.7702583696679,16.9626344581609,19.2099362960402,0.483772381332253,-11.5715729324648,44.2932462838622,8.78045928485503,1.03951210027806,1.84982221285436,51.0078149959313,16.7692140952858,1.68867923814423,15.3442803506785,57.5870679044451,23.1051381588599,2.45783249721074,28.9026470299407,64.0479594463871,26.2083093801591,9915,2.56,30.5438868455316,64.8241845867182,26.2572622412045,5.25,67.8975756356336,83.6599060749191,0.236494504873572
711ed05d-46f6-49ee-ae02-3bb3815fafbf,1772606159.026,-24.9,37.467,0.0670000000000002,36.2375055887729,18.5819164715092,16.7557828991725,0.433587480631239,-11.5714352455593,44.2929912817931,7.00887620518531,0.923904618830409,1.79009022809053,51.1184411999663,13.4219328469231,1.48571900926606,15.1532312513274,57.9408990508417,18.8207672748774,2.13819805644986,28.5045873139055,64.7851831555666,22.385171720111,8719.9510319726,2.58,36.4829792261244,68.9143201373386,23.1040825111592,5.11,74.5472650060373,89.9226429831355,0.171037469683635
7a78b859-cabd-4848-ae90-a1a93b56152c,1772606174.811,-24.9,37.467,0.0670000000000002,36.8749120553271,16.6516084718896,16.8619318378611,0.431825598787631,-11.340131752935,43.8646072682659,6.99343261705477,0.916965890112381,1.90753422705191,50.9009298642362,13.2661070355119,1.46809378195623,14.7328796261587,58.7194083342054,18.2853473672499,2.10133555379683,27.0377079672458,67.5019067759183,21.14172890253,7350,2.36,31.445774895876,71.0351912568296,21.4003231499366,4.83,64.3219471546137,103.712641681719,0.0611944144335529
58f345a5-bff7-4588-8aed-242429cc18c8,1772606221.037,-24.9,37.467,0.0670000000000004,32.8685654609222,17.4154867854709,19.6890152025505,0.488590431683581,-11.6027145810938,44.3509219560977,9.1063499007694,1.05567615553262,1.91277261205079,50.8912281499872,17.3652433704944,1.728200512071,15.676881668295,56.9710759636041,23.7881063749489,2.54175499800498,29.7463134098088,62.4854530363654,26.4701512999327,12348.9510890602,2.52,29.3997795974228,62.3582521573102,26.4710441096727,5.23,67.2548959840272,75.7239097533385,-0.00400477294750234
6331d4be-029c-4dda-9ae0-40b78b721fb1,1772606245.676,-24.9,37.467,0.0669999999999997,39.8716944055853,18.510378932261,17.0656554951791,0.397276878779396,-11.31188379872,43.8122908425031,6.44383628476254,0.846597792984247,2.28251816075571,50.2064434961069,12.70625753,1.362951418976,15.8441372085849,56.661311511623,18.456363698708,1.96828587800685,29.349982899469,63.2194741822477,22.9840747944927,11454.4156114574,2.72,43.2701572886453,70.2198361387575,25.0039032929632,5.41,81.7539593335226,92.1814423977399,0.0926560856241177
65317279-7f27-48f5-829c-8e55ebd77416,1772606259.72,-24.9,37.467,0.0669999999999993,31.4976969767656,16.6085769531692,21.4350404341471,0.520676886482493,-11.6130957742238,44.370148372127,10.3706467636018,1.12759881962794,1.82015870725244,51.0627530837261,19.7524896612469,1.85007310493168,15.4062115553741,57.4723686505383,26.9187926872252,2.72367696204362,29.1692050232542,63.5542825817715,29.5594310505476,10939,2.64,27.9504650457452,63.0316023570183,29.5910915344812,5.47,65.0480236390315,79.1029427390906,0.240510129258415
a4acabb8-32dd-4bc4-8540-b04f30bb9bac,1772606278.395,-24.9,37.467,0.0670000000000006,42.7384103911285,16.9372653698467,14.4414879510917,0.368498711367208,-10.9506322378802,43.1432374193587,4.86799975123926,0.779925523843233,2.83452479399268,49.1841034771268,9.87080885452626,1.24499246299711,16.387157623537,55.6556143552803,14.7205013942054,1.77898411508545,29.6577539477122,62.6494689678947,18.8300654653385,10649.466136854,2.62,46.6211525788673,72.8024841548987,21.4011197842935,5.23,85.9671717119162,99.0312799054064,0.177806188977348
7e2f15da-059c-4c99-9ac8-09063e93ffb1,1772606313.037,-24.9,37.467,0.0669999999999997,45.1699190960744,15.6214558340507,17.8126475052527,0.359265556369213,-10.6746023170141,42.6320181376582,6.19521052224165,0.758286457744889,3.24400786649707,48.4257232206047,12.0420518713938,1.20663575334985,16.7360725026622,55.0094089971027,17.2637492697655,1.71837479675462,29.6725032075698,62.6221527044752,21.318708577565,9315,2.4,43.4495744693667,72.9306255379937,23.3487838646705,4.79,72.9076734573467,110.709934465558,0.0243233256480099
f381f2a6-c8bd-4307-bdce-deac9f2e0ea9,1772606367.268,-24.9,37.467,0.0669999999999997,35.149837701157,21.6597161666666,18.9457539566131,0.430830666498436,-12.0340757234347,45.1498213386325,7.97409231897359,0.920723461294504,0.862813630487274,52.8357973281609,15.7030080453206,1.48771247956788,13.7583839196718,60.524216282298,22.6802867310175,2.1581363969876,26.6345878352615,68.2485025930145,27.8857707918481,11190,2.82,37.3370819922912,74.7759832364724,29.5988504501199,5.83,75.5110131404402,100.867813150169,0.0319399295611933
882e89b4-c30f-477d-b6f1-ff59be58f739,1772606389.717,-24.9,37.467,0.0669999999999995,32.8914212569258,18.5661460669811,16.3105825530199,0.470174641182383,-11.8038043997703,44.7233489463983,6.95016554890569,1.00679179839023,1.36321883386086,51.9090253759567,13.3133967869316,1.62693305249912,14.5889379012204,58.9859945977483,18.1416809108617,2.34936578683403,27.8874285855465,65.9281876560096,19.9165543354628,11349,2.3,27.0373617769829,65.4900926385728,19.9302336037512,4.83,65.9890001679576,85.0500222427304,-0.0120241992954798
76c41008-1f57-43b9-9d96-acf2b4ba83c7,1772606407.32,-24.9,37.467,0.0669999999999999,40.2967050299433,13.9331969315232,19.7221814092475,0.414313880019353,-10.6174579633689,42.5261843377133,7.9990644617455,0.882889367619015,3.5595521746414,47.8413215946936,15.8163549030661,1.42114324398559,17.5573360478208,53.4883936002014,23.0025300876507,2.05122027136321,31.3083511963849,59.5924918938307,28.65640556235,10484.8212192674,2.84,45.3775655124351,66.6761443035668,31.2153752083765,5.81,86.1892509974537,92.516336734141,0.139937047088246
edb21d76-70d8-463a-af54-c01f50d30964,1772606482.043,-24.9,37.467,0.0670000000000002,31.3483772046156,18.4890242163863,22.3368025513498,0.508793851974866,-11.9318404256392,44.9604771713789,10.7546194994496,1.10250927930024,1.20999375364793,52.1928048126177,20.6149157993049,1.81213492024013,14.5373188315894,59.0815953341322,28.5598131723363,2.67939568585913,28.0748147134181,65.5811404902872,32.4892142824966,11729,2.78,29.4916253769627,66.2355960214285,32.535305482229,5.71,65.708922282812,84.1004398969819,0.150328809184498
1460f406-f28f-4fe1-aa38-cc555fa519bf,1772606530.697,-24.9,37.467,0.0670000000000004,51.1204368637718,26.1537419289595,16.371069664146,0.299090831200116,-11.5510839092811,44.2552997319743,5.09991136608171,0.62612456505203,1.86209095922523,50.9850927501421,10.4338766868934,0.986782100863679,15.3205069473299,57.6310972696145,15.9652999319494,1.38960091833075,28.8323860954826,64.1780857179614,21.5319578523108,7964,3.34,76.5735046291899,86.0084510648607,34.7905802887855,6.65,130.091010849048,110.968110886324,0.0594711013235008
6124fde6-5e49-4079-a928-f8d1d028a18e,1772606563.475,-24.9,37.467,0.0670000000000006,51.2047436302937,24.4021066594608,17.0267324587625,0.301582783740528,-11.3580073028629,43.8977135553143,5.23085689935372,0.631729103418691,2.23220847653557,50.2996191944113,10.677765758824,0.996408123303551,15.8493768106967,56.6516075432286,16.3166631789236,1.40467079421251,29.4998666403076,62.941883049773,22.0024857552046,8160,3.44,78.2004078616211,84.4081863843269,35.9713845585094,6.75,130.590630935156,106.293972268053,-0.0361026738550023
30cdcf9a-3f9e-405f-9fdd-5938fb73d111,1772606590.53,-24.9,37.467,0.0669999999999997,42.979209762508,27.1992391124183,17.4980717807121,0.336611703764061,-12.1795668453368,45.4192771519704,6.08976969229407,0.708259498622125,0.655980250557565,53.2188616408542,12.0840662337398,1.12280027691953,13.6045864392897,60.8090558286834,17.8920368870515,1.59183415669164,26.696742591465,68.133389312103,23.2606759586751,8339,3.08,59.705992554471,84.4600208198475,30.9285132292314,6.01,108.94958309735,103.883791429693,-0.0863302345013075
b19bc9d6-67ec-4932-bcf6-a6dfb4f28f9b,1772606612.632,-24.9,37.467,0.0669999999999999,49.2710914943071,27.8962728503642,17.5808871800947,0.309949193323792,-11.8341606995459,44.7795701187904,5.34735469508229,0.650398874663389,1.33703797999947,51.957513442987,11.1439381492594,1.02809350990336,14.6072496901783,58.9520803772596,17.2752846965441,1.45322314324327,28.0021140427565,65.7157852582101,23.4646766245587,9779,3.24,70.2887600553621,84.1706633120881,36.0457619225689,6.69,126.317903338191,102.934146136186,0.225097811005661
02a5cd93-2752-4041-95a9-808b518bd3a6,1772606634.367,-24.9,37.467,0.0669999999999999,51.8947136522187,27.2841456469538,11.0808442234604,0.273021347805713,-11.6304341022496,44.4022597011143,2.89834840731835,0.571149615721821,1.72008214060375,51.2480991880784,6.16441412457111,0.899472295951843,15.1382947259461,57.9685621380627,9.8186853741582,1.26569522590907,28.640837017747,64.5328428458233,13.7761381935353,7210,3.3,82.1725009325349,87.4244795467926,25.9816591776105,6.11,131.515324916717,104.134346521266,0.0413209691120396
dacbac37-665d-45c8-b2ac-4e65985d9d8a,1772606682.529,-24.9,37.467,0.0669999999999997,51.030565436695,26.947607099828,17.4963605350248,0.300442033505855,-11.6741629739785,44.4832474517345,5.252354171031,0.627732926985877,1.54764668787743,51.5674570606085,10.9440151647698,0.98703428424751,14.7360271483236,58.7135789878243,16.982918009115,1.38611386627573,27.8863618143332,65.9301633621638,23.1460707341301,7509,3.44,76.2349844338365,93.3903473872039,38.762555847364,7.07,132.200601455129,122.798233866246,0.0523201805785862
5e183986-860e-439f-83b4-96c65f91e03f,1772606732.416,-24.9,37.467,0.0670000000000004,46.740743676904,28.3953691602841,18.6327794819586,0.318261715861676,-12.0201804691657,45.1240867302822,6.07180912809966,0.669358017901666,1.04089272572687,52.5059871870406,12.533628160647,1.06097792585262,14.2966044967426,59.5274086320866,19.1908951782111,1.50495188068848,27.8003710152646,66.0894220193223,25.6647537017815,10675,3.1,65.6892911001121,80.1039075181896,36.2788201626794,6.39,120.895262395464,90.9069822721423,-0.0194722349923548
d9eb7828-ecee-42bf-bf6e-415306b26229,1772606761.863,-24.9,37.467,0.0670000000000002,52.0097963352061,25.0641061851173,17.2942931243617,0.292757892330715,-11.3994693616934,43.9745030709821,5.08789175984048,0.611759168749035,2.12632786105783,50.4957146467475,10.3274677386212,0.962086205014667,15.6528018045508,57.0156729066025,15.7031252181357,1.35135263742749,29.1822572586699,63.5301092805842,21.0899546446858,8115,3.42,80.7099406649181,87.9813580048674,35.2493608120508,6.71,135.424656359484,110.927053243572,0.0279658342397837
600fc5d2-47a6-4791-bc3e-aa7f8dea33fb,1772606792.538,-24.9,37.467,0.0670000000000002,51.2427026897767,25.1960258913673,18.1626492270421,0.304997038706901,-11.3342509892131,43.853715841002,5.96854483752906,0.639688155101837,2.26735033965495,50.2345349529453,12.0634064827444,1.01058267760571,15.8803856183004,56.5941778982836,18.2575571350141,1.4274158246661,29.5067870616147,62.9290661319599,24.4012643037902,8489,3.46,76.5671700230525,84.5153749560354,38.749988864385,6.79,128.138321494102,108.699486339668,-0.10896076205773
5519dcab-f1a9-4ba7-90d8-e2988c74b9d3,1772606818.256,-24.9,37.467,0.0669999999999997,50.8070485317999,26.632178080985,13.4450011803753,0.288900978581639,-11.6129498395006,44.3698780947449,3.64065187913923,0.604770084121644,1.78105858150183,51.1351681977757,7.62804814702599,0.953114065579453,15.2746589240908,57.7160097799471,11.93963251717,1.34210507082623,28.8921098682558,64.0674747228861,16.4264525705147,9080,3.18,77.1381409493061,83.0909581159134,27.3894905917851,6.13,131.048559985855,98.2576242968991,-0.000250874531310338
8c11f57a-dff0-44eb-953f-cecb8485a64a,1772606898.398,-24.9,37.467,0.0669999999999999,52.0137051637419,25.7283716396386,17.4751007724046,0.296696466878269,-11.4618274775289,44.0899929826759,5.30169127960265,0.620670384644435,2.02490025896005,50.6835629268409,10.8473515408049,0.97739201420824,15.5382089116024,57.2279038714097,16.6052738851403,1.37498714668926,29.0827650724422,63.7143730872705,22.4216455620171,7960,3.4,78.8685615916594,86.7405417601975,37.1733155494588,6.83,135.086419619643,113.277975894353,0.0288573791716097
53ed3e03-0979-4756-a3aa-88ad687c733a,1772606931.125,-24.9,37.467,0.0669999999999997,50.8499012740214,27.4418815270124,19.2167309253116,0.310323274470492,-11.7049559192838,44.5402773104216,6.42444031565682,0.649672533342791,1.56110650467703,51.5425289011737,12.891918512603,1.02401725756863,14.8839512739342,58.4396171470082,19.3519322350622,1.44230938715529,28.2789148645151,65.2031382349108,25.6298227159536,8230,3.4,74.6634054577132,86.4731915710071,39.4589012496899,6.91,131.37324127883,106.91287249351,0.131293235340968
6b7b2603-5212-41e6-8988-682615cb7849,1772607112.34,-24.9,37.467,0.0670000000000002,57.6892895931505,30.9422970285308,15.7607664939056,0.253387552212489,-11.6997830662326,44.5306969641573,3.6304949760666,0.52543507269187,1.54073553666967,51.580256809799,7.58251398123979,0.818892018040831,14.7983628431338,58.5981306008336,11.8828306182447,1.1378949357582,28.0757168396944,65.5794697136354,16.4730126985682,4934.45691033978,3.66,100.956777152772,102.688840388266,37.1462497378702,6.85,157.973240472645,131.268697487811,0.111888808143738
0ebcc94d-f14a-41cc-8174-65b050cd5452,1772607150.086,-24.9,37.467,0.0670000000000004,60.0412180803867,30.975564151714,15.5583471840014,0.246962551703656,-11.3422742569545,43.8685752778297,3.88950871313652,0.511204879811656,2.27714764201914,50.2163899277193,7.98160696573395,0.795099551007567,15.9376794383219,56.4880672801832,12.3083411575725,1.10223642714214,29.6460430707399,62.6711580155714,16.8241761548843,5299,3.78,112.674347473565,96.3979008089814,38.4984111073146,7.33,180.731171832417,120.296052071441,-0.0763041268539082
3020d009-598d-4cca-a232-72a3276f5996,1772607201.696,-24.9,37.467,0.0669999999999997,53.2640590537213,32.8189748831198,16.9061168151829,0.264882079603634,-12.083520225445,45.2413946822846,4.21057318740012,0.551651965372365,0.916635861961989,52.7361162413146,8.60560207338623,0.864097398898537,14.1079206401562,59.8768592471864,13.1676492059573,1.20788252408159,27.5326309522985,66.5852881277592,17.7753183455639,8449,3.08,84.709449618311,86.3072754600784,30.4707385706072,6.13,151.131912207718,90.0374346568613,0.140483482291263
2fa8c8dd-c692-4cc1-8617-a49c5ef3816b,1772607223.921,-24.9,37.467,0.0669999999999998,65.7298701956323,17.8604966915629,9.57587432127058,0.239247221357282,-10.1825508700895,41.7207177015779,1.89466052496798,0.491108690076181,4.19450417581595,46.6653631879518,3.54112083433702,0.756272207238643,18.1998141226786,52.298496581405,4.94919201058876,1.03599709032437,31.8376801206987,58.6121519668332,6.05114698628716,3349,1.6,56.3207977430662,72.0464580071512,6.98384704624116,3.07,108.166491279443,105.531750652958,0.0993528496008416
b001ea34-55c1-4124-b0db-49b0fb2d10e3,1772607247.137,-24.9,37.467,0.0670000000000001,54.4381328214328,29.3018582409023,4.83368287773236,0.251947798658361,-11.7357227135815,44.5972587363182,1.23513723702167,0.518799094456734,1.39569159862164,51.848884419412,2.49664999455762,0.801841671792803,14.4626753411913,59.2198382877409,3.79084639137907,1.10304591294547,27.4584718639795,66.7226339478899,5.04225025698001,3200,2.26,69.9022504190795,92.6881051445741,7.47764795040563,4.09,120.437012084443,127.060229557772,0.101426780304892
9120aae9-07ed-4a24-8743-8f27348d9069,1772607267.258,-24.9,37.467,0.0670000000000002,59.1676239737317,24.2548174351319,10.2441555680482,0.249474991537926,-10.9535062139747,43.1485601466561,2.06425915494066,0.516718211488682,3.07037374534043,48.747301078606,4.37914897736838,0.804136583977558,17.1528748192813,54.23747318578,6.95969351142098,1.11527282772792,31.3037116671979,59.6010845013675,9.73199079743871,4509.84367800038,3.16,101.856406841885,83.0724153861191,20.1228464153443,6.03,169.017559367933,100.143805071572,0.0398938516840119
1a439799-b52b-4b52-8518-e179233ebf3f,1772607319.191,-24.9,37.467,0.0669999999999997,57.3975533913743,30.6361026708121,12.9775015684887,0.246343224528999,-11.6875344057532,44.5080119183028,3.23512186257572,0.507694100756502,1.56517650214637,51.5349910908658,6.51331668022372,0.785585078515045,14.8345051667155,58.5311934635752,9.86113999420639,1.08240129625498,28.122451130159,65.4929157982949,13.2303496501238,3400,3.46,108.255172728738,106.205373504953,27.453487108524,6.55,177.203037477075,139.852092865379,0.226155817003148
8cb83fd7-c0c7-4e05-bd7f-191a91eb0537,1772607352.61,-24.9,37.467,0.0670000000000006,56.8246887601377,29.2968920663763,16.0751823933663,0.259655543885453,-11.3237518500397,43.834270983829,4.12854996710495,0.54036597102485,2.38958116068775,50.0081582169234,8.47526060819,0.845745385719011,16.2326956146736,55.9416846369853,13.0556228274165,1.1811664829113,30.229077782932,61.5913526602748,17.7939612623979,6039,3.4,97.5980298438525,81.9391842083577,34.4141726431037,6.53,157.322339306159,94.8096712025978,-0.00577815588327769
e9a42a3e-8d9d-4680-82d9-0ddb5443d583,1772607370.169,-24.9,37.467,0.0670000000000002,56.9553391692319,26.316413330437,17.8162137383591,0.272874742535502,-11.2900209233721,43.7717998573368,5.29521521820853,0.566351766986055,2.33012506311372,50.1182734660208,10.7200212557402,0.883521898359783,15.9307833868026,56.5008390641015,16.2782929979466,1.22898419263176,29.5072907259128,62.9281333240243,21.8866580827832,5220,3.7,97.5653482665307,96.7975412068373,42.2725964314163,7.29,160.278839127185,132.704961068889,0.119811239994325
800048ac-92f1-4c1a-aa76-b6272b8fa68d,1772607446.892,-24.9,37.467,0.0669999999999999,55.5950037069416,25.9342051659304,13.6154814252261,0.265263664326566,-11.2904125372221,43.7725251430249,3.66353250187995,0.548030949961443,2.40283433732709,49.9836127639502,7.28210926033725,0.850239363435384,16.1609534235812,56.074554259535,10.8633418013974,1.17478510984073,29.9923823331279,62.029722810333,14.3338053806317,3284,3.12,96.3971472740501,87.678258821073,24.674810045197,5.93,166.241766663481,110.327499802051,0.148061533553781
23cfdb37-3d15-4959-a6dc-c1bd807f35f5,1772607493.42,-24.9,37.467,0.0669999999999998,57.6874110083765,33.5179219570169,14.9062037127135,0.248470831218302,-11.9610196175467,45.0145182893879,3.5585376254662,0.51432720723701,0.97511496721081,52.6278104240105,7.34247021842913,0.799903555913839,13.8774144104473,60.3037666955149,11.379821074231,1.10874063851304,26.7377578444526,68.0574273000672,15.6182658294967,5199,3.68,99.6634142531257,116.263692239049,35.2310733353013,7.03,155.354153300879,165.399447732536,0.237736027076816
88df1da8-30f4-46ee-bf3b-23366806b804,1772607518.522,-24.9,37.467,0.0669999999999997,60.0233773867288,29.4494191591789,17.3895706961845,0.251376845325591,-11.4494986088228,44.0671593877368,4.44292590936747,0.52045539968314,2.02547638793973,50.6824959111992,9.08231223643814,0.809698325838722,15.4979405596369,57.3024825906387,13.9412931151232,1.12270623154421,28.9662189464051,63.9302215237397,18.9621524849765,5460,3.76,107.0206318012,103.146495995873,41.6238621716456,7.39,173.113337629626,141.315634327951,-0.0829988987689303
c5521f35-0cb6-466c-820d-695d2c1a35e8,1772607910.16,-24.9,37.467,0.0669999999999997,61.3894946703203,37.4088607717391,16.7835759318353,0.230295399594208,-12.0711950717461,45.2185679676986,3.66917414026051,0.47489157775643,0.870530382649723,52.8215055713645,7.52274312129983,0.735410099417782,13.9119727472831,60.2397631698154,11.59601071712,1.01435644293515,27.0666273203367,67.4483468905697,15.8507754071919,5065,3.8,122.15997146257,108.051720766508,39.780494601342,7.45,200.466944376557,131.9847069364,0.0901151893829815
a64c2412-5cf7-437a-9045-b9733860d94a,1772610312.906,-24.9,37.467,0.0670000000000002,33.3877113354057,19.6844745288759,13.0099080892798,0.431851344577788,-12.0275760125461,45.1377835946034,5.3635389406109,0.915178505003437,0.770329158963451,53.0070825459102,9.87433448333918,1.45989562476977,13.4347488882537,61.123602275583,13.1608619410501,2.07644550359713,25.9207720239822,69.5705201669197,14.5783315292125,7509,2.12,26.7405214266841,70.1441004772596,14.586109130922,4.25,61.1723623003224,96.8976238730914,0.00854843507384873
626b146b-7017-42f1-af6f-0cecba2108d8,1772610330.713,-24.9,37.467,0.0670000000000002,33.266231610255,17.3025196031314,13.3528809678928,0.440307793812786,-11.6321291012734,44.4053989121849,5.42507354158103,0.933211084294535,1.61739068216929,51.4382881844485,10.0083063964217,1.48862589885923,14.8147583335449,58.5677654476473,13.3499054632253,2.11671578042517,27.9528202257791,65.8070795267023,14.7546071631894,8145,2.14,28.4097714460444,66.0615281758527,14.7577255186011,4.25,65.0987096782338,86.8902885264219,-0.0233232615246547
18dc6f56-fa93-4c6a-9076-0adb5bfa044d,1772610425.804,-24.9,37.467,0.0670000000000002,32.9956876111746,20.1201306067362,11.5376064779116,0.4478345051955,-12.1184897298042,45.306159707916,5.06625078871334,0.950724630306298,0.629684558425016,53.2675623933003,9.39468380359056,1.51862914796685,13.2919581637882,61.3880568367613,12.5411208820637,2.16034926148894,25.8285133509885,69.7413871960828,13.7195418538901,8410,2.12,25.0862005190345,69.23572173798,13.723044586898,4.11,57.6986223317915,93.2284313503318,-0.0125333872912157
0e78f06f-364e-4142-9789-45523ee344ed,1772610506.392,-24.9,37.467,0.0670000000000004,33.4950439484045,20.104492707431,14.4140579344177,0.428489034549736,-12.0711700445957,45.2185216163399,5.69469983606065,0.907891113032428,0.715977777745404,53.1077436408326,10.6353320858247,1.44842116709805,13.4046889231662,61.1792746233913,14.466157557603,2.06147000569883,25.9472618205112,69.5214599247856,16.5475231361761,7195,2.28,30.0228965575107,72.3391406446212,16.7008979772691,4.51,65.0777427728568,99.940342237928,0.118355128117066
29df8e66-e049-485b-8a15-44022f9e4457,1772610899.536,-24.9,37.467,0.0670000000000002,34.856242969768,16.3051372583141,12.5484785615693,0.433666777763522,-11.3493553674073,43.8816897988496,5.46028930116031,0.911503671956829,2.14144959445329,50.467708546321,9.85830833235428,1.43870050637285,15.541292395074,57.2221931274421,12.8741410490201,2.01928904748716,28.8534780998945,64.139022418913,14.0225248180766,4500,2.02,28.8690346253491,64.1472108383097,14.0226056001374,4.13,70.905376964164,86.4664527142798,0.0296131833500849
594b9d76-8ff5-4a6f-a284-7eb65332d8ae,1772610938.403,-24.9,37.467,0.0669999999999995,35.613715968786,16.5466553843,13.8302664461748,0.426447992358601,-11.2926652036946,43.7766971781883,5.82285892378998,0.898570335797434,2.35275896800212,50.076354500994,10.609910054055,1.42298760359223,16.0054440129682,56.3625643743145,14.0404100387995,2.00571507252375,29.6555230777628,62.65360063496,15.6154650792043,6359,2.12,32.1770588959248,63.8193039307612,15.6572529842112,4.37,76.5894690992392,85.0426875785817,0.032367339970145
b414106d-471c-45a1-aff6-04f8257d8d7a,1772610977.351,-24.9,37.467,0.0669999999999999,34.4675336451189,17.4998344861598,12.5561433838412,0.442713558635466,-11.5324450129244,44.2207796945188,5.22654043152417,0.937227226567411,1.89365140968032,50.9266414389177,9.74230530687053,1.49412348285613,15.3445626808004,57.5865450169203,13.1466562140081,2.1258197845919,28.7995752262523,64.2388528585209,14.7014455023759,7330,2.2,30.27168036939,64.969817118793,14.7154932929786,4.23,64.8551522037254,83.1021949683122,-0.0784425766548145
98c365b8-ef8e-4a14-836d-d1bc51411f2e,1772611059.632,-24.9,37.467,0.0670000000000004,40.7266543545425,14.4364079483607,8.23163427505261,0.384868893201551,-10.7301052840398,42.7348120190102,3.02954738562132,0.803939166966609,3.15114111363481,48.5977164398294,5.5216700521249,1.26162483873343,16.653984236125,55.1614399962187,7.2912064961803,1.76313881928716,29.7068940602976,62.558459366545,7.98604536457528,5934,1.76,29.630478640141,62.5114465713095,7.98612133012863,3.37,62.4590383534049,87.8605406334234,0.108677298974907
5aa93839-90d8-4640-9e69-a90b49869a02,1772611164.793,-24.9,37.467,0.0669999999999999,35.5231391039956,19.2502332018513,12.5594963399922,0.410136920866447,-11.7700486377842,44.6608318238283,4.57153948709325,0.870137362720084,1.28723277592302,52.0497548223745,8.60684172160805,1.39086726616639,14.2141912546107,59.6800414999767,11.822096966983,1.98518994029535,26.967610829473,67.6317296889888,13.6555588278197,6649,2.22,31.5208647777846,70.6002708780926,13.820337904685,4.33,65.7437200771899,95.6013549481455,-0.0532457934950247
62d07d39-212f-4256-ace0-c9283c478a32,1772611515.064,-24.9,37.467,0.0670000000000002,40.4349755871191,20.3679490625491,8.22689212694119,0.358996647704788,-11.5688411668797,44.2881869365428,2.36426473354916,0.751126676766951,1.66945728766736,51.3418585923963,4.57303639184404,1.18086995746963,14.7930198572197,58.6080260404749,6.50220820206746,1.65350035945038,27.8195004588217,66.05399346736,7.85587866636887,6114,2.04,37.5841459155577,71.7308263539396,8.23055883467754,3.67,73.9195831260387,91.8195778994882,-0.0212471351608275
81b6ad62-f9af-44ae-bf7e-d79364f93da9,1772611535.119,-24.9,37.467,0.0670000000000006,39.3404012402281,22.9111950324897,9.64112671669467,0.36182889312647,-11.9716178947749,45.034146754501,3.4943548170143,0.759889476818406,0.931962436213365,52.7077307668156,6.83790395220243,1.20013295063252,13.7656443775367,60.5107696021596,9.88320090005593,1.68971102365867,26.5006307569671,68.4965968616701,12.2852874414545,5874,2.34,41.3720847112092,78.2721273661465,13.5263326621143,4.23,77.0318224080719,104.945781520764,0.184346340288993
11516818-7500-43be-b4f4-c33a50a4810e,1772611554.891,-24.9,37.467,0.0669999999999999,39.4164293113127,21.0799619192559,10.4256762750817,0.373565441936804,-11.6971467568305,44.5258144057932,3.9171303181113,0.783335015875349,1.53227894244087,51.5959187859127,7.40496812299112,1.23563892143914,14.7602542637967,58.6687093282926,10.3138171645878,1.73876516646345,27.9820884624799,65.7528734939075,12.3253818553215,6535,2.22,39.3669516297473,71.8789638612877,12.9762183144706,4.29,79.2348583995793,93.8831681372127,0.00105940624446632
884d0b29-e1d1-449f-a67d-4c648a6ba7c6,1772611645.457,-24.9,37.467,0.0670000000000002,38.7987538059179,20.4845436766395,10.8619200474756,0.371306840530291,-11.7252762256088,44.5779113914328,4.02517664605563,0.777431309373655,1.29227364708592,52.0404189122421,7.54458940626296,1.22324075800323,14.1016952114611,59.8883890087998,10.4006851176099,1.71431934711674,26.6800099075802,68.1643789621006,12.2838905165857,4115,2.14,36.5087517809041,75.066248697944,12.808494263333,4.17,75.8529905062763,105.632543460373,0.132904969094256
d993a8a6-f72a-4929-9515-45bffec0fd5d,1772611681.706,-24.9,37.467,0.0670000000000002,37.9808160923759,22.3021472988385,11.5128150733928,0.372317152175749,-12.0047893099598,45.0955816416704,4.27317468584389,0.780478672022032,0.845275316459459,52.8682790398225,8.03687970940759,1.23006096886367,13.6039875427821,60.8101650107658,11.1455769133812,1.72772670047792,26.2431357144952,68.9734887516541,13.3064940335325,4989,2.26,38.3149415794049,77.1377763707932,14.1116213656014,4.49,79.566409793839,109.026213220823,0.133217984725973
d204df6d-229e-459a-b069-5201460eebd1,1772611815.946,-24.9,37.467,0.0669999999999999,39.4469301916898,19.7365245681882,10.0057424357331,0.372002681416152,-11.5179115302407,44.193863059703,3.51397684784288,0.780070768075151,1.85034770690047,51.0068417583636,6.6686796478012,1.22896131453631,15.1687146326182,57.9122231629636,9.27619056666637,1.72346246085884,28.4248379366707,64.932882431131,10.9634649706527,6579,2.06,36.7482766809906,69.4316298886639,11.3217604618588,3.87,76.1349262043569,91.8235634877836,-0.00340449264876629
0f71d273-be39-4d34-ae51-706fbe97355e,1772614125.09,-24.9,37.467,0.0669999999999997,34.6676766177006,20.049162864058,14.6467749864188,0.430675613299109,-11.9264415383327,44.9504781999552,6.46174057885888,0.915286789019303,1.09150444049624,52.4122521151729,12.0632945286537,1.46576689843219,14.1256565169177,59.8440116408475,16.4125134967747,2.09572697360979,27.1656447469294,67.26496235914,18.8135048443598,10804,2.34,31.7845233908494,69.8998141066033,19.0175529037209,4.75,71.2316580583798,93.3543679476287,0.121557235061377
a2cfb7ae-748b-4ebe-bd57-745b7baad388,1772614151.62,-24.9,37.467,0.0670000000000002,31.0288148319314,20.1107247664479,15.1771665223924,0.461939721142387,-12.3042568802885,45.6502084579072,6.69879864579969,0.981309528354107,0.286430858226363,53.9032830046964,12.3167333188613,1.56986021020646,12.8231552526304,62.2562999850013,16.3693009336928,2.23981055772498,25.2651413138341,70.7847764317879,18.0486668645835,11500,2.28,25.9597140140362,71.2709271089169,18.0514824744387,4.59,60.502391641287,97.7844915289677,0.208274009619823
e14e7edc-a174-4690-b21d-742addbad31e,1772614178.822,-24.9,37.467,0.0670000000000006,33.5329731518278,20.2109791155493,15.2562445612437,0.443450557658464,-12.0642151299203,45.2056408153259,6.37498051010722,0.946844173415146,0.789373991565553,52.9718106970743,11.9603056553326,1.52462353579479,13.6237694585543,60.773528052207,16.2803782866493,2.19274033903097,26.4157665761122,68.6537689734564,18.4499686850526,10954,2.34,28.9981889737805,70.2652601842223,18.5163229137157,4.63,64.1714674951693,93.5472896771319,-0.0899616796611107
77fac6f3-7985-4417-9826-06f4f0f6de90,1772614230.679,-24.9,37.467,0.0669999999999997,36.9820344166472,21.8236318061598,17.027535863288,0.407410977414673,-12.0422484905125,45.1649576546591,6.56424566122976,0.865248267189312,0.857449521669851,52.8457318883274,12.9194454285862,1.38596124972076,13.766335728411,60.5094891906149,18.6229946052866,1.98606182685906,26.6651106294723,68.1919730657698,22.8480330857439,11319,2.6,38.0930497660597,75.1003957806797,24.3285748751747,5.27,78.1496591621944,102.45504033567,-0.0624397124727529
d80b3ada-00a7-46f5-9266-6b33c5278833,1772614514.263,-24.9,37.467,0.0669999999999997,44.9359656814168,26.2786135774235,14.5068957360057,0.323405736240105,-12.0466828999944,45.1731703716826,4.64260793590854,0.678549856162833,0.796384193430171,52.9588275018086,9.51555707213534,1.0719064572882,13.5986110631532,60.820122482207,14.5151035126564,1.51274617793438,26.3531930560893,68.7696578229667,19.3711358492784,8905,3.04,60.486234471222,90.7438443966587,27.2875353440523,6.01,109.779104166881,122.403735810989,0.168072551565404
e3ee2a69-dd33-45d1-93c1-fa1a252764ad,1772614598.56,-24.9,37.467,0.0670000000000002,43.8445982204848,25.2891865978056,15.3242212408077,0.32649800817817,-12.0061986812312,45.0981918578628,4.46690579128724,0.684508997642594,0.892381148861942,52.7810370128381,9.15813485479119,1.08042150015092,13.7663908502856,60.509387102533,13.9686945693704,1.52354962482482,26.6097116199951,68.2945744132722,18.6314652324607,8809,3.04,60.6645049302376,89.4744446541645,26.1512643457928,6.11,109.159026325119,121.110057183623,0.1827360147292
a4086271-7625-4afe-85d4-4a5358ac3802,1772614629.082,-24.9,37.467,0.0669999999999995,42.7866873645154,25.2371434014897,14.9163185698472,0.335027357781733,-12.1172376368963,45.3038407780153,4.87824983549987,0.702367902681407,0.702363655328007,53.132957580906,9.82209845828885,1.10811169796569,13.532391009229,60.9427648692898,14.6850761850771,1.56065672713502,26.3683870008096,68.7415179840619,19.1477849855881,8459,2.84,55.9520769374542,86.8270240006612,24.7860854014369,5.65,104.992689954469,119.701882549204,0.0667378437370448
fe51bc38-794b-4721-95d8-60dd21ba6420,1772614736.606,-24.9,37.467,0.0670000000000006,46.1640355416284,26.2550452050391,14.9717977481139,0.322251878193014,-12.0473870328981,45.1744744560954,4.94740484735762,0.677818786793401,0.819533837198132,52.915953366202,10.1073626773598,1.07435847065053,13.6754383581587,60.6778350285699,15.3987227221395,1.52332927035478,26.5203072767064,68.4601551010961,20.57358630166,9419,3.1,60.4508798312421,89.0777345718821,29.142137564219,6.05,104.858012114625,114.64223243023,-0.0200038000178335
92710ad7-c09f-4350-b8b9-41b30198c83a,1772614774.567,-24.9,37.467,0.0669999999999997,45.8495320304251,26.463448172919,15.3327414773814,0.31635677917811,-12.0197341803929,45.1232601842862,4.77236237775586,0.663714598711392,0.87942283092435,52.8050363748178,9.70274138542633,1.04848542262176,13.77027520388,60.5021931126635,14.7136514265694,1.47997148900148,26.6490737638626,68.2216740304044,19.5769232780938,8719,3.08,63.0916926237748,90.3899374688986,28.0552367975832,6.09,112.286772271959,122.041697600065,0.00709851491974144
c931b3b5-8ab5-40c4-8a4a-259d98157f28,1772614897.242,-24.9,37.467,0.0669999999999997,43.6664547034755,26.300300882545,14.5895241888763,0.328370848420817,-12.0720236147478,45.220102464962,4.72463001453342,0.688706633427243,0.753418867402052,53.0384011329613,9.61000457056605,1.08737782117272,13.5409953668069,60.9268292291003,14.5219752342778,1.53348503712047,26.2747316268108,68.9149717635392,19.1531413650173,10019,2.9,56.9911262064121,89.1937005624785,25.6329109761066,5.85,103.544306841803,126.077454376502,0.0451161869641873
a2559f6a-4bbb-4d31-a972-a461d223a56b,1772615055.282,-24.9,37.467,0.0670000000000004,49.2828965108976,27.9358303558328,11.6756683332712,0.291001524102428,-11.8665652776862,44.8395847907822,3.2197464219784,0.606022217629441,1.20524708346648,52.2015958498828,6.81584066988192,0.948888335627033,14.291284486975,59.5372615189166,10.6982121413531,1.32505884791276,27.3920519853556,66.8456464189083,14.6510199890089,6874,2.98,72.5989640041426,91.852966297939,23.4316932339939,6.01,131.571841682115,125.921238943616,0.0621898619400182
18f9c31b-6fdd-454e-8cff-8903bf1580b6,1772615117.94,-24.9,37.467,0.0669999999999997,49.4050061607337,26.8751519133677,11.8435726843054,0.290747417102283,-11.74601796978,44.6163259934556,3.3166699359372,0.605784510903015,1.43993707118107,51.7669399018417,6.95149136529874,0.949075736887848,14.6313210868387,58.9074991156643,10.8262214519695,1.32628931171702,27.8255954684885,66.0427052473945,14.7445284317571,6900,3.04,74.1715622027651,91.3205270101701,23.6690285423546,5.91,128.454434903559,124.181532881976,-0.00627456770610724
384fa8be-a5e2-41c9-b20d-1264cc394bb3,1772615191.293,-24.9,37.467,0.0669999999999999,53.3204772070832,20.2622113271938,11.5485575983775,0.287833850586788,-10.7821448354502,42.8311915057288,3.2130510616176,0.600953596309228,3.362823418834,48.2056717090513,6.72122125048705,0.94385362681017,17.5055669118739,53.5842722658546,10.4945803049374,1.32293557959508,31.6423928890293,58.9738323165072,14.3799128854951,7224,3.04,80.3055134746935,77.918828085567,23.5606125088516,5.71,133.538507837707,101.37584168978,0.131322696892083
0c8fe8f8-e48d-4f03-9a97-3567e385d944,1772615413.655,-24.9,37.467,0.0670000000000002,49.5898587099409,28.5842658160099,12.9531505180945,0.288785131867184,-11.936825670508,44.9697100592229,3.70720955960969,0.603452983176379,1.02170771366163,52.5415186542694,7.65434728043101,0.948843690199016,13.942278951734,60.1836347761187,11.8270060226208,1.33197233838006,26.8131139452048,67.9178645614429,16.0952777607184,7714,3.22,72.9143158131974,97.5337690885668,26.8772653682424,6.09,119.923686468598,133.743201992966,0.193415602169787
5c95acbd-e97d-4d49-8f16-bca50d740e7e,1772615549.577,-24.9,37.467,0.0670000000000002,53.8256711764841,34.2442157669824,12.2042054488142,0.24842725159064,-12.2383449123008,45.5281366592254,3.16816424733976,0.512186149737992,0.43949897693969,53.6197942674814,6.34293823341056,0.792832994132611,13.1063879778673,61.7317407999123,9.55270337338753,1.09275974724164,25.758565451279,69.8709337138435,12.7507093614253,3440,3.32,96.779309089286,117.192680207666,25.2522166926371,6.13,155.808666630251,163.085044484436,0.202313631731878
7e1fd6b6-18cc-4e78-9f0a-d13d4df2f75a,1772615648.404,-24.9,37.467,0.0670000000000001,58.1500375302404,33.4247366041351,11.1626172536689,0.237078997776507,-11.9791442056828,45.0480858059056,2.53216509539927,0.488608047688297,0.976085660864359,52.6260126576279,5.2162389847821,0.756037129550814,13.9411039260801,60.1858109741515,8.07972219449984,1.0416560194026,26.9159443961645,67.72741814494,11.0732017591339,4014,3.4,106.704758486938,113.816693741306,25.1102770739811,6.41,173.306004259383,155.037358077224,0.0966951186404506
2e60320d-9c08-4658-ab09-6d72f4dd56f0,1772615756.932,-24.9,37.467,0.067,61.8751111483237,35.3391880168361,9.26275468296321,0.242513660986714,-11.8938354177688,44.8900902627294,1.79547059402708,0.499274686568481,1.14403409877829,52.3149649294553,4.0746481701004,0.771627285248901,14.1890815725746,59.7265457107302,6.84436193923474,1.06164486522203,27.2417089890986,67.1240881121641,10.0218080936329,4100,3.4,107.242212735503,112.067180783,27.2215075254276,6.09,169.521293479675,147.403442299182,0.190724933650536
0005d96c-d62d-438c-ae78-3f2f921671c0,1772615968.301,-24.9,37.467,0.0670000000000002,58.8427416708293,39.7651127648231,5.76231427169357,0.224753316515337,-12.436377005453,45.8949006103842,1.27669979628311,0.463513367270333,0.0437028018871235,54.3528258014373,2.71155049016781,0.717787069418881,12.5138897723332,62.8290729517731,4.36354985594704,0.989903423219549,24.9709639241485,71.3296056060156,6.2184754645335,4325,3.46,105.363421701821,128.344376043841,17.8519522397514,5.67,150.815186061867,165.781484997189,0.0278260066306242
e5c68944-11e8-4773-b54b-1d0e29a9c501,1772616085.14,-24.9,37.467,0.0670000000000002,60.1274755712296,32.9213278067533,13.3613381715169,0.230136112367123,-11.7554603042397,44.6338136028599,2.90734253728554,0.473518221900751,1.45491484538402,51.7392004200295,5.86837778498869,0.73138239378878,14.7092962137467,58.7630858279911,8.91861334059048,1.00568816010571,28.0112389891523,65.6988854651463,12.0214009320077,3500,3.48,118.097458581856,109.321450585362,27.2108747881564,6.53,189.774213544659,145.000766167129,-0.0684129733280481
6aa550b4-de20-4de0-96d1-8ef6337efe74,1776062293.144,-22.744,30.764,4.125,39.6014963393802,20.2869910907064,17.9226216556642,0.42351836497796,-8.27221238395474,38.1826886878303,11.6313433248933,0.871426175781228,5.07442898740255,45.0357046034102,18.6593778067855,1.39449462165714,18.4149018921369,51.9001447843968,25.4133570421419,2.02342373488641,31.7478694388848,58.7784852110767,31.1444458112994,10229,2.94,47.1720149697987,66.8189682208134,34.3444533056657,5.97,85.9537025397742,88.2905428882509,3.95421148316866
ef9e0944-3d04-4645-ab30-72c0cd9d2573,1776062397.648,-22.744,30.764,4.125,55.3875406459694,27.4086352048539,11.2892320433918,0.294464534695801,-8.17973211034345,38.0114112447956,7.16732032680666,0.588714284193782,5.27066631939356,44.6722646270899,10.3478876988116,0.908935233464376,18.7364392060332,51.3046438541562,13.8269146978953,1.26056389460951,32.2203992260464,57.9033397282358,17.505042036135,5784,3.36,90.4668513651446,84.9379235439457,29.5279424691781,6.23,142.522484533706,105.15242754169,4.09116479064375
4919e709-fb21-4ae2-a3ef-f490477cc1c1,1776062417.463,-22.744,30.764,4.125,54.1795496705536,27.7676398403441,12.1813360942495,0.296235185233378,-8.27102644951109,38.1804922862499,7.62962689008068,0.591764585267286,5.08226298487496,45.0211957032586,11.1457424161164,0.912745494054145,18.4357417726447,51.8615484296593,14.8667776971324,1.26437029983903,31.788887265607,58.7025184323737,18.6888060632931,4550,3.32,89.3567530938718,87.1859002022559,30.4476330780803,6.31,144.039314080213,113.926932525258,4.17487397280479
dca02455-c25d-42b7-9330-4ffc55eb94d1,1776062440.028,-22.744,30.764,4.125,53.5766508860605,26.6347766429464,12.9570250480711,0.306986530666791,-8.17391620793599,38.0006399434749,8.037399689736,0.613508075100495,5.27371251252668,44.6666229464324,11.9210886162056,0.946673616607909,18.7277296587574,51.3207743101891,15.9837402411064,1.31184044664705,32.1896756930948,57.9602410322595,20.0970756586156,4915,3.38,88.0891652684396,84.6150717522381,31.9376283516798,6.43,141.16365910452,108.261242188651,4.00532735371198
ca14db53-a416-499b-a322-884f51d04cae,1776062463.358,-22.744,30.764,4.125,54.8124113764216,27.7703089631545,12.1990583885019,0.291521411484199,-8.25847169245319,38.157240336371,7.42339788233595,0.580942778249672,5.04307194165651,45.0937792003678,10.7286772928609,0.893582255297693,18.2730754231975,52.1628135028815,14.2224068848318,1.23377968843384,31.4172706230407,59.3907684325353,17.8083245536537,4114,3.28,89.1227673345948,94.619015930655,28.9456990497616,6.07,139.234263906348,130.495291032383,4.28263469989612
78a82d62-83a0-4602-b719-208543ba6935,1776062510.409,-22.744,30.764,4.125,54.2428656071645,27.4003623470059,13.1657401420552,0.303564388197322,-8.23422939859841,38.1123425658238,8.28102323865737,0.608512927771153,5.13527430135418,44.9230164658503,12.5230159640247,0.942538669197449,18.4835675166581,51.7729730954179,17.0879940320582,1.31250235059017,31.8042907059538,58.6739905985611,21.8593442182788,6189,3.5,86.7603430584306,86.9026651723657,36.7270835643004,6.59,136.611728376055,109.862766975708,4.24488561697289
d0ef78d6-e85d-4593-ac0b-aa54402cbd31,1776062535.379,-22.744,30.764,4.125,55.5375188024533,28.8197029196033,13.3333665737015,0.30096620067409,-8.30531363560578,38.2439936291184,8.19880685942177,0.601660644055269,5.02548570872436,45.1263496599005,12.4244010874046,0.928882690099341,18.3667425221309,51.9893380083211,17.0290800685246,1.28824437648707,31.7192281006023,58.8315302010465,21.8977812669603,6359,3.44,89.4913893754994,88.1713397287519,37.8764729615196,6.55,143.495316263769,116.908348373298,4.07961385359219
21af0443-5c68-45e9-9c1e-789f5d093c0c,1776062620.306,-22.744,30.764,4.125,57.0466464924758,29.6030045420354,12.2169691738294,0.290119751227295,-8.31113965968774,38.2547836762154,7.57560155368999,0.580345758708846,5.0026388615519,45.1686630031931,11.2225241410701,0.896744270653397,18.3133209830577,52.0882769956115,15.2623272519299,1.2450633372671,31.6187505563587,59.0176189331452,19.6024752473479,6319,3.58,92.9000301117445,90.2914712574327,35.5331098485464,6.75,144.198164411495,115.422381402357,4.02123967369265
bc3ef580-6cf8-4c77-8005-d545b0efd78f,1776062648.449,-22.744,30.764,4.125,50.9152441670098,28.1610225275278,9.58268844083602,0.301271154806878,-8.57789747382336,38.7488306175851,6.82947434323758,0.597954328726381,4.32951313217994,46.4153207958844,9.18912653920999,0.915186313965574,17.0627760084834,54.4043400572902,11.3358119762534,1.25588560705121,29.6012742282681,62.7540718367222,13.1628075175282,2434,2.22,59.5365590866677,85.2612613836376,15.4383978513502,4.11,100.375474468183,126.385586850028,4.21311386506445
01607d19-c9c1-4575-ac6b-5b43a2d14ad0,1776062722.156,-22.744,30.764,4.125,67.2241046451156,22.0903293105277,14.9105160053028,0.264724672533851,-7.06052586833048,35.9385931628957,7.84915472362677,0.526834797296448,7.38962601300333,40.7478601671652,11.6296739840654,0.809262486075722,21.8178396471993,45.5977577483968,15.7259242918902,1.11599574531952,36.2194475699109,50.4969302512435,20.1080130020365,5024,3.86,119.177773853656,81.8053329672593,42.3170055265457,7.39,179.898110351686,106.124765402111,4.24422450000105
cebf556b-3c9f-43e1-b246-59261e14d1d5,1776062759.333,-22.744,30.764,4.125,62.1278136863057,33.0239437539177,12.3887757516616,0.270112176746863,-8.36136599501436,38.3478050087853,7.35328639512051,0.538402130293417,4.95760204728831,45.2520731196242,10.8020421642719,0.828499130876031,18.3319006053666,52.0538667362409,14.6686510823314,1.14472657784126,31.7703254061949,58.7368957940955,18.8919117608974,5634,3.72,106.359380893914,90.6647171629578,38.7801257616038,7.07,165.658393987312,108.267144503863,4.10278841877403
1ebbf713-76cd-4cd8-9dc0-b9ce1163f5c2,1776062804.466,-22.744,30.764,4.125,66.5736561572881,22.9731785845824,14.7967950277839,0.269374355922,-7.14063986622483,36.086967731599,8.16516954175583,0.537406345968947,7.30976177745513,40.8957721652646,12.2796937810085,0.827886093311513,21.8228365866658,45.5885032016549,16.7366523002373,1.1455309913013,36.4108097297413,50.1425193033789,21.4820308109786,5314,3.84,118.907296891782,70.0374864965057,44.1181367174359,7.45,185.81723063218,76.7495947931987,3.98360974585955
a1ba7c1a-611d-4cdd-bc0f-f5f827da6ace,1776062834.753,-22.744,30.764,4.125,63.5572120244628,33.131135581424,11.5194073616789,0.247678651945971,-8.41913732845138,38.4548000022624,6.60616870566699,0.491253465608288,4.70028249431566,45.7286399955101,9.18110830877495,0.751503529857026,17.7148775313831,53.196619998948,11.9902080827042,1.03104959753877,30.610453856437,60.8850277743955,14.9748830760943,3759,3.22,101.006667758018,110.459687748175,28.7820200960194,5.77,151.656056968011,153.558426396699,3.97962917344034
709cd420-d4cb-4cc8-adf7-6163521ee4df,1776062913.676,-22.744,30.764,4.125,61.9730049358827,32.1910188716506,7.46600941384123,0.251755004826202,-8.30279127185822,38.2393221030057,5.4995413301356,0.500010422988937,5.05118887679034,45.078746287502,7.15730118833133,0.766032981136446,18.4390594287558,51.8554039878947,9.15292943664216,1.05258986132562,31.8656038169244,58.5604360808085,11.4279972536201,4869,3.48,113.112764043295,96.0319805539603,23.792243069675,6.15,169.275974033998,117.882821876437,4.04111240179668
d37d1eb8-403a-4402-8e57-1bf48931a378,1776063045.85,-22.744,30.764,4.125,60.451110343495,38.0408774391486,10.955366291015,0.250983696315159,-8.97278270926581,39.4801750522161,6.52223714616374,0.497275259690278,3.67546092100519,47.6266536127843,8.98578629643196,0.759800563209241,16.2619421777896,55.8875187446013,11.6634501497794,1.04101069633551,28.7782893908046,64.2782751409814,14.5134458067124,4025,3.62,106.70363454177,124.111965524694,29.9666350858719,6.49,154.445970638791,172.435847842033,4.17365266127853
7b0c4a3a-d129-4ea3-80fd-8da3b1544e20,1776063365.298,-22.744,30.764,4.125,66.7421202384831,35.4537789186126,14.6419766646001,0.249799596619576,-8.36566839170659,38.3557732324463,7.38361586877,0.494181527264708,4.93634705735391,45.291438274868,10.7709619568014,0.753824225038632,18.2781478750117,52.153419104025,14.4864591546076,1.03094908056337,31.6647134058966,58.93249375957,18.4757436408687,4375,3.96,128.752928858516,103.100426821114,43.4489189468652,7.57,197.199644551868,131.809589693717,4.2419324687819
23e1378f-bb0d-467e-a1ac-2d1da844b1d5,1776063433.911,-22.744,30.764,4.125,59.4632557271684,36.2092491229119,7.46427109253784,0.240444204065889,-8.82420834945311,39.2050089496999,5.72091605618666,0.475860355015352,4.05857504450365,46.9171097835876,7.5477517070466,0.726080566237236,16.984554883839,54.5492089433481,9.67972843852257,0.993161376306344,29.9583033795939,62.0928384975457,12.0667902182147,3934,3.5,119.566951328101,108.580491618231,26.073860280519,6.13,182.602650216276,133.960503186709,4.24352246355099
3d5be2f3-a6de-4bbe-b32f-2456c6f748ff,1776063588.665,-22.744,30.764,4.125,70.889918711172,28.3227690437615,16.2888968993839,0.250185951949432,-7.54013549448835,36.8268508119643,8.01934403010046,0.494358002568142,6.49631867763717,42.4023037611452,11.8979605728317,0.753114874085239,20.5430931606198,47.9586430508838,16.0214252741135,1.02851395560235,34.6012897786511,53.4938280554031,20.347601793961,4200,4.1,140.445036741966,93.5010964312228,47.4409046487645,7.87,214.201608603646,118.208960874056,4.26478375925599
5f5203d4-2407-40f0-ac90-337aa8737b6d,1776063619.689,-22.744,30.764,4.125,66.8907005012102,35.2349753210786,15.1141499554752,0.244981186117821,-8.36556281973991,38.3555777086249,7.55461578071117,0.484483049854009,4.88527212560901,45.386031244491,10.9943243235266,0.738785364706526,18.1202634608433,52.4458278275055,14.6766872579433,1.01011465135244,31.336952280556,59.539521456206,18.5692311702255,3785,3.94,127.080944388843,113.720883780609,42.7927700221088,7.57,194.462535300504,158.051762758311,4.30572273086108
75e2b84d-8e77-4630-9696-964551e660ac,1776063883.845,-22.744,30.764,4.125,26.159761265703,16.9539617021147,12.4944025511162,0.588378867332598,-8.97804421676977,39.4899195903386,10.0892504946854,1.21303534129754,3.8804780852114,47.2469530097015,14.004139849177,1.93566058123042,16.8486993138438,54.8008193002618,15.2300641483868,2.76585102467941,29.7901940865872,62.4041841362663,12.1281052189606,9969,1.82,14.8946795386425,53.6689471953192,15.2794214807919,3.59,41.4353723337273,69.642036289617,4.21904828062163
2c44df38-add0-4a93-ba7a-e4ddaa5de994,1776064018.757,-22.744,30.764,4.125,27.6858493065215,16.0657210578898,12.9481124162655,0.583210745562557,-8.62501103597557,38.8360869603984,10.7400550433475,1.19741742557474,4.50544107752524,46.0894946768598,15.1378101214788,1.90223217773792,17.7619571579517,53.1094265062948,16.9686107960971,2.71353158170768,31.1631449059499,59.861420187045,14.9006410200702,10875,1.92,18.0751013132041,53.2704507661448,16.9709794017031,3.89,48.3735881795601,68.515413352636,4.09677161157565
17b91547-399f-4c34-a2c2-4182ff6128de,1776065864.913,-22.744,30.764,4.125,33.7439661404299,7.95021566337644,18.8431340243321,0.56636050519377,-6.47887161604839,34.8613444787071,14.3299635048316,1.17201185339164,8.25827957211995,39.1390764268198,22.4044546387215,1.88206515415385,22.6554926982925,44.0463882818168,28.1602018099613,2.71796801899839,36.6263936246648,49.7432486606775,29.8049044557666,9314,2.56,34.1748413325891,48.6857653618935,29.9106368288237,5.23,70.0205927838448,65.2763420491048,4.31006288709218
b963f519-ad14-4fd2-a9f2-b3863f371dd7,1776065883.443,-22.744,30.764,4.125,42.516528423227,9.1414002448019,11.5468911876867,0.4274525993305,-6.23071692706468,34.4017513249837,8.90319286331606,0.866845986037272,8.89757299547272,37.955077519539,12.9234031296512,1.35977721504176,23.9003714353628,41.7408193356224,16.3033456022084,1.91997604294585,38.8015165033813,45.7148275671279,18.5867243008809,7680,2.36,49.1800734372955,48.5475455627825,19.1432166807389,4.65,92.5446183820241,61.8182043357492,4.20775685154426
50d80b16-a74f-423f-8ea3-6c2c89414379,1776066025.387,-22.744,30.764,4.125,33.2552642322313,7.67308857878437,13.0021555085539,0.550649995041552,-6.36312904211058,34.6469842552755,10.5729799384423,1.12043511592202,8.45632377569979,38.7722900466282,15.1133087410906,1.76264718409877,22.9566642462296,43.4886056257847,17.595364844636,2.48791372150934,37.153177480247,48.7676223103994,17.0036873663319,8944,2,27.8233144704392,45.2287459871663,17.7980446650382,4.03,62.611264576311,58.9928624724246,3.99969628756397
d229efab-1f05-4fb8-bf4f-bdb69205b3a6,1776066167.35,-22.744,30.764,4.125,37.7575885948665,9.41165162651234,18.7100532645848,0.49671760746891,-6.51938504898997,34.9363770984413,12.9997809455164,1.02703401985751,8.27339182043985,39.1110878931611,20.4924947378802,1.65051147575196,22.8375679421726,43.7091771015949,26.6126523160537,2.39110336003507,37.1151264456314,48.8380944625601,29.9868387014355,10840,2.62,41.0389378180381,50.356134621873,30.175034633484,5.35,80.6072239652529,66.7066297444477,4.05956471046955
07325bbc-403f-4f68-9eb2-e3c6ac59ed8e,1776066294.242,-22.744,30.764,4.125,39.7602985005932,12.4012007734046,15.9054366098858,0.444737999626607,-7.25607656106173,36.3007614537841,10.7652191259545,0.90890374646871,6.90911531505332,41.6377866399355,16.7833254771838,1.44005262263789,20.917568177673,47.2650992182731,22.2493462947197,2.05723747984555,34.6832811909973,53.3419764344133,26.3107546711047,9289,2.66,46.042651484754,58.9835570588801,27.6297188373921,5.29,83.7034517401434,82.7299644269656,4.25421018439082
6aa06ec2-b8d0-4c08-948c-9e01cb321bd8,1776066359.3,-22.744,30.764,4.125,43.7830347020375,13.1477334314507,17.3226249220282,0.407985065531738,-7.07632635262015,35.9678563391621,11.0710894909273,0.831364643594756,7.29977754956607,40.9142633845997,17.4104434879066,1.31347732928763,21.5761661195881,46.0453475125924,23.419195319833,1.87307015292263,35.7431011666784,51.3791442711479,28.5998031266507,9239,2.92,56.982999292452,59.7742595775139,32.562139116821,5.85,101.356017903834,80.7863320124045,4.01268001640598
61168ee3-3b6f-45b9-a131-1c1bd9782c7e,1776066384.756,-22.744,30.764,4.125,42.5180733408518,14.0019152896655,18.6000928480954,0.42830774526446,-7.125125671948,36.0582347767459,12.1487996126586,0.872691512419109,7.14116428295707,41.2080219741381,19.3527121479767,1.37846354219743,21.2328414787588,46.6811995090866,26.0676207043578,1.96592745540069,35.1243767305041,52.5250485297845,31.7316423493667,9650,2.98,54.2848009815693,61.3912544319089,35.6500873992655,5.99,97.2597095224814,83.6772138153488,4.22865455099282
68c23beb-d282-4e94-aa8f-eb4ec23b41b3,1776066486.347,-22.744,30.764,4.125,44.4125039858388,13.9509628169055,11.3547890444832,0.386151667894043,-6.9965060522799,35.8200257109569,8.3736368901178,0.780978783951413,7.40319881995991,40.7227227451016,12.1037796033282,1.22161311088368,21.6519639400412,45.9049666900899,15.4818811187069,1.71842294088642,35.7399676991791,51.3849475876839,18.2073776968483,8559,2.5,54.6113987974692,59.1608819977992,19.89018353076,4.79,97.0259320609695,79.369235378624,4.22446432433
106528e7-c4ef-45ad-98aa-f37fb69ac08b,1776066517.833,-22.744,30.764,4.125,44.1250224392719,13.650788235888,19.7594059318113,0.42772135430507,-6.93781746404411,35.7113319221539,12.4759115682299,0.873643183217884,7.58713755898504,40.3820602917477,20.0878521692087,1.38448829043687,22.0369542860459,45.1919480161411,27.290546202042,1.98258734685682,36.3917562530302,50.1778071614762,33.4286339715076,10770,2.98,55.5855918903637,57.2188818744178,37.5260358030727,6.15,102.583498205895,74.4436221819016,4.21834371386135
fecdb32e-fac9-4d28-a158-8870eb7d6b3d,1776066544.261,-22.744,30.764,4.125,44.621866603547,13.1008521787626,16.485766878656,0.399424087396613,-6.9335628659379,35.7034522235294,10.6569836118546,0.808916796350394,7.50398369728404,40.5360648189237,16.580035607153,1.2679101463853,21.7655486822445,45.6946028638093,22.1637989863974,1.79002706991203,35.8353989035988,51.2082048939131,26.9964917269066,8519,2.88,59.5233004691825,61.3546331388676,31.2424216660186,5.85,107.1494604039,85.1456666687974,4.09217412500982
cbdc8c1e-e99c-4db8-a2b6-537ba7957fe6,1776066627.899,-22.744,30.764,4.125,47.3405738195303,10.0001880292597,17.1489073258017,0.394306879687307,-6.40938734945502,34.732656629412,10.7823668492093,0.800613264440907,8.52722044136151,38.6409863735307,16.9635612392869,1.25936522404956,23.301669354077,42.8496413321191,22.946674363367,1.78562163787983,37.8816667963668,47.4184287746236,28.3007435726079,9294,3,64.367741086572,56.9168282439538,33.5758661917694,6.03,113.443829680127,77.7956672513443,4.17166343961659
87c369dc-f2ac-44fb-8f7c-fdfafdf1cee6,1776066747.131,-22.744,30.764,4.125,64.9785348502247,23.8994984619702,4.40141501056521,0.257189104045158,-7.3483473901408,36.4716509965398,4.96773754475628,0.509368766367289,6.79852933936195,41.8425966217002,5.93546102158224,0.777449153280282,20.8832933594277,47.3285776553526,7.03671118715231,1.06311836772214,34.8974299701996,52.9453636877323,8.20439786952774,3324,2.46,91.2380793106008,77.1623072674498,11.5185698239436,4.55,153.675983947578,101.996121127909,4.14910087107817
25bcd913-d38d-48ed-9749-ec7e294d2363,1776066802.661,-22.744,30.764,4.125,64.8149696341116,23.7901878531252,10.2705911227524,0.265644728042656,-7.34705681167789,36.4692607897365,6.72061176047046,0.526525515296859,6.79136128691829,41.8558721630253,9.38054397796553,0.804816100605031,20.8576797785008,47.3760151085175,12.253525792055,1.1031640595035,34.8423292269494,53.047412633358,15.2798164156935,4269,3.42,113.052728064708,89.6151444334731,28.6925664367757,6.27,172.649059921585,125.233219035727,4.29091365567118
8ff20b41-3b51-4f98-af60-c00a5cd325b0,1776066827.131,-22.744,30.764,4.125,56.7934761343238,32.1879548678727,12.9656776790536,0.278867133743089,-8.57695400183195,38.7470832668913,7.57408718974035,0.555419955182438,4.52935546046513,46.0452042114259,11.1516167701016,0.853776475623526,17.6737911951854,53.2727136601453,15.0519083754308,1.17804617621835,30.8599610915678,60.4229296470533,19.18726227546,5174,3.44,97.8413643284996,94.4718145489196,35.14931178172,6.63,160.988169309086,120.165992859408,4.00783880870261
a334efdb-4543-4367-a285-0938fce9ed28,1776066854.509,-22.744,30.764,4.125,59.6742456719598,28.6209683625069,12.5580437790271,0.277208562601005,-8.06831780305414,37.8050671572963,7.59981857978198,0.551902604662523,5.50474452149685,44.2387417323054,11.1523389368553,0.847989147412256,19.1155927823017,50.602435128718,14.9832500657239,1.16945648053596,32.7710605817988,56.8834912209991,19.0095118800349,5634,3.56,105.393946873179,87.3977273799595,35.3462963092769,6.73,167.744406534141,109.449296823072,4.06501982528765
867451e8-3d88-43df-bb7a-022c6ee3b817,1776067029.228,-22.744,30.764,4.125,62.6160571262942,24.5976676201319,10.1481775610417,0.268235356567076,-7.50812375745227,36.7675636985882,6.62839369828748,0.533056990558257,6.52548952899163,42.3482780901989,9.25224922134888,0.817288231067372,20.5338998396257,47.9756694766434,12.1415139342717,1.12428271172854,34.5129322259649,53.6574700420231,15.2397367548418,4689,3.42,109.598073413969,85.905992112442,28.5795872816349,6.27,168.844033622145,113.977273678645,4.13366822162854
45df124d-222a-47e0-b027-f1e1e5e04b84,1776067058.128,-22.744,30.764,4.125,55.9406076817066,25.576267146335,2.73778259405412,0.28003978738819,-7.9093400307083,37.5106334874609,4.56381653070246,0.554631080368423,5.81687683584967,43.6606592655993,5.01833407313353,0.846808827781102,19.5832650434115,49.7362859929807,5.49208715182368,1.15883980502332,33.3908936017986,55.7355338174527,5.94404584570769,4265,1.92,63.614048203726,68.5015204460819,6.4988467551741,3.17,104.807604462574,84.9627480700734,4.10258721464691
17bdef92-9106-49cb-9981-56923782256b,1776067323.815,-22.744,30.764,4.125,62.8254835704925,30.4997163151179,12.3017950846603,0.261681131665871,-8.10507794628741,37.8731485231133,7.236017019379,0.518456998667928,5.39881783178082,44.4349225161119,10.3320197838387,0.79212850194359,18.9015579134952,50.9988369084483,13.6037156082493,1.08521137177829,32.4037822489994,57.5637064849413,16.9926898886083,3890,3.58,115.787269694942,97.6655462958924,32.5260583421692,6.73,181.62703912166,130.336543206838,4.13115942059946
7e7982e1-2ccb-42bb-b56f-29f17f09ae92,1776067352.243,-22.744,30.764,4.125,59.1099255028095,28.8101832373932,12.7984431911126,0.27036665986149,-8.13172027586555,37.9224912630128,7.29488167841122,0.536104028460787,5.29702368362281,44.623449655269,10.4497655611143,0.819858378944574,18.6678421423236,51.4316885655642,13.7777870225417,1.12445111326359,31.9713781978989,58.36453737934,17.210803842179,3435,3.38,103.792896600725,99.4704750435158,30.8467856262912,6.37,163.561940656608,139.40825055037,4.13064896822223
e2df596a-f7d8-469a-a8a3-02c082941062,1776067654.294,-22.744,30.764,4.125,60.9892014647232,32.8335117866951,11.7932828112958,0.260568684566874,-8.4233868499284,38.4626702987514,7.08196620057117,0.5153974624048,4.79714515660475,45.5492461802177,10.0193111058294,0.785949232806309,18.0269850174573,52.6185835152814,13.1220521286229,1.07441595593523,31.2672732729782,59.6685699741773,16.3408828644596,3825,3.62,116.54047792771,103.567036523135,32.1518735512473,6.73,182.790670029976,135.460497858927,4.08119335929064
cf05a58e-d302-4e0a-aab1-1bedf6dcf6a8,1776067681.608,-22.744,30.764,4.125,57.8077104760154,36.840571920567,12.4090230738259,0.269073082366759,-8.9893843687974,39.510922039478,7.23224587087255,0.533930834162441,3.71504766233953,47.553337265751,10.4810032367498,0.817227454774256,16.4358823711458,55.5653740277265,14.0478150854413,1.12194194851967,29.1758321623177,63.5420088352836,17.8607187939236,4564,3.64,104.518984490051,109.514305778855,35.9688560661818,6.91,166.890589833036,147.149337643255,4.03588791688594
bc18c858-b336-4f73-9907-bf2fa498d26a,1776067738.549,-22.744,30.764,4.125,58.0470977561492,35.0017577959561,9.8297673758811,0.261984684988571,-8.80980712755343,39.1783372675429,6.29408455550303,0.519605539438372,4.03563848180011,46.9595892839011,8.67488436140764,0.794827510157644,16.8696080833185,54.7620953601956,11.3747817662545,1.09036492281704,29.6896915131872,62.5903192234388,14.326672663579,4450,3.5,105.46555344841,108.108154224791,28.5878558150999,6.53,165.928866219451,144.230798564185,4.02251836292241
f6fe4930-6696-4475-8e7c-81c4be5db95b,1779783334.758,-21.456,31.779,0.0539999999999998,41.985653169707,22.5972022422638,15.1734619908376,0.348795515987894,-8.71638538015523,39.0053161745749,5.27095781401753,0.75380474809492,4.34230858344296,46.3916230699886,11.1559029482155,1.22394532745082,17.4141673955191,53.7535480999817,17.2978510328254,1.78439924913106,30.5046454651724,61.0809894643835,23.0921128401002,10240,2.96,51.5858200524202,72.7663544394373,28.231689084596,5.91,89.9829050921552,94.3319051042232,0.18979498504082
555bb265-c8f9-411c-872a-7862ff169509,1779783397.673,-21.456,31.779,0.054,41.5638826840602,23.527572855584,17.6714202170191,0.351239020086838,-8.69927311089135,38.9736235161345,6.12033645984147,0.75169711094991,4.39483742623675,46.2943373945903,12.4843639510429,1.20472994332274,17.5236625364992,53.5507583910042,18.7819344270662,1.72683581410348,30.6948486297493,60.7287250255608,24.6138251544703,6325,3.12,57.9114700904998,75.2619554345138,31.3508545217764,6.23,101.914113061412,98.8905834704407,0.0438380939153546
908b73c3-eb03-45cd-9084-a460ea533503,1779783506.873,-21.456,31.779,0.0539999999999998,42.6643782918177,23.3262248603855,16.7950642612081,0.343110605282479,-8.75308049035772,39.0732770964227,5.75377321301312,0.73849696794656,4.27141737447094,46.5229166370623,12.0458599885117,1.19279715188883,17.3131138952,53.9407035274962,18.5678488377677,1.72752638819501,30.3779983581317,61.3155453519758,24.8484921322811,7584,3.12,55.939143392275,75.5443227955964,32.0142268055579,6.25,97.3415644423454,98.4550815909028,0.108319277287045
4cedc75d-21bd-4008-a28e-091e928f3940,1779783624.802,-21.456,31.779,0.0540000000000003,47.7497460582392,26.8762900386497,13.3945702574764,0.300715678232404,-8.68528815353153,38.9477227738031,3.90253902932397,0.642518513945271,4.42201145703331,46.2440099211732,8.40862362122752,1.02817271998441,17.5602548814125,53.4829877948905,13.3831744468358,1.47199011431333,30.7350043078602,60.6543549831551,18.6084505378687,8649,3.22,67.4548274433152,80.242951971518,28.7606696336374,6.25,108.769461583145,103.031548360113,0.0524223138091529
b8a7b0b5-5ec4-4808-b8b6-7d2c216fee8f,1779783658.842,-21.456,31.779,0.054,46.7215405102028,25.6903181642822,15.6599061753389,0.312834777472645,-8.75223651580431,39.0717140192621,4.78336259169871,0.667911704711691,4.24656070500772,46.5689522576522,10.0851565938453,1.06781980290313,17.226023886823,54.1019979675557,15.7273505604027,1.52695166647596,30.1784159414396,61.6851805689888,21.4654214750087,7950,3.28,65.2137468019435,82.8718975227893,31.9482542596221,6.47,106.043748379165,109.329807330113,-0.0603210878461766
d189b858-63ab-4e3f-b87a-8f8cd17329e0,1779783732.9,-21.456,31.779,0.0539999999999998,50.035384208752,31.2699983427132,12.3381302638019,0.277760764052559,-9.03632490297492,39.5978579270425,3.40993099077111,0.589465318770101,3.63104628402765,47.7089114301304,7.33310078846333,0.935409562048965,16.2289684100367,55.9485875802288,11.6834994877123,1.32519456441319,28.7373440541104,64.3541076650358,16.3321470867759,7369,3.3,71.3392754971607,96.4412273880808,28.592841558482,6.35,109.704321173327,132.909456976335,-0.0228048922052722
ceaa13ad-a3b5-4a1d-9c26-54c498f11dd6,1779783819.384,-21.456,31.779,0.0539999999999999,51.1726393813102,29.1266040306318,13.3562490881644,0.277099887453232,-8.73946932965236,39.0480686415673,3.4758980713977,0.587696289949259,4.25628059623684,46.5509506011768,7.50633010716753,0.931929010570156,17.2131095169212,54.1259159358835,12.0105741349089,1.31911228723836,30.1195545340361,61.7941944263209,16.869625815594,7274,3.44,77.1573749259425,91.9097677670626,30.9265129714412,6.59,117.626013422886,121.845292348158,0.2187987639293
dd8ba49c-b7c5-4f96-b617-1e0f5466d1a5,1779783927.199,-21.456,31.779,0.0539999999999999,52.0215374321806,27.9215254219507,11.1513258396927,0.273925103361406,-8.65360505594251,38.8890443148133,3.02931821698591,0.581017425484142,4.45474652225011,46.183383172906,6.6437651979872,0.921446192779979,17.5546151008411,53.4934329109982,10.7722428718213,1.30435220569973,30.642050818658,60.8265088418108,15.2898490485978,6874,3.38,78.9272040593435,88.7726854026027,28.4577726586684,6.35,122.337229737656,115.622323663914,-0.0411830889300897
9c80436f-e809-48f6-8213-5109dd9a1877,1779783983.502,-21.456,31.779,0.0540000000000002,52.3055711405895,26.0188248083776,12.4457802784639,0.276760523181244,-8.44133568287922,38.4959123091092,3.26530084173216,0.5862504160427,4.91041160816108,45.3394718419006,7.032573793923,0.928160935660786,18.2861621638063,52.1385762965929,11.2254406886964,1.31100524354789,31.6906040447158,58.8845431832759,15.7285454324401,6759,3.36,82.1012883701905,83.6776701611987,28.5847147779674,6.45,130.585296069932,106.534050096667,-0.00751691923062481
667ce2f6-9420-4c94-8e58-54497595b6bf,1779784058.286,-21.456,31.779,0.0539999999999999,52.8664463757667,28.3966012271274,11.4634410099385,0.269825572664199,-8.5429401550312,38.6840881601478,3.20118903352285,0.57200931739475,4.7148777741324,45.7016089097469,6.9696991348462,0.906627436184126,18.0093602286422,52.6512253819671,11.2401457765951,1.28263391810756,31.3486532517635,59.5178507544316,15.9065080648309,6515,3.42,83.6880551179111,85.2659705279091,30.3761982720193,6.55,133.419234335027,108.810280127498,0.114443563159611
60f8f484-4427-4a2f-aca8-38f6c7f82bb3,1779784090.843,-21.456,31.779,0.0539999999999999,51.5443758380568,30.4236202339683,12.4056448140174,0.272601971425575,-8.83816357509086,39.2308546276037,3.37903701873526,0.577579034446393,4.08256807133778,46.8726736662801,7.27636195207608,0.914801027216753,16.9968219663752,54.5264897790523,11.6197755514376,1.29290578429806,29.9014912489691,62.1980570061725,16.3022524456546,6215,3.4,78.7394206469046,92.2099291723258,30.2727452256697,6.47,122.845275786791,121.522947085925,0.0150499361635212
a7f0545e-40f6-4780-b95d-24bed8ddffbe,1779784179.031,-21.456,31.779,0.0540000000000004,55.3323702233301,31.4339767629659,11.7903693784514,0.253232688832431,-8.85252516771804,39.2574529146441,2.86842474867524,0.533282020951422,4.05092712710653,46.931274055439,6.17999862836481,0.838412079362845,16.9451610039345,54.6221681027211,9.88703783520261,1.17423195039008,29.8272714885119,62.3355151937119,13.9179836944056,5575,3.52,90.4974067710905,100.15052050198,29.7004544672423,6.65,137.617779937467,133.574817437927,0.118526480394678
7c37d01a-416e-43f3-b8dd-c867b60f6019,1779784297.352,-21.456,31.779,0.0539999999999999,55.8744850034767,31.9151894968671,10.4440271884928,0.244906815774373,-8.74585137179505,39.0598884580196,2.37577890764648,0.514628380309007,4.24461414670362,46.5725573673261,5.11071158606856,0.80697983923613,17.1999062718677,54.1503689134129,8.1711396669953,1.12658702420407,30.1129488734823,61.8064283936854,11.4944869889977,5859,3.48,93.4572360521739,102.431222912781,25.5594142888946,6.41,137.627654784595,135.355634742409,0.0705577512730144
122cf304-d210-48f5-880c-738bcf3f3175,1779784328.577,-21.456,31.779,0.0540000000000002,53.494308826196,29.9346876471781,11.4803096120538,0.259048251927986,-8.78724910825748,39.1365588458962,2.94493436998745,0.546199441818963,4.17118969363687,46.7085426113832,6.27903999424931,0.859905046087881,17.105864163075,54.3245389423569,9.94460672325429,1.20629329863467,30.0103656086866,61.9964170107846,13.8594233526726,4724,3.36,85.3033400461336,96.8695689211827,27.2498516137953,6.33,130.91593878478,129.755256373799,0.15093908350692
1a243cc2-86be-416c-b60b-abe68f24d7f6,1779784377.117,-21.456,31.779,0.054,55.7433986107016,31.9935271899094,10.657907190224,0.248001820053605,-8.75812910710988,39.0826273517194,2.65959010605796,0.52252579894707,4.22687274109258,46.605415213332,5.75761176311215,0.822058849993951,17.1845308754077,54.1788448087415,9.26201036691901,1.15234176521861,30.1083230631696,61.814995593277,13.1149904515286,5529,3.5,90.8284204832485,100.162040393837,28.8180770289634,6.55,136.886487585479,132.613753735377,0.174250183391621
5527ed5d-ac5d-475d-a255-10c9eb7e6b34,1779784777.944,-21.456,31.779,0.0539999999999999,60.176095327212,32.5460159420666,13.7360018055333,0.232321317025008,-8.57620223827188,38.745690968455,2.63348871192382,0.488286391710831,4.61669286173153,45.8834515890982,5.83699193496062,0.765994519944655,17.8086447682281,53.0229590446698,9.59492865700788,1.07016687392095,30.999342905417,60.1647885349067,13.8714751669293,5624,3.9,107.290345286227,102.012870947073,37.724224533293,7.47,158.509048619163,131.761886325348,0.184918320172244
f3483722-d785-44ea-b67d-838cf679dd04,1779784883.831,-21.456,31.779,0.0539999999999997,59.6285951265673,33.6184766364269,11.935190102923,0.229459419861403,-8.69863737770477,38.9724461109388,2.29382975666518,0.481458129477864,4.36812638064551,46.3438073995006,5.07339569761736,0.753778960772712,17.4327907093976,53.7190569219459,8.33151605130963,1.05048366405705,30.4944130571101,61.0999403240703,12.0353639638777,5640,3.82,107.83011537185,106.739372051084,33.5866173878439,7.21,159.025190829985,141.611759602699,-0.0943442584564309
b3671c29-a9f7-42e5-a56f-eaedfa9556a4,1779784964.41,-21.456,31.779,0.0539999999999997,55.1309330619886,30.7601941021693,9.9033444586871,0.23879040755477,-8.66307787363968,38.9065883804843,2.31606226170206,0.500107149937907,4.45557712862868,46.1818448541799,5.32687532557427,0.78116259433298,17.5898213964434,53.4282293378035,8.98787719276948,1.08554079086715,30.7411583428967,60.6429574456671,13.2126170379693,5339,3.88,110.531247767968,103.57605080467,36.8738444029331,7.45,166.621155113858,134.473854061271,0.211732161478153
f384dcbb-abe5-44cc-846a-961165b35852,1779784992.889,-21.456,31.779,0.0540000000000001,56.1934312478875,35.0228363233028,7.94684836098369,0.228189988965486,-9.02041722312058,39.5683962199814,1.71596923457441,0.478589807364731,3.66318736836442,47.649384759992,3.93200737586056,0.748913306759676,16.2813054370817,55.8516571558445,6.65445765891109,1.0430686609904,28.8214835880526,64.1982776304888,9.8491707763807,5255,3.68,98.9146522504548,118.369269354132,28.7201269781546,6.71,141.593401293384,158.14551291809,0.191283705608697
23a821e2-f8bc-4fbb-9b18-854030b3120b,1779785021.014,-21.456,31.779,0.054,59.6181833276169,33.3685945817341,11.5107896834169,0.234158047092852,-8.76774232230862,39.1004314395999,2.18048150977575,0.490240158306198,4.25883423755265,46.5462211476629,4.8717679102364,0.765449295723251,17.3189895001085,53.9298216545766,8.05025420254701,1.06322898344455,30.4176698518666,61.2420720398526,11.6603789479709,5235,3.8,111.460845330515,103.689746534834,32.5978425686962,7.17,168.135207708021,130.601973875975,0.210453312943855
2253aa96-10d2-4d28-97e9-57a693109c38,1779785054.006,-21.456,31.779,0.054,56.0318525324007,29.7616052763213,7.56064048350862,0.237301737514466,-8.49803020609297,38.600913003754,1.75390088938214,0.495351581149866,4.8607849601835,45.4313825277158,4.1386321880818,0.77068632504242,18.3150187124018,52.0851327278701,7.09861887296821,1.0658865120179,31.8751462777953,58.5427630329854,10.5233972328109,4824,3.72,120.105048116338,93.4084854355313,29.7595273221226,6.97,184.974977080246,111.521903950267,0.0767199706931265
d4f73923-893e-4641-98e2-10883cb6546d,1779785179.469,-21.456,31.779,0.054,66.9336549911759,33.7826333456846,14.4059097236018,0.211190839786502,-8.41549052752623,38.4480459701502,2.62063299131089,0.440586682626512,4.9389953556508,45.2865335125552,5.5977272819857,0.685232088693823,18.2888768075738,52.133548659616,8.91602606443086,0.947587869918342,31.6331254340095,58.9909960416697,12.5524800970291,3764,4.08,132.132055544872,112.534001574172,39.0538985856626,7.77,194.280279547283,148.263971064793,0.167915908123177
00603ab2-5029-4742-83a9-a8702b588db2,1779785456.517,-21.456,31.779,0.0540000000000007,64.3767128801543,34.8209235212132,16.4928958957753,0.215122021126116,-8.57970318375765,38.7521748700222,2.9176093959155,0.448596783940552,4.59761681249484,45.9187812524835,6.16970601078587,0.697239531695857,17.7600940287439,53.1128771016952,9.71467098474678,0.963412012269353,30.9052315477435,60.3390868157552,13.5077426917213,3249,3.86,125.806774422629,115.77887900742,36.9856606184812,7.37,189.01574380271,157.50492095451,0.270405793395064
d559dde4-9596-4b84-b1b6-afc08a391dd3,1779785592.866,-21.456,31.779,0.054,56.869198675292,32.2588463295494,9.77401096552507,0.231381619363777,-8.72454808754744,39.0204338596313,2.24267709862186,0.480810006609524,4.29898671696048,46.4718570293928,4.99238136231757,0.744389200301424,17.3016825829804,53.9618748092306,8.20066244229938,1.02396519121181,30.2805972053373,61.4959364748373,11.789961270318,3415,3.96,123.450347369062,119.573065642204,34.8900922993492,7.63,182.615718916076,164.386972381947,0.0430135100059488
58d181bc-e1a6-4bc6-ba83-9dc11f61ea53,1779785624.032,-21.456,31.779,0.0540000000000005,66.1543683143519,33.0927402779433,15.3755346608472,0.222460598283296,-8.47663773212421,38.5612932221673,3.15271667978022,0.463273530839709,4.79896964303159,45.5458671529091,6.62355639233413,0.718950409884454,18.0515779975964,52.5730362586575,10.3692442943494,0.991678703626416,31.2777806027337,59.6491099476942,14.351735224228,3239,3.92,127.080555100447,114.475912981636,39.301173928474,7.55,194.493166886729,155.644418182968,0.15552509717703
92fc98d0-2335-4db7-bb25-e9f3834cf98d,1779785677.438,-21.456,31.779,0.0539999999999996,65.2112961863865,34.9897888744412,16.0852942494633,0.221050409872962,-8.55808911215616,38.7121446800918,3.01570241656331,0.460599302253581,4.64201413835656,45.8365554960682,6.35093780334494,0.715294716762009,17.8279343703009,52.9872338722501,9.97259022490373,0.987416535242634,30.9972194413214,60.1687212817127,13.8502307427659,3499,4.02,126.527495084855,115.718606980455,39.3298054048126,7.63,187.270284628242,155.530815692397,-0.0139960547653857
59638051-02b4-48fd-b06e-4b3fe2c5bb08,1779785811.5,-21.456,31.779,0.0539999999999998,67.4668336788319,32.7251227683383,13.9685851954079,0.218089023747772,-8.2596629152309,38.1594465321735,2.54187882398689,0.453896345707928,5.27746316865745,44.659676570014,5.46406864185497,0.703880487355718,18.8358652084048,51.120502622817,8.73435330998883,0.970025749765817,32.4175853416678,57.538142563838,12.3088000000372,3215,3.96,137.108418235821,105.216198851408,36.6804909184091,7.39,206.696571500027,134.937031887675,0.157408846062467
417947bf-f39d-403c-91a6-c4179d8046cc,1779785927.003,-21.456,31.779,0.0540000000000005,65.3445236938055,35.2449054394507,14.0842824426515,0.221578845835664,-8.57278014099231,38.7393530971558,2.59537611676439,0.461289803752254,4.61343312802703,45.8894887560753,5.51131328097435,0.715617622218692,17.78697892528,53.0630851173601,8.72054530530267,0.986641877785328,30.9458643030919,60.2638332057931,12.187351763941,3465,3.9,125.831319270534,115.108805386148,34.5720907865568,7.37,186.488965437745,154.479799988598,0.155441569616471
8522d098-392c-47e7-ae73-2727f07522fd,1779785970.579,-21.456,31.779,0.054,65.0788282637068,34.959668633314,15.8402797137152,0.21928210324771,-8.59906330855561,38.7880306535612,3.04227669753247,0.457206665576174,4.53938023384362,46.0266379001011,6.40483764034684,0.710566450294866,17.6411146920619,53.3332319488978,10.0574392132586,0.981807309092852,30.7005012171429,60.7182561906676,13.9743754086787,3715,3.92,122.592885505202,118.171775084052,39.5594775302035,7.31,179.032922173164,161.182736210759,-0.00724811862583913
6d673fd3-c726-4224-a8fd-7008d82731ba,1780999371.711,-22.744,30.764,4.125,37.0252381089843,18.2360083949601,21.9908898398347,0.472613398965369,-8.12325173996948,37.9068071704178,14.1534465827453,0.963822172886434,5.41853407863718,44.3984071792089,23.1105492402069,1.52371181892621,19.0278856139043,50.764872575671,31.2889643217026,2.17617815964329,32.7259046464736,56.9671219547582,37.8722752605019,3755,3.14,49.5415067652734,64.2369979906396,41.5307753142808,6.43,94.5599306147576,81.9573970525993,3.9918849932223
de71bb99-36ba-4174-9049-51a4a6e79809,1780999513.06,-22.744,30.764,4.125,38.216788630981,16.2351336770709,18.9138068767676,0.463819922460161,-7.69481810170323,37.1133296513011,12.4623317959422,0.948583204905495,6.23163644902639,42.8925066288804,20.0128442497298,1.50456917652675,20.2151194351957,48.5660644920156,26.9115942377817,2.15375698165556,34.278050981136,54.0924802064632,32.2749306925843,4899,2.94,48.7831037555248,59.5333890238037,34.6128158346985,5.97,93.5121484247641,74.5639529593089,4.12925471487727
c61e8a00-2f31-4cf5-a3e2-814cf41cf2ae,1780999539.001,-22.744,30.764,4.125,38.4322985492526,19.5618303219109,19.5033320590877,0.448799093793637,-8.16636682946121,37.9866581699445,12.6836688063637,0.918563221539179,5.22645576412726,44.754144476332,20.5459832875976,1.45913209163103,18.5482472880823,51.6531833777516,27.9325321548714,2.09591358622013,31.7776579280602,58.7233156483301,34.0528251928193,6000,3.06,47.9061272590378,67.7056987405711,37.5632417010089,6.23,88.2657831863518,90.482984540076,4.16569860481943
a02a5343-c2dd-485a-97b0-5f845779cf8a,1780999711.085,-22.744,30.764,4.125,47.1571524786395,19.0296236478115,17.0790874145703,0.367325605255919,-7.52400558351558,36.7969775233167,10.3538567686162,0.739439198139754,6.61482147492398,42.1828314853919,16.2159118659182,1.15081266127157,20.8675642475517,47.3577086468401,22.0080986017424,1.61108689198262,35.2607109957109,52.2725516087569,27.4447139669388,4699,3.14,73.6451302652373,63.2969857237514,35.695262291865,6.31,132.373274918012,73.9106927441209,3.95636681061087
64de4980-e396-49d4-b694-a0cf1d206141,1780999772.649,-22.744,30.764,4.125,48.6971798712802,21.5889326913641,15.5770268215206,0.350040765077935,-7.82824179112988,37.36043606084,9.47352809973839,0.704505144775472,5.94710411883592,43.4194727382216,14.6596296960501,1.09631102792431,19.7397594827129,49.4464515627177,19.9522346301843,1.53484287725908,33.5543468437315,55.4328113855136,25.1258029313029,5374,3.18,73.3247628836127,72.1958568533617,34.4804977712294,6.23,125.596236827974,92.2514478395331,4.25929328365369
b9885aeb-b795-4e0b-9b12-e52716b17d89,1780999804.098,-22.744,30.764,4.125,46.565987912793,25.0488108205824,13.2381422263137,0.344460429782134,-8.44976762271691,38.5115286242306,8.53568663117216,0.69333689791548,4.68906120499333,45.7494223058086,12.8727950064547,1.07877409206568,17.7719271285744,53.0909616920299,17.3193255269805,1.50951417256216,30.7877445099906,60.5566778611776,21.638305194991,5074,3.04,66.2889487893274,82.0265748359005,28.9005087675645,5.83,111.052021947196,111.321142843037,4.04865717479523
f24b096b-d21d-4633-ba2b-490b87651b4f,1780999834.424,-22.744,30.764,4.125,45.4989149818126,20.8637845747501,10.4864411695885,0.351365711287854,-7.93788908213278,37.5635075582017,7.82950631324566,0.70577645597055,5.71103523891919,43.8566824539082,11.2308151328709,1.09523292782469,19.3482844183085,50.1714802139614,14.5133373705623,1.52709218363213,32.9741080546425,56.507438571009,17.50642931503,4544,2.74,64.5124511136779,71.197641226823,21.400998925249,5.17,111.339107448315,93.1052143117738,4.27014661312947
c2f372d0-ea2e-4062-ac28-ee5abd6aa681,1780999877.589,-22.744,30.764,4.125,46.3823504971551,25.4046959940063,14.2041231613456,0.346959514381806,-8.40635365049085,38.4311240810291,8.69664774289317,0.699479101099394,4.76964789648953,45.6001722882307,13.2579063730062,1.0906662955974,17.885626567926,52.8803854416992,18.0089134397659,1.53037752947374,30.9285050556211,60.2959832784919,22.708905776358,5725,3.08,65.7475058707932,81.3001851766547,30.7572757074493,5.89,110.243081671329,109.8138494759,3.96725165762365
3cc1c06b-9c8e-453c-b674-1cf2ed44635b,1780999953.213,-22.744,30.764,4.125,47.9610920745537,18.763759059842,16.2631814625604,0.367888463781651,-7.45198141817754,36.6635856723403,9.98585163389558,0.746816701450437,6.73460696723032,41.9609836033114,15.74658453341,1.17495974107418,21.0214541228107,47.0726979811699,21.677492540866,1.66875877970375,35.4448676676156,51.9314855343398,27.4563064345282,7894,3.16,68.6555282546073,61.3380162100812,35.4957368517507,6.27,117.961288000701,70.520048607873,4.30012648966725
e123a7d4-9a17-478c-8eea-5f1f3d5113ee,1781000262.294,-22.744,30.764,4.125,53.0758886768761,28.6503764660711,12.6107587983853,0.292889993112885,-8.44163287012485,38.496462712666,7.69934626531973,0.58260843190724,4.74025096621657,45.6546166670545,11.0769168199798,0.894125697077016,17.9081134257349,52.8387388141862,14.4713018436774,1.2310848707062,31.0605118909548,60.0515009436525,17.7967443697556,3240,3.16,88.877548140979,92.1881737552284,27.2366806170051,5.99,146.595733575479,122.810829132612,4.18324610338607
039a56c8-b91b-494b-bee7-2f3aa3b50e3e,1781000543.648,-22.744,30.764,4.125,49.8523024970377,19.7995691366228,10.7633773482854,0.328200612773013,-7.46910809900039,36.6953050216076,7.40320566147021,0.650060870951396,6.77274017438625,41.890359264073,9.90674251541508,0.993061799947936,21.1716061481565,46.7946099742529,11.8122177713344,1.36069381105205,35.7417058455009,51.3817284659622,12.9969880822517,1435,1.68,47.6819227978522,54.8477928513635,13.3252861177312,3.37,102.509672128797,67.1433550000931,4.22751654032191
b7415219-931c-485a-9fc1-e927ded5d9c0,1781000627.641,-22.744,30.764,4.125,56.2491235091292,27.4137307273811,10.3732501645675,0.288495902440308,-7.97411346475011,37.6305966723223,7.00443378431458,0.57702739224694,5.70976528731892,43.8590344588751,10.0766839229598,0.891493423147202,19.4602959978617,49.964029952549,13.5014559153104,1.23759464666403,33.2921349612392,55.9184390660218,17.1960822828586,5724,3.36,95.1064492405311,78.605719200917,29.8457805675434,6.29,151.353829021515,92.8577729890192,4.03067849593701
053dec82-4660-4571-93c8-360870b0df63,1781000745.809,-22.744,30.764,4.125,58.3921589379433,29.7609593455972,6.25612584153861,0.267664267554791,-8.23869006810892,38.1206039175494,5.45656576841372,0.531727506135611,5.18661193841493,44.827936954687,7.00010298914219,0.814726088115426,18.6606029506229,51.4450958598522,8.80041253000811,1.11957223054814,32.1921889086633,57.9555864489677,10.789349935525,4049,3.14,101.2938897222,87.7730309081818,18.737616458186,5.45,155.706058547358,105.903134357243,4.23704814490779
a4821a93-f2d7-4a47-9c30-b78b6d7b4874,1781000859.594,-22.744,30.764,4.125,60.9017772227103,25.7848693489509,13.911655915412,0.274901375782774,-7.6789641126694,37.0839673819481,7.895499018622,0.546979963172568,6.26953118718983,42.8223239444694,11.6717203427407,0.839883166980864,20.2732194676022,48.458460733914,15.6939854080071,1.15750721366871,34.341089442237,53.9757302660856,19.9003136904188,4150,3.62,112.361555708736,80.2109492676288,37.7859615476585,6.95,179.417864843787,95.8066446480824,4.27771359255354
f9025941-06af-4bc6-9549-d26ed17878f8,1781001067.335,-22.744,30.764,4.125,60.651130759699,21.8218557961634,16.0577856998378,0.291007939595428,-7.22611123851614,36.2452643880326,8.73986308486387,0.581695620124298,7.18207893410975,41.132246281026,13.3432484353277,0.898216525615049,21.6962403773159,45.8229648245356,18.2446237703041,1.24646980889011,36.3395892291949,50.2744227326065,23.3813878356123,5225,3.66,107.866988057723,65.2035469215382,42.5336993946787,7.15,173.107352030194,66.9424543447558,3.93795208651261
6024089c-3eb7-4de8-bbbc-269d71427580,1781001102.096,-22.744,30.764,4.125,56.5504181465675,27.5827447452412,14.9630198302798,0.290527103992834,-8.12122155096018,37.9030471730821,8.42468748337152,0.578366934745517,5.36385182803959,44.4996810584483,12.6552620563391,0.888625578782799,18.8427597867649,51.1077335672529,17.0888142674368,1.22546478127295,32.3145381953472,57.7289903094664,21.6476683182128,4174,3.6,99.9967386067649,91.0705970308152,38.7525327987686,6.97,160.409090398426,118.312009256849,4.18232701582418
20c698df-2468-475a-8587-1832fd491593,1781001137.996,-22.744,30.764,4.125,57.3863677014015,25.9851354489262,15.952021571765,0.293870931161376,-7.87470342955926,37.4464850128883,8.76449906066798,0.585681297192784,5.88635229234026,43.5319877329934,13.3278730086865,0.901038246742571,19.6957661215888,49.5279291590699,18.1131467608376,1.24461451682575,33.5622474884456,55.4181790518049,23.0414925893303,4334,3.64,103.445094866291,82.0633450465142,41.3434057342709,6.95,165.065473360031,100.66400825082,4.0149367084397
cfb84b6e-831e-4772-8ee0-ff9f2409c2b4,1781001404.744,-22.744,30.764,4.125,60.7630806476025,25.701942834696,14.8398480783538,0.278274120189429,-7.68112160286646,37.0879631465571,8.08396217751449,0.553557759386216,6.25629876503391,42.8468309592469,12.0244568789075,0.849744262488818,20.2391663436412,48.5215285836472,16.200188430544,1.17068563906899,34.2752576368524,54.0976536001798,20.5474682022194,4224,3.68,112.372022228767,81.538664484344,38.9546725855357,7.15,178.456617534372,100.601350316237,4.04311711119306
06fde253-60ba-4cd9-af3b-4751acc000ae,1781001556.764,-22.744,30.764,4.125,58.1979876048114,26.6568186839886,12.1675241299962,0.282083768617936,-7.8965785615705,37.4869986979221,7.41694327597197,0.562682203117431,5.8674743402518,43.5669505119427,10.8052358403685,0.866537394459142,19.706212901479,49.5085812735406,14.4901814266766,1.19833154890518,33.6334688688953,55.2862739929583,18.4038083481848,4855,3.5,103.166639927732,79.1550193246642,33.6108117790936,6.53,161.626700428889,89.2263871561488,4.15272138090019
77487bc7-b0c0-4ba2-a7e7-6c531330b7c5,1781001672.028,-22.744,30.764,4.125,60.0957525851841,28.3293825153815,10.7243276655604,0.269329688610337,-8.01164582578025,37.7001082187016,6.74119817505704,0.536322771978844,5.58761165651045,44.0852682352827,9.54307204009315,0.824304701551218,19.1955419200839,50.4543658880309,12.6864548871492,1.13724774826885,32.8139753607953,56.8040112051223,16.1173857520526,4614,3.58,106.995742303198,90.1756445110095,31.9178437878811,6.63,163.656356615923,112.177099541481,4.09494406057896
c8b314e4-b683-4548-838b-db77479c8c26,1781002657.837,-22.744,30.764,4.125,42.5594620920826,23.6751808390337,13.0425315080304,0.37614087727794,-8.5513332216548,38.6996324804053,8.77791608542183,0.765601839481873,4.49742725149573,46.104336627231,13.3213610143286,1.2076455356917,17.4886821330719,53.6155436021784,17.8837682750581,1.7178173292072,30.4062791764948,61.2631680603977,22.0475391457317,7720,2.78,51.8969361485728,74.4846993459402,25.7553412665952,5.37,90.3983107454673,100.002323754393,4.01207210728245
798ec4f0-ead4-4a07-80c1-cdf455ddcf45,1781002669.752,-22.744,30.764,4.125,43.5379958513408,24.890989863058,14.5727927205114,0.364195531990469,-8.4753595434203,38.5589259617303,9.09049356678556,0.738314716801262,4.61139756836047,45.8932587000992,13.9396070302391,1.1589029073665,17.606045315453,53.3981819422297,18.8553415499811,1.63899797823462,30.4889829914136,61.1099970392127,23.4974504215199,6169,2.94,57.5415930262257,78.369888671793,29.1267454375954,5.71,98.7016580184505,107.181623200546,4.0000636483153
b1d97ae6-776f-4974-a51a-88332f7b31c4,1781002684.667,-22.744,30.764,4.125,43.8475274533207,22.7679320442542,14.3987040913062,0.373710700698202,-8.31848354135657,38.2683848608256,9.14239850629819,0.756584642289266,4.97617084717561,45.2176829038438,13.9865629487489,1.18559205539953,18.2567305132397,52.1930849788935,18.8347052103724,1.67324924580326,31.5260093273529,59.1893796767907,23.3337823010965,6439,2.92,58.6722685744858,73.4305034761572,28.4011569636071,5.65,102.910923584592,96.0388217030706,4.00555421545194
48573abf-df07-4742-bc06-c8525c11381e,1781002756.766,-22.744,30.764,4.125,43.5673830724945,23.6113182464578,12.5581254910283,0.362944581647504,-8.46544510333798,38.5405639924139,8.45453656380763,0.73001532988657,4.66696208110857,45.790350833423,12.5675545391448,1.13448225117435,17.7531390523508,53.1257580170133,16.6062559103528,1.58441450152022,30.7871149169854,60.5578438944935,20.2910530369023,5190,2.82,59.9808514584611,77.6449799973832,24.824655417617,5.33,104.865561767465,104.596160864724,4.0399906861914
4292eaba-eb08-40e1-92bd-dc0577fd2119,1781002777.369,-22.744,30.764,4.125,44.0226952239326,23.4455581074573,10.7708048195282,0.354012242248874,-8.4075797401724,38.4333948518366,7.80937990746782,0.714684757720441,4.78211470597683,45.5770832210339,11.2147075016158,1.11578249498805,17.9296971750529,52.7987647824286,14.518853607636,1.56702218132464,31.0287497597856,60.1103257762309,17.5254584337347,8789,2.7,57.7526227547492,75.4083472721911,20.9221841313344,5.13,99.6706938412887,100.231344691063,4.14529805605655
233d9cf2-f296-42de-970a-d00e3f345ad7,1781002881.52,-22.744,30.764,4.125,57.4932023120816,35.3053351261638,10.2976199008522,0.265425441980396,-8.87982980720652,39.3080222809744,6.53496514561924,0.528042923387864,3.88705570291775,47.2347709788963,9.15385377380445,0.810634159701682,16.627535646508,55.2104239213801,12.1177760529502,1.11681674951346,29.3374513461232,63.2426831578541,15.3700339377529,5265,3.5,98.042605480551,108.888258678381,30.459215988754,6.49,150.847277963341,146.647811878923,4.16514007879294
e0a1890f-cc9f-4e0d-9fa2-71705f85f0fd,1781002898.007,-22.744,30.764,4.125,54.8131787380993,32.3722515817431,11.9127196096475,0.280882365673278,-8.69427544933453,38.9643676320505,7.34514440615612,0.558374351599903,4.25098156091568,46.5607646424303,10.5855853453259,0.856389191124682,17.1774073495042,54.1920378849998,14.0335594503791,1.17843590515549,30.0815698864568,61.8645436268359,17.6130632284942,3959,3.4,95.0156573969392,101.810447625744,31.0354745857663,6.43,151.970562763733,138.176799666428,3.96585778530704
c7ad7b09-852c-43c3-885e-aefee4080d19,1781002944.124,-22.744,30.764,4.125,57.7025136549124,30.6269273907945,12.2301629500665,0.276728789182497,-8.32103340867141,38.2731073247275,7.39050188028735,0.551403210629301,5.01361192366708,45.1483404203551,10.757479541555,0.848039925703246,18.379960761048,51.9648572615116,14.4199729184947,1.17085471484521,31.783522794241,58.7124536639957,18.306464745736,5015,3.48,100.686977629205,91.3123967029768,33.8035339529416,6.61,161.447809084945,115.86535971355,4.18055149056676
8afcee79-7462-49ad-ac59-224f7d99ac71,1781002972.367,-22.744,30.764,4.125,57.8588803825353,37.0774904351468,8.25140055359675,0.261423211381966,-9.02228320891822,39.5718521059091,5.91392471183828,0.519428315160758,3.6258113676217,47.7186067203961,7.96316236712551,0.796185206009358,16.2617292571775,55.8879130827297,10.3611528295434,1.09479695958343,28.8839209854011,64.0826408860245,13.052852183631,4875,3.48,99.9924240378303,111.34963545352,26.4618929351373,6.27,151.162104946279,146.791538641984,4.15253830587538
d57d74f3-01d6-471e-afd7-023cc731fc6c,1781002989.399,-22.744,30.764,4.125,58.2338305463582,34.977229043227,10.3674052234269,0.263960084958532,-8.79679032331713,39.1542295864233,6.58233414713894,0.523653225321349,4.06052253144212,46.9135029540429,9.15597285743692,0.801220769763707,16.9071954099145,54.692482015225,11.9833517216996,1.09946123926841,29.7421797134364,62.4931088197806,15.0046650952892,4159,3.48,103.384206977074,107.923956918686,28.9921080533302,6.39,159.396536963979,142.660415911847,4.21706870789369
8e9c35d5-e276-4c09-8c58-2ad312f0f692,1781003045.993,-22.744,30.764,4.125,59.6992799381298,33.7400082623004,10.0125947612983,0.262418021866903,-8.59585499892186,38.7820887261741,6.27017730797723,0.521110757509691,4.43930839375076,46.2119752506687,8.66532732754694,0.798278213881079,17.4552268051135,53.6775043080117,11.4199410596981,1.09697521156587,30.4491579827973,61.1837546674969,14.4721025110673,5119,3.56,105.19077008254,105.530109624025,29.8838228602574,6.49,159.799390276788,136.982752298846,3.99660141881233
e3aefd1e-4981-4e6b-ae6d-1077752bc409,1781003066.325,-22.744,30.764,4.125,58.1429236148745,32.7201404160446,12.4557272133506,0.265629745639242,-8.57749219891432,38.7480800310283,7.2998281812567,0.526968407399492,4.47880391166557,46.1388278533306,10.4203493145645,0.806335222929164,17.5205917271675,53.5564456619198,13.6856516099462,1.10660404419433,30.5459850248842,61.0044268223505,17.0391371505345,3384,3.44,104.491610294282,104.203498117407,31.0460987634971,6.45,165.5541151495,140.246391371757,4.01704789581651
ad7953b4-2df6-4b93-a71b-97db17fb2e03,1781003166.87,-22.744,30.764,4.125,59.6886520217818,33.398207955984,7.79042601107851,0.253648081277186,-8.60085377304798,38.7913466707843,5.69878701569727,0.503980610262581,4.31405579721195,46.4439484448528,7.40709388975855,0.772495835736069,17.0812889287487,54.3700533329724,9.33114043705447,1.06216182905128,29.6776941837774,62.6125387933461,11.423318752969,4094,3.16,92.5730623320556,113.74671266449,20.5323476728877,5.55,131.59156649893,159.930152134676,4.04052250261034
a8008e54-2cdf-4307-9c16-7c598e894180,1781003218.62,-22.744,30.764,4.125,62.7413463397982,34.2625543939174,12.7870410008539,0.253748872477961,-8.44196644185424,38.4970805018512,7.13718401770485,0.503335042059206,4.81506791255441,45.5160524655873,10.2423928734848,0.770188620048188,18.1409231840513,52.4075651318334,13.6391886286288,1.05719635067312,31.5462670408287,59.1518615204274,17.2915186213802,4714,3.78,121.093821144633,96.3825314820993,37.7883361727314,7.11,188.480969986021,113.423719660209,4.26347008490026
ff004ee6-6449-49b6-969f-002c16a47e9c,1781003237.929,-22.744,30.764,4.125,63.1952092486933,36.2939581335655,11.2670657181477,0.247974506152801,-8.55666522320747,38.709507576537,6.66207035807293,0.49098182602806,4.57546067016987,45.9598153807007,9.27561167144573,0.749673988656659,17.7549146903409,53.1224694591097,12.1283317111867,1.0264581278571,30.9885876106818,60.1847078031939,15.1854490153142,4089,3.58,119.146758848592,101.815763385052,32.2431935869852,6.47,183.449013675811,125.548256990259,4.24373128282762
bb00cd16-8159-4c42-ba2e-ef4c0f0967d9,1781003351.272,-22.744,30.764,4.125,61.349602699266,35.960165484358,7.63876750229382,0.246362804579557,-8.67360462268745,38.9260843723317,5.48558275678399,0.489072913448749,4.40753933662126,46.2708129104235,7.12210082990419,0.748990096206314,17.5995028197216,53.4102989256272,9.0988495626487,1.02903795838338,30.9199771412162,60.3117773426383,11.3741754883482,5149,3.36,113.166174998044,92.999640413106,24.0027147100775,5.99,173.151826063523,104.805234840599,4.14179735304043
42de791e-1669-4e26-987d-d05c85deb3c4,1781003598.988,-22.744,30.764,4.125,63.7757138165939,34.9527243387015,14.0555994453782,0.249631781980158,-8.49125816127442,38.5883708855774,7.46627244874083,0.493316989492871,4.64757075877961,45.8262643961308,10.7307253076925,0.751590637362894,17.7750853615962,53.0851125086813,14.1412858483918,1.02647592666269,30.8897799442298,60.3677038498239,17.6581710145184,3409,3.58,119.199844200614,110.659781109125,35.9927250132342,6.67,185.545815292902,150.35317856052,4.07664290879478
7e44c977-1f6e-48b7-ae68-9ac264a9ed21,1781003710.049,-22.744,30.764,4.125,64.0435736705024,36.5334715066132,14.0087775233348,0.247872634705064,-8.59889487074008,38.7877186994846,7.33633810787608,0.489912807151155,4.48673746414037,46.1241345730341,10.5689541109174,0.746534788503929,17.610787418189,53.38939936407,14.0329177690932,1.01979278672281,30.7780163128318,60.5746949005921,17.688489971518,4044,3.9,129.207904955682,109.658739194308,39.6939387404341,7.33,203.239733991386,139.799529155775,4.23658859195848
1f4adddc-2b62-440b-89f2-17a7d12d1481,1782465732.512,-22.744,30.764,4.125,40.4947554161952,19.5293518834407,17.3757789478081,0.419269732012643,-8.12754193987506,37.9147528051055,11.1937011875879,0.85207308904967,5.26699399813014,44.6790659239659,17.6009276262089,1.34062505960817,18.5520248347908,51.6461871988269,23.556923848561,1.89897530630028,31.7066488860471,58.8548274472621,28.4774650578604,9549,2.84,50.1549552471298,69.5622217586698,31.750323277087,5.75,94.8460859001697,97.8495517497409,4.2454362179375
ec4cd4a0-a3bd-48fd-98d8-a73cf9c3dce0,1782465795.047,-22.744,30.764,4.125,38.4621079163397,19.8685584486103,17.8792731962561,0.432511795191288,-8.35883749178352,38.3431221120856,11.7141702897899,0.877362986760607,4.75878996800568,45.6202816386332,18.3762762577311,1.37676982705384,17.6997461565406,53.2246439557489,24.3450464694154,1.94281050277808,30.4422024917269,61.1966365360194,29.0193206450319,6809,2.78,46.4202225517369,71.9340958387092,31.6047316030037,5.61,89.5905195571802,104.229253036116,4.26486107045992
1257b1a5-4c53-492a-9ba2-753f8a4e37c4,1782465883.032,-22.744,30.764,4.125,38.1827724328275,19.2127764004917,15.6861216811742,0.433280754210281,-8.24839592906905,38.1385795893633,10.5465589105126,0.881749726546326,5.03874470042289,45.1017934371877,16.2498316297127,1.38937545370011,18.2229805931249,52.2555912820668,21.346757060426,1.96987972859188,31.2938667517165,59.6193177081337,25.1784870405003,9580,2.64,44.3325136210116,67.2311781827246,26.7147154019194,5.25,85.4023827933463,92.3494313770246,4.13145714667979
8911de3a-05c2-4969-be60-34cc7ca955d1,1782465904.766,-22.744,30.764,4.125,38.8913674024051,20.7936013301668,17.1452721365841,0.430552210726219,-8.26221673911383,38.1641763238095,11.296787188626,0.875453959458421,5.01135588220161,45.1525187061505,17.7125389447737,1.37827849399397,18.1810366010453,52.3332733588332,23.5674538150269,1.95346660861347,31.2318330313309,59.7342068255064,28.2372906190555,9519,2.8,47.4364943714757,69.3644765580903,30.8495214876896,5.69,90.6790144393281,98.1812939525192,4.01586086219514
65be4136-ffa1-4df6-8f74-e7f85b6e016b,1782465933.715,-22.744,30.764,4.125,37.5791515526034,18.7099411738769,16.9052292702382,0.443550296042062,-8.23068451191623,38.1057772832715,11.3520142112552,0.903009143584647,5.03662707057043,45.1057153787246,17.6515489642435,1.42292775162708,18.1606411135473,52.3710466786094,23.1511193453607,2.01653955273117,31.1251171476835,59.931849230406,27.1581668910012,8275,2.66,43.3130058675418,67.4025786135394,28.6548327460592,5.41,85.6976862187623,95.82700615915,4.04360498854145
725c123f-ee0f-457f-81dd-49306f0aa76f,1782465983.642,-22.744,30.764,4.125,39.0401947363917,20.1641497089661,17.3635502605238,0.433636896301384,-8.33850526139083,38.3054659471883,11.2188102585914,0.881953723993473,4.86336126731725,45.4266110961325,17.5583898149493,1.38881234111966,17.9585952253212,52.7452443508234,23.3219914703934,1.96909513392396,30.9325704729552,60.2884539507914,27.861491884448,9374,2.76,45.9360095864273,69.401285940735,30.1813013275057,5.59,88.8671635466994,97.2961557957307,4.09450565079786
8b7a7b6a-29df-4b32-9ca2-613be0b0e01f,1782466147.43,-22.744,30.764,4.125,44.1144457343403,20.0258786126254,16.4428981659352,0.386086894968634,-7.75322296668639,37.2214979724412,10.2636030470783,0.781273888897934,6.06709996625959,43.1972352694193,16.0078280038881,1.22344124341642,19.8789825794024,49.1886044015752,21.599726366721,1.72471686727101,33.6861179775748,55.1887655799688,26.6439267572717,7874,2.96,61.3152075388455,67.1315402399116,31.9983468780273,5.87,111.575874723901,88.3375419285334,4.12150083992546
fdceb582-55a0-4e1f-ad53-9f511d215476,1782466182.906,-22.744,30.764,4.125,43.1463881574469,20.7122776406395,13.5378273634293,0.374388461728387,-8.12134548280302,37.9032767001836,9.03200714776738,0.756215284251344,5.23811717508152,44.7325470418475,13.6626196209942,1.18123827211665,18.4449118206586,51.8445651064596,18.1683639088796,1.65937226168463,31.4725368007813,59.2884130951203,22.1891718094361,6500,2.78,56.2527930401655,74.8020515102844,26.2432278134626,5.41,99.7671284020342,106.322075255832,4.05960427390954
b0a8ae5f-5ce1-4b28-a8fa-48ff3fd19a45,1782466209.208,-22.744,30.764,4.125,45.0836701436413,24.6827927519224,14.81035750411,0.355556704608731,-8.38120874711575,38.3845546388414,9.24315571342908,0.719296884794857,4.74972069745018,45.6370783176467,14.2048718628685,1.12626656002186,17.7382313444393,53.1533677330412,19.2349622231205,1.58803846595565,30.5527544298654,60.9918895932662,24.044291615704,8439,3,60.4203474288693,81.3505322724641,30.8171113257071,5.91,103.864735246778,115.626201681226,4.09560098222052
a4859c2f-bd94-4772-8665-7fd3df40b040,1782466287.348,-22.744,30.764,4.125,45.4479798586014,23.0057621135825,15.0994872985821,0.366881657213425,-8.25121548956816,38.1438015366383,9.47761067235783,0.740062323175149,5.08282191387237,45.0201605427236,14.5753812738066,1.15442185904891,18.3750024527991,51.9740402615773,19.6389248521423,1.61985414010032,31.6185805030599,59.0179338791661,24.3581432021418,7815,2.96,62.0628319550145,75.7009992198805,30.516643425102,5.81,110.903554466883,102.969886651484,4.00987894618221
d66e439c-07ae-45e7-98ba-0bf28023a26d,1782466325.564,-22.744,30.764,4.125,40.5916254378909,23.1631567459403,13.6302140958046,0.38868350609401,-8.50041615956684,38.6053318921747,9.07820931415772,0.784598233391694,4.514532316422,46.0726573115336,13.6463621129251,1.22437519647574,17.3864625553554,53.8048586551697,17.958696513283,1.71734809060721,30.093605818781,61.8422525626712,21.6249366933434,7329,2.68,50.8000684973061,75.9542140284846,24.591375459283,5.21,91.956898934383,107.549119504432,4.18790230484234
3342d9c2-4754-4203-ad8f-ff49ac1821c3,1782466371.945,-22.744,30.764,4.125,45.1851028897824,22.7267568158689,16.2601138279127,0.367389103317966,-8.23406286702815,38.1120341421954,10.0120291723754,0.741114676083843,5.10978424460762,44.9702251469223,15.513629802623,1.1562146095213,18.4037766353049,51.9207492383941,20.9035451107176,1.62289938836221,31.6372237572258,58.9834057708605,25.8848773231222,7344,3.02,62.9241150622207,76.3736667898302,32.5079427019057,5.97,112.388201480897,104.726766281563,4.18643920607899
5f6035f2-8893-4835-9af5-15eb530a7095,1782466405.242,-22.744,30.764,4.125,45.0934870933657,21.8174200116238,15.4604660595176,0.37404620921479,-8.11227683663916,37.8864811775702,9.75200983803151,0.754853752296602,5.3491781847885,44.5268572766612,15.053844889472,1.17806729877059,18.7666789488545,51.2486385502551,20.2614890515126,1.65409453946953,32.1320808932653,58.0669090779053,25.043877567985,8184,2.96,61.512961185034,73.5342690298629,30.8622556486549,5.81,110.114449002418,99.8909564586188,4.0574387088498
738678fc-bade-4043-9c50-6a8a75fdc120,1782466486.993,-22.744,30.764,4.125,41.9141904573842,22.5924464949667,11.6729541337797,0.378298935996752,-8.45305970047372,38.5176256937832,8.43138258200321,0.76079278675053,4.67910383266052,45.7678637874988,12.2263831625724,1.18173758794075,17.7536359649515,53.1248377135113,15.6850473308906,1.64809832598463,30.76608504873,60.5967921147083,18.5339004395598,6774,2.5,51.3389352382902,72.7122938405153,20.668747153641,4.79,95.4033175131409,99.9508795249146,4.07794326823936
ed0d7890-7789-4883-bccb-6872a4496664,1782466648.857,-22.744,30.764,4.125,51.1975379586267,24.3989500473752,12.159058838824,0.311903618604703,-8.03729238731114,37.7476067533632,7.73204769710694,0.622113065868747,5.55883639354133,44.1385612595304,11.2020412606528,0.957595826500339,19.1858884962237,50.4722444440813,14.7146693063053,1.32273825457158,32.8483996528869,56.7402559360526,18.1335458955603,4374,2.94,81.7867293141318,78.2946750365336,25.6244543343395,5.57,140.875644434981,101.916469841303,4.23003122764902
eaa671a8-d9a6-417d-9bff-86860060c313,1782466690.323,-22.744,30.764,4.125,50.3972823476737,24.9215684987191,9.53227200010886,0.317679783840139,-8.11406346542645,37.8897900909026,7.06271377206866,0.63518373469061,5.50465478406023,44.2389079298964,9.92951633823054,0.980485015114435,19.2597959647683,50.3353646345913,12.8423818037014,1.35891572248673,33.1749057977289,56.1355525172593,15.6465676681931,5359,2.68,73.9851994186419,70.6321420073934,20.4672132629224,5.03,129.673430215087,84.8683598316034,4.0074281248305
4ca1cc40-99db-49c0-8175-02fb0686aa88,1782466820.963,-22.744,30.764,4.125,51.3589016976591,26.8326785963753,11.7041341061835,0.30911802452653,-8.25050922119957,38.1424934972528,7.62302897758253,0.617784602759697,5.19671308386854,44.8092291989954,11.1102388029218,0.9532864404964,18.7290645698498,51.3183019974498,14.759801942754,1.32086585803365,32.3611854772129,57.6425975377922,18.4373913532273,5775,3.08,83.9748180440714,78.7182718236989,27.3662441297017,5.81,142.202276308826,97.2007937557085,4.11417147001794
740f2360-c8f9-4a2b-a8be-0c8c27feaf8c,1782466851.572,-22.744,30.764,4.125,44.7585147648662,19.7664231264888,10.9769171267033,0.357136012173096,-7.78404451820806,37.278580811071,7.85840487870214,0.710258778441095,6.1163231933688,43.1060717363979,10.9718429828163,1.08937221023304,20.121943251107,48.738630791176,13.6358943603459,1.49796340495268,34.2446076736866,54.154418649797,15.6737451453146,2709,2.18,55.9039673407691,61.8860070118666,17.017120043357,4.21,110.443773270665,78.3052662566138,4.22645947678103
365e14be-3545-48e6-898e-8f705265f839,1782466950.908,-22.744,30.764,4.125,48.6184997673695,25.0209727243448,12.4625081574504,0.331873955616289,-8.20056042598363,38.049986180901,8.07175727931023,0.665776823150983,5.35307127482493,44.5196471065254,11.8542196654723,1.03180181347153,19.0619712725511,50.701744470301,15.6464432900766,1.43676482875723,32.9552401678279,56.5423827086383,19.25258112706,6419,2.8,71.8216218534294,70.1962700787253,24.9551839127916,5.39,127.420237437038,83.3117044049498,4.03369065165825
1347dd0b-4fe3-4f3b-ab5d-1678d00bf3f8,1782467046.372,-22.744,30.764,4.125,59.1339917649093,32.3297571386019,10.9258192196833,0.266083195755266,-8.47923045113305,38.5660950492489,6.94463917486364,0.528417762444607,4.67854036507306,45.7689073536978,9.87691000169813,0.809565029583114,17.8335544444043,52.9768252533684,13.0924532059897,1.11272551330032,30.9855003272828,60.1904255847904,16.5376953697334,4440,3.48,105.193230985352,100.892995348304,32.2914510727009,6.51,167.908863029364,134.488350721984,4.17537580491823
222ffbd4-a185-4e5a-bca0-a7f0f11a51d4,1782467089.656,-22.744,30.764,4.125,57.2894081063281,27.3603107803267,14.6498791388236,0.285757298041105,-7.96091145244363,37.6061459778934,8.26936937860432,0.568645116073392,5.75884402982095,43.7681385175586,12.3188289506609,0.873223914158884,19.5683275648231,49.7639508455823,16.5309851708384,1.20344574702749,33.4815833735454,55.5675724608559,20.8249311311904,4735,3.46,105.166074084628,80.3211278570578,36.204163213108,6.69,174.944171158582,98.6310123666996,3.98281410935175
019ca3a8-746f-4ea4-8c9d-659d2d50f048,1782467121.211,-22.744,30.764,4.125,58.6297150241849,32.3112609259626,10.328608353532,0.26431411632061,-8.34849173497689,38.3239613256508,6.75707224091344,0.524599186266219,4.97373501846344,45.2221941633503,9.46934512818265,0.803155896977035,18.34191355591,52.035322321315,12.4206234391368,1.10299535786636,31.7637197925938,58.7491296745015,15.5597701917491,4725,3.5,110.64520754427,94.1658017455402,30.0096847705758,6.45,174.413016066323,117.215850897947,4.27224386178631
b6ddc3fd-5ffd-49b5-8d63-0df75be0bf17,1782467154.541,-22.744,30.764,4.125,59.0912505073658,30.4860787345227,10.7035355347506,0.267988198169175,-8.27021233126493,38.178984504254,6.84907267982667,0.531254487436853,5.12543888218248,44.9412320850426,9.60933563844828,0.812174190599498,18.5673763699715,51.6177554956136,12.5628494383338,1.11341450136177,32.0619744189721,58.196749282613,15.6467451168071,4474,3.4,109.584849455613,92.5777856294121,28.6389432330068,6.35,175.92082875284,116.990970466688,4.14982176444219
6b3dc7de-5c38-4abd-9438-d8e6e22347a7,1782467371.73,-22.744,30.764,4.125,59.5752162630232,27.0246767316966,12.7963251781719,0.274920911795382,-7.77480268049757,37.2614645302666,7.56775895075743,0.547073032546405,6.11755780757433,43.1037851778055,11.0070997148139,0.840094819179937,20.101163376904,48.7771160116569,14.655469217159,1.15785756623139,34.1912242083245,54.2532871229372,18.44609370852,4884,3.44,109.528163567437,77.7138853519044,33.1722520827846,6.57,177.866796290563,90.9303451017337,4.16383032257927
c2a0c1f7-3eb4-4e82-b16d-69b605c8370b,1782467659.192,-22.744,30.764,4.125,57.14889943012,29.4445157520424,12.9052798921519,0.280486278268611,-8.26089210050987,38.1617230361605,7.69582603637167,0.557851192117266,5.15366306767261,44.8889596799803,11.2740840034493,0.856092950007509,18.6264024912396,51.5084365811221,15.0769655785703,1.17892155158558,32.1662909214251,58.0035506348498,19.0320482684982,4575,3.4,102.227181349106,87.9158832733958,33.923921414683,6.45,168.335548594508,111.94829371056,4.23071965533961
2d70c55d-cf91-473a-b832-e95635ad91eb,1782467815.917,-22.744,30.764,4.125,57.9171003338404,26.2758223449566,14.1585470689063,0.288788326749441,-7.86034462340972,37.4198918865242,8.1194271913857,0.575582825989345,5.95238470220726,43.4096928707725,12.1191732630396,0.885527828100577,19.8554795977611,49.2321329341154,16.363722442089,1.22309439909701,33.8635185585083,54.8602120765169,20.7638510254025,5239,3.42,102.041469222624,77.308942475529,36.1986034297317,6.63,169.382671107972,91.8445606879902,4.06780510638571
2c546572-fb4f-4632-8058-3bbfc00f0ebd,1782467846.965,-22.744,30.764,4.125,56.6438760309117,30.6689979527835,10.5553144153238,0.275915486420649,-8.42148243877564,38.4591432474139,6.88067227717534,0.548232981700345,4.84049679912464,45.468957074312,9.72483898609099,0.840352120660144,18.1558685088315,52.3798857477472,12.8114957267873,1.15564529955192,31.5330742588779,59.1762951198406,16.0705396937466,4674,3.32,101.375326467388,91.2755793505389,28.7004829371484,6.21,165.878488801622,115.532020537292,4.14561176927455
b75a8954-a179-4466-9a63-2967507e4b25,1782467887.262,-22.744,30.764,4.125,55.158825253255,31.9000876035988,11.0740731116874,0.277904899269043,-8.65756614444905,38.8963804210395,7.04064161162026,0.551860995643262,4.35417674333565,46.3696427275808,9.97421040324963,0.845287622607306,17.3834373525323,53.8104614608705,13.09063956528,1.1613107830955,30.4328629215651,61.2139338215258,16.3162654341402,4139,3.34,98.3486536648052,98.6409395430239,28.4515103703517,6.23,159.276131814101,129.850653035061,4.05788826526066
947d7f62-c8bc-41d2-bac3-2db9f90ec623,1782467930.322,-22.744,30.764,4.125,56.895850315314,31.1784966514021,7.91277423936699,0.268420475788009,-8.36969979064182,38.3632395566095,5.97855421466651,0.531280576558145,4.84080918036893,45.4683785308164,7.83760067136523,0.810590544175708,17.9968120843166,52.6744650847815,9.79590354699512,1.1083836961271,31.0921898365313,59.9928320264114,11.7932757155508,3200,2.96,94.8117023284133,98.2115780473007,18.4951317414776,5.31,149.929080629366,134.923310487548,4.14616526534775
d33ecaa7-ac86-49ee-83f9-ba4ce4fb39aa,1782468008.938,-22.744,30.764,4.125,50.4141579747104,28.0835193695438,12.643445541383,0.304689895700948,-8.5277877937418,38.6560253355448,7.81022370654583,0.605768470900602,4.61755276416685,45.8818590128154,11.282007808532,0.929021549473486,17.7960446963192,53.0462949196012,14.7400184290906,1.27795609195237,31.0131245730937,60.1392642938091,18.0701793809197,3465,2.98,83.40573934808,86.8962762538182,26.0623637621705,5.69,144.788763085436,115.509046192773,4.12246792230527
9c6512a1-b5ec-4980-9aaa-40be6c07419d,1782468149.031,-22.744,30.764,4.125,53.7160347555444,32.6485941082143,10.4126173343294,0.28145487308483,-8.7118956044541,38.9970009169328,6.88589211441969,0.55869963457766,4.27127720870363,46.5231762300899,9.66386889627548,0.85539867773888,17.2950156024864,53.9742223437608,12.6077998168208,1.17458278888798,30.3644861409094,61.3405705592465,15.6383919777005,4174,3.2,94.941079613204,95.7004827916063,26.1162892599188,5.95,155.884160534768,125.491242515149,4.09781780930661
e05d1348-929a-462b-89bc-9d2bac34aa5e,1782468205.347,-22.744,30.764,4.125,54.5606105736312,33.9417074839363,9.68649853089932,0.272825284668962,-8.91446936180382,39.3721762254601,6.44476728741661,0.541896905848666,3.83906448874469,47.3236527709879,8.88843916965698,0.830295960415545,16.5871446822768,55.2852297237969,11.5764582447409,1.1411214811729,29.329431523212,63.2575362147081,14.4382896192644,4139,3.26,94.4131486303126,103.948093679352,25.6696611482682,5.99,150.480663588072,138.015959208475,3.97681803521301
743bee69-270d-4aa4-8f4e-ee3a62bb0fff,1782468371.247,-22.744,30.764,4.125,51.1962577039685,28.8131005147245,13.1126047612729,0.303562275458839,-8.49654117715189,38.5981552581324,8.00132374354094,0.60441282610074,4.71752929361456,45.6966981816605,11.7567905828265,0.928603488508258,18.00842762923,52.6529525961768,15.6030995564927,1.28019984786645,31.3876916455555,59.4455499706235,19.4235011950426,3839,3.12,87.3472992228923,84.928473725203,29.5882094578443,5.93,150.205268730154,108.880758446915,4.19897206743417
0f945b71-1eeb-47da-b961-4e14b1e53e20,1782469577.66,-22.744,30.764,4.125,37.4026142384732,11.3306833222192,15.017940150073,0.484991089049936,-6.77071259371146,35.401846517412,10.9723731090541,1.0001378961736,8.21010787924043,39.2282924732357,16.4295713702389,1.60226686854067,23.5182855203072,42.4484588785739,20.4442811521551,2.31597393952261,39.2803330731817,44.8280386925319,21.8159492117379,10050,2.22,37.2859553676573,44.587056762013,21.846175928124,4.55,78.872197691342,45.7454076528001,4.07091379065124
d6a2092d-3523-4472-ab5a-c5f8f52128bd,1782469672.11,-22.744,30.764,4.125,34.4428415838052,20.1050803580728,12.2366306904205,0.460022913288742,-8.72948905487146,39.0295847435585,9.01553570729609,0.929905744265862,4.12090341421243,46.8016749629996,12.912336490249,1.4522768214894,16.894218669889,54.7165154957036,15.854860841218,2.03591929308774,29.6105281841423,62.7369331125577,17.2843851334756,6400,2.16,32.135411994151,64.340470655277,17.3243341413114,4.21,68.1462947204863,87.5188227650099,4.06340209585409
17307f24-d30b-40f4-9360-57b2aca2c7e4,1782469701.708,-22.744,30.764,4.125,40.6548254050324,16.0019972588073,6.84795455163311,0.401814231853471,-7.39079675094311,36.5502690379098,6.35389946294547,0.815511181127825,7.07513725728506,41.3303068645983,7.94933586497676,1.27613173676452,21.9190518986103,45.4103083070345,8.7507051544452,1.78844303813503,37.2301540979292,48.6250583047447,8.26334363022958,6089,1.36,24.5044120321893,46.0261186943536,8.77478139432501,2.61,59.7223530193843,51.4724416019113,4.06506854140174
f036f99f-d805-44cc-a4b3-6bbe762425ce,1782469745.088,-22.744,30.764,4.125,36.7694811746043,14.3418026033032,14.4496384980747,0.474745551946512,-7.41570809095726,36.5964059107107,10.5993941027805,0.967465189671378,6.88844832541459,41.6760627933499,15.7362138316673,1.52596167188383,21.3903443885857,46.3894973480498,19.6027507173282,2.16335677918257,36.1390280319311,50.6458706933221,21.4312014895651,8624,2.26,38.2363146382511,51.2018910441636,21.4658795352132,4.55,81.693873526051,59.880692560442,4.11543119727356
6eb20c7c-b682-489a-b8c2-5d7dffffbfbd,1782469820.404,-22.744,30.764,4.125,35.7250819409419,18.4845283482094,14.4916754180919,0.456330559310614,-8.29366513553823,38.2224201061512,10.2205018632644,0.927718317756647,5.05743791589998,45.0671727983856,15.4738296454311,1.45884202513851,18.4333371727682,51.8660018520194,19.9022969318407,2.06032512419117,31.8505377723844,58.5883390430803,22.7650588611182,7035,2.46,39.9609011906121,62.5786664487261,23.3059450358342,4.87,81.482043681288,81.9147226753754,4.10644954352081
1d86c06b-98d7-4314-9deb-11f601c4e0d6,1782469897.388,-22.744,30.764,4.125,35.3514601880391,21.7729736467266,9.016848591572,0.433149501993057,-8.74111070743633,39.0511085437963,7.33908927350476,0.868413014260476,4.09070723884002,46.8575995781122,9.91343369163186,1.34462620728897,16.8340142841742,54.8280166066114,11.8466545215006,1.86999135289072,29.487088596377,62.9655485365406,12.7391724179328,4925,1.94,31.0718957852936,64.0002699836502,12.7501632685666,3.59,62.8989434043103,85.2996199372135,4.20743684682765
fc895400-a62d-4a1e-bdb1-98b4ba8418d5,1782469953.683,-22.744,30.764,4.125,36.5624194379708,17.7046736074119,12.0384986062307,0.444876828980996,-8.07114425717569,37.8103018718564,8.92606554980978,0.901676001827972,5.52922776319478,44.1933977159928,12.8021433632632,1.41213270105918,19.2067402257328,50.4336261444838,15.8001106471925,1.98347971009669,32.9777471712076,56.500698770662,17.3559366214793,5645,2.14,36.5161398252124,58.020109019146,17.4330443899822,4.19,76.9708579575248,74.1365397801072,4.13918041507542
da32640d-ab04-4e87-a4a0-f662cee62dc3,1782470003.305,-22.744,30.764,4.125,39.2019765472645,17.3580781415562,11.9818871321508,0.425104605639784,-7.77006087035115,37.2526824939953,9.01707667705205,0.863144391533657,6.19993355452007,42.9512217526123,13.0843825971822,1.35588501838751,20.3554101076323,48.3062401346876,16.4187740958061,1.9146255310055,34.7362922998039,53.2437975816235,18.4880141445321,6369,2.24,42.4367215500734,55.6553640380261,18.8044564722463,4.39,85.8763263022277,66.1157135419426,4.0198579015501
2bf74035-9de1-4998-a78a-89845ea18bc3,1782470054.901,-22.744,30.764,4.125,35.3326441596551,14.4535755341701,11.3431376133417,0.485539384182613,-7.52793613101066,36.8042570662765,9.09113114605178,0.982236377792986,6.70901213860192,42.0083863264133,12.7367855854331,1.5362991501959,21.1821269680442,46.7751249634648,15.0437933989305,2.15937639154678,35.939349964495,51.0156830596256,15.3488311231106,6074,1.92,30.4405385827302,49.5136989965742,15.5209606919762,3.81,69.8660018526063,58.1933914434567,4.10013421055121
4b84f562-4655-47c6-9467-2b9b43278f44,1782470105.668,-22.744,30.764,4.125,38.1610120116554,20.3312732525519,13.0486903480031,0.419492104091191,-8.38668875082143,38.394703841324,9.35421176973396,0.84738934533266,4.87965717284947,45.3964303784237,13.7590127276341,1.32265103900026,18.1728566431829,52.3484229925021,17.492605418953,1.85376523191332,31.5053169707378,59.2277028109359,20.1314891796255,5725,2.4,43.8645098621603,65.4914392419,21.0613068548053,4.75,88.0577243467201,87.0594558851428,4.1468276638387
eaac32a3-4486-4ef8-865d-d8483f629840,1782470150.017,-22.744,30.764,4.125,38.2729897507401,19.2539041492414,11.4934080479106,0.422145457191565,-8.14703306192846,37.9508512011939,8.76329370728794,0.851585961874809,5.48346395083922,44.2781542641485,12.5482535650531,1.3271262692603,19.301229332786,50.2586282555422,15.5824511793536,1.85686994709181,33.3345236540295,55.8399333844184,17.4243207404672,6174,2.16,40.8142637615265,58.5995993110313,17.7070346988679,4.25,85.2495474713743,71.8924256774228,4.0867664817913
3d2b5275-5db6-4fd8-bc07-41f374764acd,1782470293.994,-22.744,30.764,4.125,44.3609394525071,20.0316542621576,8.63322768737239,0.36388973463914,-7.8865501697316,37.4684256850531,7.1705199192725,0.728795948696471,5.82486086679041,43.6458724970135,9.85081412944451,1.12659770235354,19.5394233330515,49.8174827255974,12.2754823865004,1.56252748598809,33.2563793554466,55.9846599853072,14.2358974262431,3960,2.28,53.3692160536493,65.0062787022772,15.5360268307497,4.27,99.0092024997239,85.2447196870603,4.04530731017756
4f3f67fc-2c09-463f-b127-658be8195573,1782470494.571,-22.744,30.764,4.125,39.5157564099242,17.4726326153215,6.35139568529119,0.402619513443745,-7.99037943283228,37.6607219445864,6.03673896806713,0.812535109130805,5.22197029631408,44.7624517555804,7.46406492653917,1.26232445352338,17.9997445366361,52.6690340570012,8.24541473413943,1.75477680956241,30.3247178487117,61.4142231462847,7.96171383206539,4990,1.4,21.6053593627739,55.1092287274363,8.29393524553515,2.61,48.5815636390752,76.3757752903066,4.131348179353
958481e5-8c6a-4f11-acab-a8c4d5a6f203,1782470603.413,-22.744,30.764,4.125,50.5404043591428,18.9051572627063,10.3175398252422,0.325738468359608,-7.29069643973098,36.3648789576051,7.23040312218015,0.649770995726242,7.17421437582879,41.146811781109,9.84158592476698,1.0003197930833,21.8700584566381,45.5010462681021,12.1078873589069,1.38221033296689,36.8343866378125,49.3580366574048,13.8904726162929,3309,2.1,62.3213220259906,54.412814363433,15.2343444797839,4.05,118.6494254679,58.593392199768,4.07259384129864
67017d36-f17a-417e-b088-e53c7c78f5b0,1782470627.747,-22.744,30.764,4.125,47.7210370537766,16.3343884398095,6.72779995800796,0.349071031021118,-7.1920994759018,36.182273141292,6.26783944660503,0.684570954781462,7.08230729309723,41.3170276499894,7.44819165190044,1.0353100797952,21.291932721649,46.571759986551,7.87099100375837,1.40391865740475,35.4461060878904,51.9291919267434,7.52628244233712,1089,1.06,22.2650196163776,46.9363909032837,7.87230104717715,2.25,65.0340857008236,63.3610566210648,4.15932204168218
b1cc9b3b-569f-487e-8d6a-16978beb435f,1782470679.86,-22.744,30.764,4.125,47.8384314714674,19.9389680732348,5.1157054995552,0.259744651617496,-7.60193475919186,36.9413057073329,5.18497144319976,0.528746293530801,6.54616284977079,42.3099902112403,6.03201270840142,0.833431729158797,20.9170367775473,47.266083394154,6.66678689457486,1.18323187206615,35.5794964550523,51.6821472314714,6.94555860909387,4034,1.2,36.2398564520964,51.8637793795391,6.94646926490779,2.33,74.7284443780801,59.5373224075296,4.1259916543377
a42dae29-cfba-4eed-af87-ca6e164ae464,1782470726.601,-22.744,30.764,4.125,48.3941518826241,20.3767381429589,11.5605117206529,0.337653154856509,-7.63944539450372,37.0107770167478,7.83375936965383,0.674641336614996,6.42268093761425,42.5386840218156,11.1945541761365,1.04032918380416,20.6254017021849,47.8062040929451,14.3672928099366,1.43980426288477,34.9899218055105,52.7740648319327,17.1705735399974,3839,2.56,69.8236188793989,63.0883057983866,20.6746282396808,4.93,127.691900044642,74.8900248970622,4.03375868266374
fd6e3657-0e1d-4099-9939-84d0d219d781,1782470774.11,-22.744,30.764,4.125,43.3042623483898,26.7465636301248,5.80141269715042,0.338168632883855,-8.8800266047043,39.3083867584018,5.72746589491877,0.67543869090853,3.93081228524122,47.1537319070635,7.14351559092625,1.0385519089446,16.7658097577192,54.9543343221461,8.37782494895729,1.42780172185285,29.6306783113245,62.699614210636,9.25701627893148,2804,1.8,41.242001015921,69.6112360633276,9.55406565700892,3.29,83.2492861612707,93.9191069441848,4.11194951292959
9fac2368-a924-4298-be0c-9e696d6f32c7,1782470798.065,-22.744,30.764,4.125,42.3381412752617,22.0301315778424,11.3920684470316,0.364529136982817,-8.25324616634898,38.1475624373479,8.13104112559642,0.728766596333956,5.27917673987537,44.6565029624412,11.5006778397021,1.12437064968361,18.9903332882227,50.8344210974432,14.4058559425245,1.55657269150049,32.9031795353527,56.6388012383953,16.6338746236574,4184,2.24,52.9214773941146,64.1176719463614,18.0130579477629,4.31,103.331907735806,79.0196007806174,4.14011087140048
877cdd5d-e7d8-4bb2-9fdf-50b40233f481,1782470868.722,-22.744,30.764,4.125,43.5320226239092,23.3666146961596,10.2012719983175,0.355864600451613,-8.36071747172505,38.3466039157695,7.56368607496663,0.712581808020065,5.0552021588673,45.0713135165394,10.5331617281329,1.10144230158578,18.6351896304106,51.4921624215633,13.1749945627679,1.52816275183482,32.4067364162167,57.5582352402367,15.2877044453699,4170,2.26,53.6744578348219,65.9309416812978,16.7358411381321,4.33,103.522597633058,81.1746190918405,4.11973609467328
44fa105b-9632-424e-940b-96ad9a9b1234,1782470903.998,-22.744,30.764,4.125,43.4792895598782,21.3356732872477,11.8750613263433,0.36346185002107,-7.97559804401146,37.6333461769457,8.22529355622804,0.719867949034991,5.75008328144553,43.7843638002293,11.5739710406605,1.09924563542373,19.5816652395978,49.7392488984294,14.3786638497898,1.50461875310425,33.5300321147542,55.477843309022,16.4779188769915,2364,2.18,55.0606163159255,63.7460451319353,17.8325023403071,4.25,110.968433587737,81.7761650051415,4.02050625287659
5f34da62-94df-4c7e-9a11-4edcd63a6150,1782470968.946,-22.744,30.764,4.125,47.1867406578943,22.6296076573432,7.56653584805293,0.329414447064219,-8.06493448420473,37.7988011053171,6.31427825465188,0.652589964030892,5.48260261032598,44.2797495038134,8.19949236681937,0.996696055205367,19.0347839896129,50.7520964872542,9.87174728684593,1.36456441368063,32.5911528650219,57.2166880478304,11.219238198792,2799,2.08,56.4041013196865,68.5508197041628,12.317156019024,3.87,105.572686788368,91.3191209276913,4.197480198937
6f170a2f-bbbb-4e87-bd08-740cc699ea51,1782471022.665,-22.744,30.764,4.125,43.8987267060707,23.0883782280547,10.0449364737012,0.348237490054542,-8.39170607219684,38.4039961362374,7.22723540562008,0.691747167644017,4.75573206714734,45.6259450025011,9.53390388274709,1.05672308076782,17.8082033190509,53.0237766275267,11.1504620812235,1.44130001521806,30.7676966332972,60.5938073907978,11.902115862646,775,1.54,33.9861764405966,62.5066906212171,11.9348662566411,3.05,78.679478168232,90.1345161056168,4.10524063635618
