track_id,launch_spin_rate,apex_t,apex_x,apex_y,apex_z,landing_t,landing_x,landing_y,landing_z
065c1384-11e8-44d2-bf1a-db288c0ed636,7017.23430312541,2.4692850176038137,42.157727382308,89.7845370533424,17.63453266563144,4.722364620531315,73.3400583969557,129.44238046137946,0.17592084706478045
a97c3116-70e1-40b2-afd4-1a00b7147363,3900.610040532521,1.5677944736302172,17.398940273549904,69.76231847061203,7.532584778465323,2.9590830503729117,41.52418811149678,102.38877817503561,0.30104534965157725
c2dd368c-3e5a-4ed9-8e6e-db8551dd47ac,6767.421159455905,2.607244025403953,59.08360464633809,80.15015673073889,16.450083297518262,4.968307440618062,101.85305158376278,112.33673884971556,-0.0123387967550856
dc80735e-d8e3-4716-a20b-73c189f9895d,10002.851573785647,2.643884032230287,40.15095841286049,57.39558659718766,27.823223638735136,5.417270438487175,85.04213436596324,69.46451786038199,0.2261528295844993
9552ec97-ca7d-447f-8d11-5b17bd3dd31d,10163.998051416927,2.469771461335962,32.48468241331916,62.50080936789286,23.36131183169776,5.003978506370112,70.62450131999529,82.13563204577103,0.10574510392450169
58f8ba48-c1f0-41d4-acf7-5f03009f021d,9065.572105733407,2.50871198820557,34.634548293530955,65.21625081700536,24.45398336754017,5.068880299961963,76.31056995465079,87.58519672821437,0.09907094199533613
d6e63f52-a798-467b-a0f5-f99e65bb95f2,10076.658388137297,2.478126659801204,34.067502706673245,58.01546566481129,24.28964571923989,5.018462132548068,73.48498501943197,71.3092097950001,0.06049635892050331
29a7d003-5dd8-4bf2-a5c3-b43a0e62f453,9304.761237528393,2.0691121494306137,20.017453736954035,55.87375651581176,17.156914210594394,4.2185233099141985,54.615913672317426,70.98140138414303,0.24358640442585547
2557cc62-a469-4998-bd82-3ac4a05b6e1b,11119.4006766712,2.4453142995395116,33.49808919166277,72.71926803593276,22.129058324956382,4.910619960580702,71.59255960064819,100.95188240305401,0.12112599959595291
acfa182f-177c-4d4d-996d-c573e242e566,8164.975424530245,1.870559032745702,25.3389611940044,50.06749596875365,12.714073879336963,3.7376702281884784,60.952460142445794,60.602877659795254,0.11431798586681793
0486ecf8-2e97-49b5-9e21-5da6b7780770,8708.503830368052,2.975175955236183,60.13222590864075,80.4267985899613,28.131614669905588,5.82618841501388,110.19332348515397,104.12350483525222,0.06313568762221067
ed127a2a-c0aa-4757-8860-ce5f98df69c6,8562.186531201984,1.5382839754781532,22.480809571554055,44.20522519366804,7.66667069168478,2.988221798902796,55.33234680949704,49.485574502519015,0.15887524196517458
d2bcae15-56d7-4a9e-90e6-95799e3a2a35,6787.510270994944,2.3104332516924657,41.67717597050836,61.66466884605321,19.052041657482953,4.594382719780136,87.37887265801018,78.00101373075664,0.18779297291706012
72c0ba08-8f1e-4565-8717-2324993544a9,6557.652283982716,2.2228425330637007,36.32799236246715,64.98079734253557,16.77068901932947,4.447577926120912,81.39065185207677,87.71484077590299,0.10011984056539966
de5c76ee-26b0-4d84-ac1b-c4ab47500671,4441.858976035147,2.0888197268796036,36.203288267620685,66.67574529769146,14.94566935029808,4.2316334238002975,81.38906936470673,93.12902985300069,0.06336259088243704
f129a513-86f6-4729-b8b1-18d1e4e43a56,6130.9550313033815,2.2087389161150606,35.996448996260966,57.81674447111707,16.972675742889393,4.390358653536035,78.10113170737029,73.89630459575542,0.12763940250312394
73067808-1bfc-4cc6-b493-4c447f40270d,5968.036085360112,1.3356880907311364,21.75377827143176,35.55708140547739,4.722486263773961,2.4527862901593207,51.76837193652621,37.650297871369126,0.460130565547553
285280f1-1f6b-44bc-a2ef-476010e16d49,7350.460519368016,1.858051056823863,32.092623584676275,47.255445087694376,11.59225607498411,3.67011167109821,68.63467943197784,54.358732943745636,0.21433329190765868
be4dd272-b23c-4e97-9d12-f5ccb63cbd29,2467.0342101999336,1.0385547012102943,4.845852905617815,57.49365441069342,3.834843074084451,2.178540337062232,32.44262654066464,86.85537932871947,0.36892559895370486
019eccd6-c8ec-4628-bbea-64799279497e,2402.184424581287,1.0891311841248086,7.726109406657334,59.80680025918434,4.045588854331753,2.2430786989138087,36.76086733661358,90.42941982769155,0.5571815119649699
76f72813-9fef-47a9-9dbf-e4b5d89c9186,9125.360411210588,1.9567016089079938,17.817974434380556,59.418691097200984,13.966370549364012,3.9288502204421234,47.596480946498545,80.09828866375578,0.07278718753623888
b23e2488-da48-4a9a-ad0d-d4a4cc9471c5,9581.723874383226,1.8667751581790486,15.270760288184231,59.82732219088761,12.140288170149296,3.739358973022341,43.315338752242305,79.97882378009191,0.17283285289580946
a3a794ff-3a50-46fd-8b17-56a2068e39fd,9783.503568124239,1.9639939416711645,17.408501147907185,59.88730033325278,13.366632926147762,3.9112121576926286,46.78905702590875,79.49480846246206,0.13115534665578835
f2165cd4-8627-4dcd-b620-b54cfad875fa,9518.315424985001,1.863891573421491,14.358534542217978,58.77750919722725,12.879233890293872,3.7669341588368765,42.92241145812544,79.26354340022377,0.1547732946262556
804862ed-3f03-4534-9db7-dda652f24387,10501.482292328606,1.7620035646269314,16.05043849011073,44.03676192324038,10.969228014550335,3.514472492583689,46.690946309993514,49.2637565014196,0.23447791448219654
fbb23eb1-79e5-4f5c-8fd2-07d12590f9ab,9635.502194538054,2.398766933375827,43.78087847272975,68.38875027267827,16.39678815575487,4.7155275122720965,84.65314618076768,93.15720247942215,0.0966291659420595
a29cbdd8-393e-4c90-97e3-00d9624e625e,9401.139006868472,2.588027987883717,47.571924222184585,72.2486871593583,20.501681589101434,5.107685042781784,89.4000618021195,98.07561226023843,0.1432078432577515
0ddb7709-d9f7-456a-a227-71c9aa57b9a1,8755.039483205557,2.482785477260113,43.03412437472249,70.05204352504374,18.25574828156861,4.878463821106376,83.33160644582833,96.32926438782985,0.058070462862488494
9a4ce044-d674-4cb0-a8cf-e330fa857125,8977.80006587409,2.477389162152605,46.27769944905123,69.92949509537706,17.857646010552838,4.874310846033192,89.84540985815127,96.5651933391289,0.03516554056295953
d854cda9-05b5-403c-864c-f6b21d9655ec,8305.601338933115,2.551991408110916,47.70178063563877,71.462743436609,18.80225328256414,4.9970754072224555,89.46098424224456,97.20690116820496,0.10289898700650357
bd004b3a-5a67-49ee-b5a5-afdfe08e5aa7,6951.194821255485,2.5501130945969606,58.80909409012435,78.01878501709268,15.118998618523872,4.822013640004747,102.31118565868456,106.33180658651361,0.011071574151124742
bd39aa44-4555-4e73-aa42-1757251a92b1,5575.804102800788,2.8436079622117085,75.71431744245754,84.53332698880595,21.079415155014075,5.528781655594743,130.39138019545757,115.35523534057754,0.24022831465410502
9d5b81cf-3435-49b4-a8d4-7f2ce906312d,6555.982263849008,2.6034536007094204,69.14115692066474,72.34925716390248,15.442787718472573,4.804666823683349,117.76723218002776,91.98577077803802,0.10868000198416779
9fbfdeab-f375-49a0-b030-27aefcf4ebe2,6286.223923555583,2.271844428775304,52.99168306388832,71.1544036657229,13.147683422933966,4.269008752259838,97.25739237413111,93.3026042828895,0.05315881271589147
f9636e73-ecd9-4959-91b9-20e36e651231,6041.130335461815,2.8985432522134684,70.85767656016155,82.75245818776283,20.6634909946491,5.469021373273472,119.05647324466989,110.0033829617862,0.18286635877450513
54c5a503-27ec-451c-81e6-d610eef73666,6489.26072817121,2.6208224741522423,64.80735076368993,81.54946116223532,14.655553427706735,4.874410773517567,110.13961645746262,109.68477724537381,0.049459534893358546
87679773-3eec-42fc-892b-b143d4bd5d6f,5269.666194739644,2.6628672787525067,77.09763200918515,63.85899759520986,14.751571775649438,4.75434681574099,131.27590489623827,76.41348360347114,0.023307657992967502
cfe21f1b-2c25-49b3-8b18-447161bf8e12,4700.430415622246,2.434252363533308,66.63182960334125,64.24953411299556,13.264889934459072,4.479508005734141,117.78112115327585,81.2103888748901,0.014802924363710312
5edf441b-901c-42b3-8436-39c6fab563bd,5374.929949304131,2.396337972516132,65.57978156000375,59.88917597627144,12.074904925153325,4.36967175768515,115.3695535540108,73.42106380489398,-0.035534845873354606
71979658-b314-4131-92ec-87529509adb8,5014.519224068625,2.7328582438694773,80.39552712447895,62.412235308897344,15.902241940167087,4.934626843180288,136.34940908370908,75.2258601600703,0.012167063822248591
271b6452-9b23-4e6c-be3d-8e30b0dc4910,2905.3710115538743,2.8254572574967143,91.35141751380006,88.88905877224914,21.440226070568826,5.5594319537829495,162.5247794028343,124.21763062073876,0.13145012768790423
67f65d63-9f7a-48a0-b120-910512f23427,3113.544418317247,2.741318308862504,91.93736135119408,99.51767665195769,15.822362817565283,5.337511562849089,157.16185857403676,149.95991445881015,0.06880114864819031
95b1bfbd-c166-4b6c-a980-193fd0dc2ab0,4030.115976648919,3.0114817584465423,96.7774174661219,100.31092374846621,18.046833021296447,5.683861187464131,158.6752895517751,138.1947201942427,0.18013898467701406
e50f7ff5-2575-4026-b5b9-6cab680afe19,3049.5362867330323,2.5428966228288976,72.54631722094798,66.98729917776629,18.73508524788554,5.092587786020417,133.5895445195555,86.72425132555514,0.1384536277474344
5d2114db-21d1-4805-becf-69734cf00391,2727.3698933452206,2.5554327342153633,78.21271497710235,80.51135585973115,16.451590423889783,4.909837617597189,141.7624880181344,114.2007068472135,0.025913115131831744
042454b1-8bef-4869-8efa-95e7031f02e8,3362.3935704452656,2.6168917470264823,87.66019169395713,90.3061546241666,12.844345788317913,5.093846157957288,153.67705848298652,128.94643534094865,0.07697324792415836
a2cf6bc9-2baf-4ff7-bc0c-267104b6d179,1716.901437230204,3.019973330875763,110.21572073110435,102.15259896726218,25.314235459559377,5.951145955932437,194.5631895696929,146.84733682854372,0.05902205560249749
5ead2d3c-28cf-45b4-80bb-517f787c323f,2202.820843251609,3.0986779993441753,108.44283914695806,87.86223396992321,26.507402955024457,6.068045304295259,191.61785590457848,113.87157030921188,0.08212408349292814
205cadeb-9451-42c6-8aa0-70e053b96fc6,6594.201731269415,2.047191500589169,45.344849123496736,68.71378109570988,9.329799400960315,3.7766456808171602,85.52148607912063,87.44339847705558,0.027656773779121614
94c42ee3-5858-4f12-8bf3-4a6c1ddabbb4,9641.52789737594,2.6859478888588812,46.57264587401277,69.8763291535101,25.836669375095756,5.400186739950211,92.31488840512404,93.56863335749759,-0.021463671146182063
aa1d0fd6-5e2e-4832-9565-3f6b32769e92,10402.525533841026,2.728877535221048,46.30186124207789,69.26271060796479,26.97131995558778,5.496407058356126,91.40056596496004,94.04500424623305,0.06434293447805728
667ccd2c-9b5b-4a22-8411-90cbff82d9e2,10532.270618198596,2.892436050633047,46.450292522151415,70.68734889106545,32.905515124340596,5.9985156170359915,94.34394907471417,98.11227476520969,0.17421781080895044
18cbdb71-2f67-4e74-8702-b88b142b1a49,10486.303583879422,2.8371808456632164,46.88732303233521,72.07797225510726,30.39968326657685,5.775290449142604,93.61661193132718,97.8513029975209,0.05440081700418882
046ef719-e596-4bf3-a6d2-0efdc7461188,10401.321627621966,2.826201725354457,48.1262625770912,72.01774537401813,29.78076624489673,5.727883938214058,95.82301631809521,97.71026436380859,0.009263367175165006
f667e2cd-1546-4a41-b21a-ef797d0a4a57,10327.675834825885,2.7289233620667814,48.956521657824304,71.78892335575243,27.45950159442877,5.543743653688761,97.47245332943734,99.55043634225532,-0.01219448470433102
fbc599bf-8339-4657-a7ac-0e086d546b67,9508.943952496053,2.8714577205166982,48.838857350404865,77.13493748705454,26.940058179734308,5.6829970643443515,88.86342082370068,102.89004654617824,0.2198571464547352
8b516507-24cd-482b-8d16-8a57ab38fbb9,9608.236352765918,3.1008030333516596,60.78761062133674,76.29877263023721,34.14039386416022,6.212401276912791,111.8202856355966,106.41477296574662,0.1843269159113076
5d5590a7-36d6-43ec-9055-94f1da1c36cf,9358.458532921315,3.172910754479035,64.03605051318277,81.73995716711224,34.695514701082764,6.453718783214546,115.9959755891221,113.81252672084284,0.08777867752946056
7f1e8c76-e15d-4af0-bf35-89ca627d3452,9048.034940300233,3.1887831211976465,65.37175981409834,76.96322458755756,35.149256867921586,6.377350173587751,116.52853994477645,103.96405470669508,0.1635247821126165
26b6cff3-457d-4337-99cc-331955df85a0,6503.435830157926,3.3443043691898553,90.6123597269823,80.12579429301509,33.87832391422545,6.531927727452432,151.48392907672564,105.88295727872307,0.073036375816748
79e47389-8820-44d7-b7c0-6e950b4f2cb7,5855.426204208519,3.3161453029221746,94.63933957228016,81.30383961115919,31.027726103651695,6.449706886562599,157.98095427110178,108.23914552388983,0.14587354304735806
d74de485-c6ab-45c5-96e9-f83f4196b7fb,5998.538175328084,3.3087395655449505,89.06809709797093,93.88223929311175,31.233308755405098,6.404467308990711,149.26020520715215,128.28998967896183,0.1581531611625057
a8f7f150-6b4a-4d84-81d8-6a09a2ae8f69,5593.020867785699,3.3309502445961305,94.71119321201465,87.09504600899335,30.445190177633766,6.396100753524685,158.48517060733616,109.46493324054347,0.1959984277486497
3aaa3f0d-ec85-4e13-9f07-68441460bc50,9649.747317545894,1.7336494075991915,12.688035485621276,50.317612013876534,9.515456238742908,3.4969015668592034,42.57112807121071,63.98741176597714,-0.017924026824054584
bbb67396-abc1-42ac-85d2-30ad28fd17ea,9028.468896473943,1.806121982440954,12.87619317301927,50.53345643483122,11.975876861701357,3.659433739609104,41.59161398900972,65.44217645505418,0.027009508279007832
78560113-cf97-41ac-b047-8f39b6ae460c,12079.5432858183,1.877076785169822,13.42895478597958,46.075755635511484,12.87654587728367,3.8988655447933795,41.177922649317814,58.80871664742083,0.37317633777686027
5ea7a8c1-23bf-49ec-94fc-da69d28234f4,10043.040173515841,1.882289031459527,11.518664754185107,50.11440525186869,14.267486812923616,3.880030759826093,40.34102810151624,64.06681875972362,0.039442148647850936
6cc72a91-913e-4736-bd40-ca013a3e8295,9999.768748093098,2.0039470511878745,13.963401618778828,50.34996088817748,16.08229334700206,4.118022775724862,43.64360301076435,62.99923939674388,0.1286278133174835
2f1acd30-2a59-4ecf-83d6-e89931ac79b9,8381.65598673549,2.3212751478670683,33.658543701197004,53.96367172841616,17.95383130881394,4.6405142933771915,70.86881045735063,66.03082969441257,0.09420414322943364
ba506784-037d-46fb-84fd-bd7c55df4847,8593.010736549073,2.3862663208563633,38.01330023219402,62.59843501086639,17.70304549828261,4.76039967450726,76.16825383079886,85.98074937629046,0.05142165420725471
170c3371-8968-4128-962f-7d9b5ac27875,7166.15627182083,2.3240131963748594,36.71560566781926,61.53952707803815,18.073365137102712,4.675097593550897,74.60217363748613,85.55612806619361,0.09456245394895176
7a4eeb50-e853-429b-87b8-c58c1da17c67,10026.952187859531,2.4065142900987064,33.796196450965134,62.54688613026686,19.045110983266248,4.812629977636136,69.74219899586937,83.81467722208431,0.0555451084430171
b6887672-1f22-436f-83f5-6e7b747d4e1c,9465.430852053069,2.5395431318586974,37.516270474907884,60.73601470171967,22.08635521254373,5.086624995481401,74.69085532610225,78.44121154014871,0.054643248711529036
2b2a55db-60ec-49cd-93ca-27fa33037678,7985.87334350968,2.411560386896305,36.78297807212752,62.51938361872807,19.819804059639853,4.841160649847859,76.34694256361558,84.66916971897912,0.005944171660676467
ea1553c2-5c39-40ed-a770-03abe6f267ce,6318.935696116983,2.4682347582970676,44.58779865411428,61.643528026889825,20.442795001286328,4.923000844735855,88.72408987031181,80.90407381729366,0.04180604638079695
559f9387-ec7e-4f4c-a9d9-d7fa83de59ca,8427.067808741329,2.613110824864113,48.153974756361,57.26914577563705,21.09616659382882,5.1303400161093,88.1510185408081,70.67618789006481,0.2269212925070586
491227e2-47ad-445d-91d0-74c64324e7d7,7795.607646842896,2.3941402184299356,40.73788284171662,66.11868929785669,18.239203333796503,4.8104215531257015,83.90794935852038,93.16530599356074,-0.03215181610084428
89cafbe6-859b-4c09-8326-7f78a2a35b40,6579.516685860683,2.4023521180247016,43.67886542474001,60.932377670716164,18.107521650192886,4.718251416363764,87.73349422940484,78.34902720931449,-0.0020346145340469413
77376e26-4b73-4547-bc89-7fc10dc9f8a1,6394.327607606512,2.5476548816925932,51.89547187686261,67.23083532191158,19.370179836149315,4.9935010765044705,97.60115115233796,89.48524514647562,0.004040210386277598
01436dbe-011a-4f2c-9c8c-ad0995d3deaa,5863.561467077523,2.5461487568686794,49.01779444317213,59.38433122080424,20.904513046044823,5.024877460256798,94.36480476492544,74.7479534061579,0.06868544159766254
b62b8713-0c07-435b-9587-bceb41783ca7,4601.48942607755,1.7104852201547316,29.255425822078642,62.301540239459044,7.875418580072409,3.4184582403158217,64.94548026056357,90.09560775887452,0.06698198158510922
3b572fc0-c712-45b6-a54b-a211f9a1e855,7320.444003357865,2.4668750671190325,59.47833397177222,62.75803125657451,14.930506290976771,4.6363079112433905,104.19724136766483,80.81100210352555,-0.035798670504423535
a25aebd5-1d5e-4a2d-a6d6-bed151114428,5586.3775149784815,2.3924886254800115,58.17799060904338,74.34070362729096,13.237662483550569,4.586825919287588,103.66958441049792,104.9928007784425,-0.050366809526932864
d7fdd9a8-1d80-4ab2-90c1-479a24ca098e,5673.700432220136,2.2928443526975903,54.53807973707077,67.54422098239567,12.426170763448035,4.305718274211055,98.00283347037325,90.76878960839966,0.01681069759054683
2fe63d5a-bf78-4bb2-a686-be1f39339798,5547.914383550102,1.8904654946245216,41.363924216139196,65.18179392302604,7.808390444208075,3.5753194144893543,77.05212930826397,87.57468623402346,0.022555296358019207
d7f8522d-0158-4495-adb1-59ccdf051f06,3944.53920213502,2.406568356362584,54.63274150169917,67.22277447099943,17.65655921714038,4.717185707339562,105.865512710304,92.90941865971988,-0.0036439403062750396
4149f908-5895-43d6-9d44-703a5079ba00,4719.728203918692,2.632894620734544,57.61507674508509,60.29291548893782,21.82204656662147,5.196822921768044,108.9864126123878,75.76618048533673,0.08219783265720622
c452a8df-fb9d-4b2d-9bbf-7d9acfac3c64,5030.123189239578,2.784267536763346,65.70509938581733,78.56734562392695,22.246266438678653,5.423308859000629,117.43651458633231,113.40344585601483,-0.017313469240807546
460f06c0-b95e-4241-8a71-b501e838bc2b,5786.761805427838,2.704803363053135,67.04469647532545,78.12086895445321,17.490256741186926,5.112667660773556,113.7094406033877,107.40302095837072,0.04518842495067772
b39e34f9-1029-4c25-8cf1-6296b79fc83a,3418.5048378463507,3.0063511992868674,85.86372866475907,67.89647402737974,26.114409088897435,6.007441560928873,153.2655908914948,82.89487445392086,0.05456688979512114
bdbd98c2-58aa-4bb0-a104-e10b74b644d7,3062.4995733129317,2.987166224283082,85.09216271062431,76.50202667828424,25.597118830344407,5.946121455274294,154.85226763391125,104.49133834743468,0.07691494315948137
4d93adb7-e8af-4862-941b-ade9eea45e72,2209.9629280543654,2.7462049486696034,80.22592718133308,79.11670006311905,21.070618758553678,5.383294882143095,146.0666033956404,113.28350847432868,-0.10660308628659512
3879122c-24b4-4286-9e3d-8259524ed42a,3379.0539674357765,2.9735638086154355,83.04097735818254,83.48161894364735,24.948847274913923,5.806001786119019,146.29378908490065,117.20273476492324,-0.08346772434279762
6ec38a2b-eb4a-41ea-b66f-05fff95cdbd6,9397.164731008355,1.9072947578240018,15.790936028885124,56.309055160935216,12.56690801854245,3.7750390785342747,43.58223597186818,72.31888116189744,0.06538319740159478
e91a8a1f-defb-46cf-99d5-5811bd73963f,11067.99353380248,2.2135157655331517,25.342268626802895,62.01853591950753,17.367540623690346,4.478046109521661,58.45582547319816,83.94279008574395,0.13001477083052032
3eb9384b-5a9d-4ade-ae62-a7c1be2558ba,10093.875479630437,2.1273464707620158,21.794917433343105,57.494152547171815,15.734417269578477,4.259072081903201,52.560806395829374,74.33216882607101,0.10602683976207361
ff3b20c6-b531-40e3-ad06-01a9839661b7,9746.053254002734,2.077954230162201,23.22103989885239,61.856306353815604,14.889038677352485,4.168687213093442,56.82057468610584,83.36955413606462,0.10088413865883457
f9a8bdb0-87ad-44a1-8750-8afb20b99747,7006.216134251964,3.022135928513894,69.14173225318457,82.17469004920169,25.122766664774577,5.8504033900229295,115.95690328036531,108.9404142510216,0.1732158611371006
4eb60dfb-095b-4be3-8253-45b92fc87274,6280.465689011032,2.929621280921898,71.93148090412998,84.68349506893983,21.992437506499098,5.51739152505821,121.91160311485694,116.52184338673662,0.08775530953700572
4bc6499a-d45a-4100-9e40-08df54b338bc,7915.548642329448,2.867630196051967,64.22772509949694,86.21298971653167,24.541312712280916,5.757387663457991,115.35693506801326,119.31327688336849,0.22417063025135447
a7665d5b-a238-46ad-a349-e269d1e8c226,6904.642282580042,2.659019009744834,61.909471957918356,82.14740081756594,15.095407373946866,4.9333938293142,102.44199561796538,111.60326477701908,0.020649475517592865
7acab961-836c-4b84-99d7-d58b988ad51c,6593.638572595582,2.6074080450457657,62.287351497117946,81.52477457220853,15.227256628982882,4.887453905251526,105.95940309784609,111.56335200153733,0.01560164113276743
ed976902-152f-416b-adea-46b5302bac36,5518.527621614558,2.876311250209126,71.01348992425247,86.29353504523506,21.34978578815344,5.453778128610227,119.97493140944803,121.28801228930256,0.06715636915848047
c704d1f4-814d-45dc-9d8c-735336b227a3,5862.330722138513,2.9742228793837544,76.36507954678062,95.75413853199802,20.16953416100636,5.732381018804524,127.01758160673235,133.08967623274432,0.2025262108738068
fc739e37-5ca9-4c36-8da6-e50bef08d2a9,5532.692971809709,3.0966401661586778,84.8197187345721,89.64851963220383,20.718703315124436,5.805093590678396,137.8952032635322,118.16574068062391,0.12824093905828554
89c23458-250b-4b10-8e94-8d499bdd5498,5588.827274247909,2.891841684708541,75.99337685945446,91.32403685944557,19.382161577179254,5.496397096577114,127.94028790114703,127.62528394006681,0.16790291446651356
6c86624c-abec-490e-be37-360da0dcd20f,6067.776313785475,2.5088273122170692,66.13568478563985,81.48707671979693,12.334546972419087,4.610367720093877,112.28318951164222,108.55744855734333,0.017297451356339533
44e63caa-fb51-44a2-b544-aef1dd698946,6363.678906752525,2.4532497095268644,66.43729354773478,76.40712521683307,11.089253489677562,4.463662398288193,113.28723305714134,97.31086334887593,0.03707433344030988
864c741c-d150-4079-b123-52069dbeeb30,5653.143795912571,2.7950013993731693,70.74332222464338,78.8727548501206,19.059192010291873,5.200727781247821,120.01303372441419,105.03137903130119,0.08068740367685479
db7c1bcb-9538-4ef6-af7f-fd9eba7f0139,5482.436465227308,2.8514222405359866,79.66246014110666,82.39589328118038,19.123385252412355,5.460509198389015,135.31629201297747,107.65805998168487,0.06332952042395908
2b7f70bc-cf60-4da4-9c52-4ed5b08cb0af,3298.4111992579565,3.291109981382816,110.23029990346689,107.08147221675092,24.7990685814116,6.206672291931928,181.57189386865917,151.33525366849003,0.002914569879815687
10f71e6e-98d1-4f04-8381-4e7f9a582ee6,3307.4384189619655,3.1445178298544496,97.29611166835032,107.83300030931903,24.994408143061765,6.022230885830032,164.50936740518736,156.3814369373892,0.1084802031921371
2a249c7e-6731-49f7-8ae3-67a6bb53fb71,4101.1486012700825,3.445876846822995,112.89079481545,101.21862351958039,24.38487276702464,6.243638443469725,178.55247510628448,130.82435394229756,0.009732204106692111
bf6a13d1-20ae-41cd-acfc-3fd6ad892592,3495.814718897275,2.519202749943053,74.26847918885618,109.6601459485169,9.90099656573376,4.4385427976005705,117.13822660656506,153.7841650049832,0.3558815088599214
2b8d7290-83a4-49dd-bda8-8eb6f71410eb,3297.090957545994,3.4737556166742203,121.08440507380185,113.88737380134373,27.837130723631958,6.501303699749302,194.83218508105196,158.87763119755488,0.04247121363869977
6d33bb9e-d366-402f-a5a8-5b9c19aeda14,2947.3442167465023,3.2944493013109097,120.20542555402199,104.78659071948816,25.79850670183716,6.21198314396623,200.05907027910726,144.5247000310679,-0.053134935213738424
a1bb2370-76c6-48db-a018-98e3bb26cc6c,10015.141619640746,2.5460459930619512,32.957314098453786,64.4204515032344,26.262809761367805,5.248406157402209,72.80345057750351,88.66622151787021,0.2064722550730417
06f8054d-e9d1-4c6a-a16b-6200fd544c10,10208.181434072585,2.587922201655684,34.82679491025577,63.88298453072834,27.75641892236003,5.362588449623661,77.47748632487993,87.50534751400767,0.1846842798559067
dceb788e-62e3-4b24-bddb-e1e3efcc7010,10626.960443725746,2.5634047086894354,32.57197520781049,62.88939575696877,26.30214047628009,5.264443883603185,70.34366137354668,84.91840754271854,0.1959067217549853
dcd41b17-b669-4514-8e82-93305548c3a0,10359.740060065216,2.5421315142371292,31.69639819640729,64.75250940940967,25.669490364478502,5.216832024713122,70.45429552290202,88.26285050692408,0.1408194586799756
dfd6cc53-b67f-44c3-8a77-97ba2d3f1bce,6432.548070488758,2.3882664625388235,52.438646010326465,70.70953859598424,13.197974328158523,4.497669036283414,92.04748030047988,92.28548121056085,0.03732901878518986
762a040d-a259-4d69-9844-94150ab0e1ed,7699.760670110407,2.8646993670948593,59.145043513779015,72.67904606298012,28.784607233000465,5.81792030857261,112.00459406611017,107.26988705291649,0.1540199455579432
db76eae8-da8d-4001-8d67-9d50c99819a6,10410.321182040887,2.8438649769975752,48.33243476819486,60.64187389713908,31.321546896867083,5.940145400287865,95.73799237312893,77.61993770500726,0.11398305784341276
23b9b837-159f-45de-b5bc-748959019e89,8127.613815197384,2.8639871283023863,58.14473933800673,75.17567494980331,29.002715644771747,5.848400175775946,110.35528743678242,109.54974498555097,0.13811166622353654
0db70d1e-5497-4cea-b8c4-e1b100526016,4831.535272690535,2.895947617730493,67.32410211641734,75.6173878809046,23.326469633807044,5.564503858862101,119.25828958592265,95.28197876699122,-0.012525712590727923
4db51cbb-615e-463a-9850-9bccaa3325c7,6585.18481016656,3.0261558814461873,73.63951131736992,78.17339420918044,27.69314892910817,6.125729088225779,130.1504761613222,104.54820170581448,0.10605236665611177
6ab3a8ff-956a-4a64-a439-6d2aa6461706,6543.901959041306,3.1796953992814623,81.28222753683434,81.3243935250835,32.01937747413366,6.446006347900554,142.86893658389377,115.8760686720213,0.1419368933004146
f99fec61-1540-435d-abb0-ad2e9f347880,5169.490738468035,3.0025117041618876,71.21322752934502,71.51581211242544,27.83475649199129,5.995742268850304,126.12722856528049,89.18890467884471,0.0468710146080088
223def40-4905-4699-9354-7d96880c3974,4900.45783731848,2.834398869467342,93.57232648679624,74.09029894170926,12.208458593967983,4.960281877866185,148.7903489139889,94.9170507682093,0.10374842837259024
80b8fec0-f656-419f-bccb-0998a044b4e1,6188.341028583507,3.2570431010532443,91.07450902610432,74.42223200480615,31.6734421868479,6.468500630991952,154.91676195345278,93.77241996096757,-0.05245658495887007
ac6aad21-2318-48cf-a2d5-6ff48c1dc9af,7638.131697175171,3.151221626546666,81.59473797361026,84.88424423393897,29.76108852222522,6.267424759525722,141.9145312526676,101.78738786490497,0.11712372290585764
877c21ea-833b-459d-b98c-beff651c2d12,6035.865515537369,3.279725110814718,88.29203110919924,80.33260787031706,32.15489326238638,6.3581213643332815,152.27928154528817,99.18555831041704,-0.029802994054164467
f93fc728-de04-49cd-bb21-24b9ef3f4620,3876.9912229673223,2.5955302284113166,94.30194079347356,78.30859712526902,8.894112745217873,4.454069468684767,152.8133605274141,86.04008834002585,0.06976477814594781
37e236ae-9cd6-4e04-9f31-bb7c00142f2f,5843.265867838875,3.365426402279965,101.04623488783704,84.1156230819767,32.00368886977856,6.49450542441672,166.36897167326316,106.6197994453994,0.03357022501997502
9fd0315d-0c9e-46ec-9548-c818337272d4,3327.1543240312176,3.320608687428048,111.28911260982872,99.1630798252679,23.601386278615678,6.082616195724585,178.8062022819744,136.01485823548862,-0.04731572561543547
55341300-11e8-4ef7-80b8-8cf8fbc54acd,4222.358292847726,3.449323004171937,110.5161920503684,86.79119570917294,32.201453100785365,6.699244265875793,185.6154440846255,112.45049886704551,0.07667211762862798
71140f76-70ab-4870-b3c9-5f74b80272f6,10525.39529453497,2.3729154982180107,25.7126194312424,60.89636413193015,20.195173789303688,4.836760960883835,54.633771035459326,77.21684813698191,0.09414067698240043
ca069d1b-5211-4b9b-b2c8-8aab251ff0d3,8484.995191948427,3.049179461067201,54.54365031132926,85.24191898028928,27.40914298720938,6.004258535028773,95.90475157157304,113.58196832528203,0.196949899873971
eb8aec0b-d07d-4bf5-91e5-edfc4fff488b,8459.581716043976,3.1477450691216093,58.55446799845937,77.82013444877917,29.929773475908,6.18681152121589,99.33254663795921,96.5264717309614,0.12616407482564077
967fd4fd-083c-4b39-a0c7-9dd119995cdc,8143.4219839633715,2.9182410474996074,55.344287824640375,78.1551883494503,24.63416078371427,5.69599266802715,97.07246972000152,98.27166137543597,0.12979047287015422
495268ac-17e3-4fed-ac7b-5c3b7c8f5126,9221.147501780257,3.006907457671331,54.471800935559045,76.15710809108707,29.069969568109798,5.9706704873948455,96.77559748762965,97.36736095056013,0.14981279900144856
e0c7ad92-dd11-4ada-a34c-bb3cf98d0f3a,8341.184485411315,3.031601507086438,58.33855795921613,85.13830128198553,27.22336203206201,5.9784822880338515,102.4001058097077,113.23480434434316,0.13548238600097684
88ded410-842e-4fc0-94f1-499f68f62fb8,7414.220655131353,2.8125576800170764,54.87049172420516,75.44440981951043,21.11899102312241,5.40931490619284,95.95205082989011,95.30799776179963,0.11835973650409264
f4ae1e4e-8966-4931-b119-8e390bb55724,6128.174640612909,3.0281369056662077,77.17115697451659,88.9374383776366,24.4610587255225,5.871087823481974,122.37587266692739,118.87731937396912,-0.13505789209657965
86c4f33e-9fbf-41a5-a4d4-c7d8366b1fe3,5865.2709532028,3.08153272366334,74.5403725148239,90.49805035396987,21.222680623476787,5.901658976134181,119.56467070236582,119.00740893049344,0.10999995924635084
8e951d08-e6f0-43bf-a1dc-31eed5bea6c5,4864.906349702502,2.6522715356430075,60.12160425191432,86.71466263834157,15.897793639802865,4.904452859750304,102.12603770312597,118.86366117914413,0.09485795279183237
91e95fbb-0a1b-49cb-aea9-812d8802b36f,6334.728228556851,3.0833354325139664,75.01996740689496,80.71073603705915,21.848977160598583,5.5613494892855915,119.33831465305809,100.46545214050454,0.013388472064453528
b6d48086-3fca-4523-a362-5fd2fafe9af5,7032.851237802342,3.2060049647874402,75.50640852997638,83.96949295829707,24.28601891838816,6.031074835391253,120.25764665892532,102.58529120837807,0.05732866655345714
77e23cd0-364a-4071-8377-81ffebfbafe8,5963.887288990385,3.1236795940145976,75.56106445786148,88.41207620560411,22.512419332664788,5.951646317954212,121.6283277139676,114.4539509006026,0.06132789949010329
e8688d9a-0af8-4481-af88-b67708bbf6b2,6259.617565118225,3.1760019247688502,75.95646760500001,91.70685451200917,23.875484646121002,6.034621316244109,123.13736653906135,120.56338198378728,0.08670575789945287
b8e8e782-a1da-466d-8457-27d261d7a919,5290.121994799958,3.387033914603573,90.50706726241762,98.8635531717171,23.286157854202543,6.149543084759914,137.4169806249303,125.6047254752128,0.14537906843889048
d7080c73-1e15-45fb-9636-79ea9fc439f4,6239.98896403016,3.236181784927145,91.22690473106725,91.5496938704645,29.554634520416137,6.208495864641621,149.41336281373893,111.85554595947933,0.01882082474342579
c30c3fe0-b9af-4a0c-a026-8ebec1481e32,4544.8858383319075,3.416099196628859,96.65552528731094,101.07268491992943,25.58642433420591,6.185764373527961,148.77643556591585,130.44768215945186,0.1494512774640842
0cd3e601-f283-41f9-b53a-7836482e7aa1,5513.92924576218,3.36519054001176,91.05466397133065,94.87962542327607,26.216785547261832,6.268129912500858,146.7879435415117,117.59917035638736,0.11751623048980844
f76cd753-02bf-4a46-81ff-8c71bb56a120,4635.856784930028,3.1707074615636603,86.45168952523177,106.23356263733596,20.33696456762316,5.811864444174726,133.6432719990581,146.0189288930451,0.11721533530443935
f0dc4061-86b1-4433-be8e-59da36e77308,5107.569951700726,3.469225197004609,95.25361124310378,96.58024759065347,26.243225255707955,6.343678640757241,148.54576297950803,119.98539473995497,0.09207730638444152
b3289e23-5efe-4fd5-9f2c-1231bf9de538,4636.608535616984,3.743749462593288,119.88637117071744,97.1093128753528,35.91567842662653,7.031910939737598,190.6067612639607,115.01052676042389,0.03329205688209906
fe3a1ae7-2ba3-4181-9476-8e1de59cd29e,5173.2196549717555,4.004295672813084,122.96383555223875,99.71794579100847,42.195249883441726,7.612154774699381,193.42304351249365,120.04231967337458,0.2124279072054363
54cc812c-71c9-4f0f-a031-a05b54407cf2,2933.6570424266815,3.5669226883403184,124.06005287906751,103.32137063065457,34.17613751451957,6.93410721177448,206.5452287037036,130.37508848674025,0.01838446515917922
e880378e-9e40-400e-850b-d9dec4b015b3,2621.4665017073658,3.354073047179707,122.26080558968809,101.6387301153119,28.270823038214605,6.241659327883842,201.90291394664308,134.03768987175482,-0.045792638443867675
20c008c3-2215-492b-a00c-1cdf2bba7032,4333.308301028909,3.8926430869256947,122.39883128038244,105.80408075967595,39.1556436016922,7.460514348191202,198.70525846288243,133.41802341706648,0.010497062746106489
7f49a623-084e-4d6f-ba8d-066245df8cd2,11140.57144908066,2.210826289560811,22.01131696687074,61.04663357284261,17.285708222917584,4.505839232038319,51.1182497868056,78.06460676966248,0.15188092713508217
4aff5ba7-0ee4-4c57-84cb-16e5c9a2026b,8254.196726941176,2.990293176871457,63.199936131796505,74.06490193385561,25.29353590095623,5.853944399332276,105.0928660489664,89.73834974253076,0.050291800150875574
95876682-d891-4f8c-b902-67b8682e96ca,6923.853797124745,2.9236083054468236,60.32211358101612,79.57440421983927,21.820407722656523,5.536383753214608,103.46580945093183,99.30230177206529,0.12518070343725402
263279fd-49c2-48a4-9b11-daaac0ef68b1,6784.868696096547,2.845342522363814,58.18963936665965,90.54172216214056,19.410819996297278,5.512271193791284,98.6654812784698,122.42589312005161,0.2511043049300523
23652c18-a3ce-4963-b1fa-562453bea92b,6865.269397048326,1.658426289543995,35.671344876030595,51.552233190536114,5.142598689364272,2.9786599203459168,73.35536766825452,55.70717531154067,0.24988664181492956
ba7decbb-a3e6-4f9a-85b0-8ed8c4caa501,8407.708076898856,1.4064844734629456,28.775053138155435,21.60386064720733,2.6445224438498705,2.5247880351333443,59.591062175445494,-7.624273328855864,1.02576543399367
f48eea87-e3b6-4451-bf6f-14335b65061b,7924.562980596178,2.9478653588997075,58.27528657236369,86.53181302195871,23.442369939141262,5.78051417894886,101.26619447932471,113.68540836634085,0.1913544231540565
71ee2300-f1d0-44ce-8e56-c919d7b773ca,8228.144260471176,2.4709174989696336,45.74347423221472,70.74684973470141,15.167851431563838,4.726668280697315,83.54946795576016,91.32773309984186,0.13509758436645888
02fe4056-4d61-4f86-863d-0e4614466ba3,6641.988299750154,2.837966766068741,55.520758089846595,81.00984900934233,18.72962738165267,5.302643860121986,95.39142431943863,104.44161853994947,0.12418105014759213
51df82b4-70b5-45b0-adb3-a073f2c3e7c7,5812.799417829874,2.95464753732369,65.83894517580282,98.64203872227071,18.408246509181332,5.373036020321431,101.9632509478143,136.10320638204166,0.1549686068956022
bcd96b77-ec44-4cdc-8054-26bb619c57e1,4854.530240377037,2.2548045502066563,50.16847527304612,84.33407286475817,10.02398973614467,4.074057375622207,85.81659950482313,115.44343092894943,0.10786701284391172
ae0ba863-329e-47d1-a47a-972d535b7652,6176.412321857881,2.7099955975469583,64.95766281880029,75.02262314432076,17.166182376330408,5.020704137356755,111.90735565414646,95.51298714416794,-0.03407121318055824
31106ff1-efa7-4bb5-8531-97d19f04de65,6524.299637979928,2.231520615192979,55.15076129294145,71.43803205990778,9.086464008483826,4.0656627863214965,97.31652614299666,86.27991859403724,-0.08814496992704676
81a5bc84-7c43-4d11-9614-aa8754ae85b1,6757.756594114449,2.9400058854360562,64.8115494517259,89.31978001379699,17.39181405878196,5.360271769102165,99.5987127604498,115.0994246455615,-0.0168756097352734
ae807e2c-d76e-46b9-b941-d27d08544e62,5563.845852463253,3.0270410181268494,73.43875081763349,87.84067857895334,20.232379991569537,5.6293814616498326,116.9015895324424,114.1513073081529,0.08586079518414565
b90f5ff5-b2cb-4531-8f34-ac812e86d988,5446.168383948854,2.2809836471084806,54.344542084062695,80.90040049566645,8.311223810103854,4.067077274098542,93.65135399799996,105.86882051610807,-0.03191768975441041
948db47a-3142-403b-ab41-1b1a02f773cf,6403.741317604441,3.078935775062059,78.64756993216221,80.58800690980034,22.170433998768253,5.668399245694134,124.70278568225551,98.8574275906282,0.0329781689028217
9ccf9715-cc19-4cc6-aab8-ae69991d8edb,5587.468571740952,3.008098921558611,70.87075972379671,96.50767105359272,18.10782503912378,5.428800031457139,110.33779456433976,129.87072471527625,0.07759317911820082
aaf1a57b-9740-4f35-b205-02c9bd6bb69b,4549.765180451491,3.2479110724325944,93.59467876928736,112.17260377929915,20.463527876320917,5.835088885336937,142.5295397789661,148.81868405088704,0.17850388275653434
9f89738d-a8a0-4a0c-b7a0-ce30327fa0df,5332.982121132709,3.1472261586796675,89.54465593908348,91.19319976950935,18.989215687099144,5.825457674219685,145.23131935291755,108.21504633069335,0.03980451318237095
b2e7a90c-e309-4ae4-8118-997c66cb919e,4608.981505879767,3.2357300696113307,100.33765215061422,82.82930460258827,22.296180961377296,6.009422837734793,164.83242228981584,95.25410556294523,0.04301566748950727
bb96f6f8-498a-4994-9008-967db85e054f,4591.124802800703,2.7036793464256625,72.36530672470593,102.75123562239017,9.476706574649281,4.690505868585832,112.31431921827664,132.99126155432685,0.1421379527207342
93f4669a-8f1d-4a84-8e70-2c44bf565055,4640.349313792999,3.666896262237832,115.2183464014432,94.75341193013212,32.10530044555859,6.825616065941871,185.04755037632134,107.88195679335563,0.15351289778590785
85965b86-1adb-42cb-8603-1dae57f5d73d,3468.764926244763,3.5110513324783112,112.55621308687509,109.43977362660175,27.153714101317103,6.505106535633577,179.8480662305119,148.99202649709534,0.00534398557733815
446c296c-d6bf-4073-8cf6-0f5087d16573,2913.3941914358106,2.258186095335779,75.69936861285973,97.82937509838476,7.823531595878653,3.947351609495236,124.25503245559526,135.07951995452294,0.20191300890456726
5404be9c-1027-4f30-8f83-47da33be7f08,2747.4750661540506,2.7671152314226637,84.37731958092368,114.33455728677363,16.454152700850898,4.985274499322651,129.59386727059797,162.25526456581207,0.34009769304903015
89947369-b354-4f95-8fe1-ad0ea17d5cf1,3157.3982814189576,3.272250076361993,106.68908351529171,103.13181394608637,22.036668472764692,5.915750486336499,171.85751328025827,137.85866941303522,-0.02659188957298242
f5d26b66-e47b-4ad4-8f84-222bcc577f25,3497.490834523063,3.5225777252377193,114.47969161335543,105.48613288695222,28.119288261706107,6.564278173876805,184.91482437472186,127.95687185178035,0.02432510746221537
3e8f81a6-724c-431a-a914-838436a976d3,2401.1814508600173,2.195009037570304,75.74240594861195,97.52184301914356,6.884037175169739,3.869511437696693,123.77567205590613,138.25101722439075,0.16176249384929642
d30ea4d6-c47b-4538-8210-13fad38aa6ba,5362.558117016642,3.8976430592373914,117.04625114330415,102.29219660055428,45.264145596049715,7.615013967485263,194.10533685180735,132.6325899994928,0.074430282320525
fe3b4167-144f-4bd2-ac65-fb6417e021be,10297.06770881492,2.30055510175893,33.020349593168476,58.51978507927983,16.367761787275107,4.676106866658567,65.8035392790734,71.31949614252639,0.02509592834027785
ba16c40f-17de-4201-b87a-bf3b74ca72da,7416.159525622129,2.1049851513298585,26.84925909816108,59.17738227082141,13.941402631267371,4.12861776055356,59.71676556757133,73.62609962517624,0.06271205404447548
68823c62-5812-4de4-adc3-05ba88f5e476,9196.017257281865,2.385758531353767,33.69659272630874,58.97482894779415,18.117891990717066,4.750307732426123,69.70203012982695,72.64568037803421,-0.012764927416160754
4c6be0ce-9e5f-4158-8ca5-0b6728f630ea,8353.298993108614,2.388240651030295,35.21673811455938,65.5547614192208,17.799318945961687,4.7336062142636814,70.84976449825758,85.84866430491698,0.010738606053004807
0bb3dcff-256d-4050-a3b9-cf0288787932,7286.050655894214,2.515635447852118,41.681141287236485,63.52382050746521,19.846351140838596,4.967643818711155,81.92767274032887,80.88655795171499,-0.05829228157284936
546120a1-df4d-4949-853d-683442460ab8,5941.72915083125,2.600292163844571,50.81871833158339,63.29650847250049,20.995028931321656,5.1093575143776455,97.37483593271668,78.73987995256243,-0.015257069491971809
d92c5923-bed7-447b-9d5e-6d45400facfd,6550.516407029907,2.6766933595886533,55.118883404743215,63.780264973865336,20.991372008147,5.245959373793292,101.8932335831936,76.00847012251073,-0.010322651191073317
faa09ece-ac8d-4255-9d62-3d31ea13f800,6537.329562015802,2.507432314505378,48.53145139208154,67.48298062137607,17.511532714103595,4.852715745189936,89.73708710186213,87.0844855820911,0.07008996783158468
e0e52ef3-0e3f-4a9d-bf77-3f35e1b5826d,6619.5306794164335,2.5329086320680245,50.29548615424672,78.28511357181708,14.550481130727302,4.786840440994173,86.63341981320173,106.82817733593807,0.026613136064575427
ae374ba0-e9fd-43c1-9541-dffec0b9ee62,5877.8172134998795,2.444767510910281,47.32618148976639,80.37793577468814,13.792130868963383,4.611817980820364,84.1519881423001,112.47681663342166,0.027371578237745543
74cd5d4f-3acb-45d3-83d3-4a3dc380d9e7,7536.007033984302,2.5507446844159936,47.80681849075087,70.31790583343232,17.907107023266466,4.974959717525012,89.9611200669907,90.77217717579599,0.05078839424755408
4afbf286-23c3-4a87-97f2-a438df4da97e,6759.1863462703595,2.5495383776047076,51.37053353620233,63.33772395776275,18.6268150987789,4.93091794931465,95.82836406304462,78.11615178834607,-0.03664044606613248
c756192d-6b04-4073-8ab8-fa1ed21f360e,6748.626792945664,2.0892464809555285,38.87417538540574,69.91698984627416,8.756141821822135,3.889383909063887,70.41043180299074,92.01449160934176,0.14430471545503337
9a5dc9f1-2283-485f-8021-ab5061bafff4,6289.468620983963,2.983658143427658,66.72831980658678,74.48136892446743,26.690961118086683,5.9280514757002365,118.63333857627515,94.41965396779543,0.03246370324905157
059ed639-f505-41a4-a4e6-343ddeea48cc,5431.526294323594,2.9391424702707893,69.43824931470637,72.25590590840834,23.880737898797662,5.734758082422097,119.64454198985857,89.0338994670115,0.036750583563832026
e5241eea-cd1f-46da-ba58-a08498f9f286,6949.954970313927,2.946315666418238,64.86697707211347,70.36169470937405,25.660766152096073,5.800417102003986,113.10252368906295,86.32548338875563,0.09044175266223717
2bea16cb-c390-4a93-b213-b1e32078f09c,5227.029528439084,2.8786664928857384,69.02464217176541,68.45413380664806,23.581029703851307,5.647081726245466,120.93023520692626,83.51165992201865,0.04450749813446788
7ab9617c-aa84-466e-b4d8-b1b821e38cb2,5605.127403819695,2.7174091046506286,66.04563245430658,77.29935767998009,17.008474051647504,5.0498690289598,113.02768499856192,100.47534740785004,-0.04644436430953043
0be6b701-ada4-4095-a7ef-251984472e23,5262.198548788734,3.0023338560230126,69.09395959883848,79.37809696279825,22.911884839476482,5.647054283265754,115.69044597149473,103.5321213943819,0.06345830122533584
77445e2b-f87e-41cc-9635-df71d2969c7b,5535.140656230258,2.8078246995802685,68.10749967398012,68.02938412076784,22.17893110020436,5.4315137487685305,119.96797138486124,81.79225302323896,-0.05035646429190366
43918ed1-c374-4385-9764-101322c6d741,4206.211651553138,2.8529279103285323,75.594467540241,86.41474583451455,21.155060757275837,5.541601885702957,132.665490891201,116.02130488157934,0.08392483127198229
8c6f7351-f8d0-4d1a-9bcd-24989f90a0f4,4226.501871846581,3.0283588775623267,82.48910273391672,76.47802225832095,23.65397328541377,5.772299226972253,140.0132998209587,93.17171000803434,0.0341595407669308
d63490ea-61c4-43a8-abfd-0cfcd2f61e6e,4245.499387193987,2.9747775793402447,73.24358257951886,66.47680283320751,27.78962332790585,5.948418407956599,131.60889867859888,78.26819451781343,-0.010071885060790908
642530c2-c67d-48e8-8f90-fe3f26542571,5510.860398874206,2.973261137583958,67.64750340929395,72.87196632274876,28.23937018964196,5.96480771754093,123.38504687909074,96.65760996150777,0.018792960164859672
c2d0f34b-570f-433d-a098-eca71fb963a4,4813.203447983628,2.976319234315823,75.45932179303036,91.50330676755678,22.81213976890063,5.775578228102405,131.17637348345434,124.31156256547095,0.08934877146579909
17d4f07a-bcdb-421e-acaf-fb9106737094,3708.6962054425276,2.963145714230803,75.25624164488315,83.34677512609392,21.514015795860065,5.525643714725982,127.25319718236833,108.22933796595787,0.05992392935776945
f24f9ed1-0863-405c-a7e6-92af07d14c69,3043.2238105802207,2.8414644335545773,75.86257995323402,77.80448994326687,22.473999120007413,5.5408035568237075,137.4846318111495,102.08378013986619,0.023418001379421627
2d6d8104-a1de-498f-86ad-1818aa3d33eb,5160.26123308392,2.923855615878142,67.96986676035155,85.16396404908929,24.99130492270328,5.726577357375698,121.13364948902488,117.7941471519191,0.06321827488639946
2c88307d-6ee9-44b0-99ce-4b4508e77056,4062.049958170957,2.7860082325243045,77.14190152695402,76.67968482084969,20.239378839951513,5.438517012333145,136.30586293531627,98.23849892919911,0.0008053070062641332
ea3f0104-df52-4ba6-b299-a4633652a79a,3629.179109944943,2.775218830975624,75.11163110314862,85.91032213840352,17.269225358055245,5.19535247687066,129.83950090172476,114.65404311261163,0.019491414605740266
36d82e03-0870-4386-ae32-0b8a1eb736c3,2614.578285721708,2.4603471514238047,69.71106673897664,81.92927840498096,19.024123141886314,4.965934693320686,132.06810884155257,119.10059278638771,0.03529090803336614
b11855c6-1ec9-46e0-8487-68fb8afad480,3655.1789174228134,2.9068159830029194,79.22949975768495,88.49909766673233,21.63828841256653,5.643705696827019,138.78613869450714,120.0674141587223,0.04323317662351931
5f2b6aae-b3ed-46c1-af09-58c3865750b0,9085.579471678202,2.5237005807358748,53.72550931774043,55.752745542391565,17.993253373038208,4.9419267689744375,97.49757518323975,64.30478565194616,0.09708977508803289
1c48ca77-fdb9-4fe7-8051-5660327ca78d,8558.001950734139,2.5689841874249226,54.590686413547154,51.77209079507763,19.89587320822593,5.034193619666126,98.75312226890128,56.50564331370456,0.20032738025842023
5e5b23b3-051d-44a0-b3ca-867a899e2e82,9105.889080342602,2.5558005442538905,53.98587744430962,54.97964758576304,18.814741567934384,5.008011326404993,97.1038313753507,62.3616161745485,0.1283329805814625
095ecddb-c538-4ef5-906b-47cd0e119d9e,8209.569965356666,2.5794366350445452,56.944657435761336,56.223489528227994,19.03240362864249,5.025335758323971,101.40114900379248,66.15106519327391,0.09740098842641129
02c39c55-543c-43ee-b8eb-bdc9adf8396c,8666.271882342406,2.617007608243731,57.253664500192414,57.13773590632064,19.417384300926756,5.0972575614243265,100.77912975042548,66.42653473934969,0.10881072547863149
af139760-ef70-463c-8a33-98b86fb771e0,8171.148690586599,2.6139257512142735,58.12903353113917,59.018528324406375,19.21511763323087,5.094033653700339,102.25865937779169,70.70299567664401,0.08300104835662366
eb5db723-9537-4885-9176-036692d9d41b,9500.093402735838,2.4226734880315837,50.61738230513353,51.80115926340576,16.56020682943234,4.758723405734776,93.84438432976327,57.18982632269397,0.08841387568702079
4257970d-18ec-48bc-8dc1-398c77ac481b,6473.354541796862,2.531663837549627,59.130930599535745,77.2392235496109,12.953939245781806,4.625962022177194,101.74359079345446,96.88906564804567,-0.09363481537509313
0c52f92e-c904-4c4d-aa33-f28818a016ba,5309.756564312543,3.0319685666089833,77.94977074520648,85.30102315772828,20.286200341421516,5.717304652122384,127.49863528001549,110.5101667146794,0.056548286452058116
d9a6ee7e-28bb-42e9-9d20-a100f691a511,5341.591698612525,2.9327632308141265,77.75307648716777,78.002387103174,20.246226824550778,5.460763652742254,128.07364556786575,96.48951113817131,-0.004592912674467975
e9c9b116-fdf4-42b0-8f80-0801006634d9,5256.852257335795,2.9754166077878352,75.44952436050076,89.51522912909574,19.05092955456295,5.586674707986008,122.92923173909905,119.69516975819867,0.07953499779844711
aa2f39f8-b995-426a-8598-2fc405bb43f0,5359.090526564035,2.9558719187621714,73.6629820009285,92.53903296727972,18.404909314507393,5.569764922548604,119.1007234610892,122.70037784960122,0.12258995762025374
e968e0b5-cedc-4047-8d2b-1eaa1aa8018e,5754.952120099262,2.830969439906,72.1264236826177,79.67979078212515,17.087658519537218,5.114474858587615,119.15251465015528,98.46114715138125,-0.011439195680881697
defdbe29-ad35-42a9-8d60-d05b3588a5c0,5481.783505548607,2.9469820328737257,71.58850566849954,93.60380613104874,18.827446589948117,5.589922927776991,115.24700031845535,126.73501904168806,0.15041060982258875
9c8ff667-f7e6-4d81-9195-b58b000a6ba5,6121.612506980526,2.7718658654203785,66.0097701264556,77.83549360924835,17.557574906458544,5.085546833449731,112.07222172920203,98.61779815726757,0.03154004631691829
3a99ca44-e5b7-4cd1-9c46-1af5bde3b4be,6041.354539692051,2.858463963021154,69.29994645768652,88.02391704376433,19.54023918004495,5.503616691934587,117.94959083899707,118.74382512693956,0.10576770230701331
1a9fe392-de5c-4fcd-a461-e084c8fcf53c,3050.944161961464,3.334353416169202,112.51498535333069,92.95083635007833,22.990450158032626,6.061687194850393,182.62166867210007,117.29268262879275,0.022643320988560655
fab51c81-34a1-45bd-93fc-1563b785950c,5017.228762382028,3.139691426187333,100.21129375146238,75.09766592773435,21.10009637911263,5.577209131378185,157.83142641624573,78.58550053773376,0.1625227399668991
d74de943-6286-41d1-b9a4-c947524fbc42,3697.728117808412,3.3660454502422423,111.62124743275521,86.73070417107405,24.773121477205244,6.121263404577043,180.42520381414067,105.66004335276367,0.08525067451375953
ef7421b7-a9f0-46e8-ab4b-2ff58f5ff80d,3851.2245942139734,3.2409698654722447,104.32177885491524,79.22647366461668,25.287001212209347,6.127901145185723,176.75034378241207,98.14105197644255,0.020742028407421075
ca711898-25f6-43bc-8e13-f0cc941a6421,3682.6493469060756,2.8655173355922066,102.43881278779963,88.80758162678374,15.2372148389323,5.3059192308454355,167.71825455257752,109.67545213751484,0.22122560808726482
73ae8801-ec94-43fe-be3a-74ac6857dc88,3366.209014134946,3.5064656679941337,116.39629736096894,84.06751276981704,35.1505850082861,6.8121533714111395,200.135575020104,97.31179883307102,0.023629542349157307
01d4c168-c43c-4064-951b-205ae8318275,2788.2534668046146,3.24337909545343,114.35174374690905,91.60599216661686,22.126872738242277,5.892257760915706,186.95064989870735,111.57738118687118,0.043822456334152673
a6c03632-c3b2-4a9f-bf46-02a759b68c5c,2438.297694347219,3.243675566343647,114.36833856853544,90.70679762001525,29.179599987623117,6.323078677283755,199.78276916097252,109.95095664839751,0.13403329453344948
c9db22b2-8717-42f9-8003-8dbc622133f4,3271.3720852286556,3.3942102348652954,113.53002974583671,88.41695096760088,29.273241922018634,6.378640535695399,191.4104809212157,102.7954581718088,0.04963851295589863
35d467b0-2ff3-4436-8fc5-24855cb78923,3259.402118318286,3.499332186511501,121.19925710531575,92.39511139499257,31.30649942312247,6.641829777229982,201.5441446086525,107.94274940124777,0.08895976722617513
8d329a02-f014-4e64-805b-bf2cb3f0666c,1731.9207009418885,2.9973172312186716,100.611298795204,89.5561863799759,26.60091427328275,5.969494090958635,182.51054765696216,116.32053977549663,0.11197013367990645
7c0af9ef-6354-455b-adf7-8ca09ceb8054,2288.542482749732,3.154689578581235,103.23084326587839,109.05886402516475,21.53054869796502,5.7774315809916335,171.74856575647885,147.6707262057153,0.04595743474964886
e8889e10-017e-4dcf-bca9-03bca5c34b3b,2498.7901463251146,3.23460639364912,106.15080969415064,96.97007131495073,31.834750045488068,6.429436799949104,189.48607461353134,127.90268869143578,0.0259183366353946
631f907e-9d44-4f50-82d1-eb73cb6c785c,10385.313939903976,2.592218643345993,32.29586046050697,66.15535877934758,26.200258819592626,5.30778244440816,69.83668427018334,86.8193589945159,0.08868049278359458
f570b1a4-8eef-43ee-8537-f2d47d5107b1,9380.473147030014,2.864804508758317,45.27600288700609,75.60090849993922,29.1319506207082,5.7479897303181025,88.01248254891189,106.93822801105833,0.24982049608580215
57321322-913a-4d06-bb90-4d07a6501146,10917.686629145872,2.6508744856401854,37.15180914988191,68.38210536272223,25.779432941764746,5.382499625953266,75.21415900788337,89.48383320816383,-0.04659296502967223
80cc07a7-a03c-4bd9-bc13-4ac9e8f5dfd9,10878.148299536086,2.590089902942,42.31536144792908,64.37690881148396,25.19785196931046,5.199460939951439,78.38169212003923,94.57661532305985,0.11455677991022581
c4eecf2e-6fe4-4f76-8407-fc9308bc4012,9911.134209946717,2.5141532387398455,33.19539450753325,65.6165707184011,22.781082677902752,5.09087577360418,70.18493644318907,85.547632016935,0.08053466111454041
d39ad0eb-5271-4e1c-ab6f-8be1af7fe306,11347.709534527468,2.6526610737007554,35.84113118392906,62.63380935064352,26.811251178974903,5.423572373787047,74.61725948426297,77.16768440074902,0.04582098364885323
609a788f-e091-44e1-bb86-0541fc465cf6,9454.525274839023,2.6448955004347914,41.49461989715554,70.9363554350812,21.970123349867386,5.254536431803444,79.27829398216805,92.50683955856968,0.045218556820088594
dd21cfa8-0ba1-4d1d-a4a1-60593b5d681d,5691.205001985067,3.229296373154701,82.22348382638097,93.87782206008627,26.41492285825391,6.124022932319041,133.4748018554057,132.46604318196125,-0.0844536903444161
82f13559-4687-4e96-ba5a-fea4c6225d3d,7041.913952574463,3.390366329259588,85.42831321699035,85.14553060837075,35.38957090854747,6.634272055797989,140.34812030592065,121.97660033944062,0.08996032684812258
61e0bdf5-bd35-4803-90ef-f713cbc72ed2,9084.731169235813,3.152722577881037,68.21531198286105,81.24374503318758,33.62696630867936,6.511511030834714,122.35577251131608,103.66476603357594,0.09720747759922163
a015b805-47cf-4e9b-956a-e3bb9c2e9d10,6623.116628170797,3.2372242939148905,83.43943685410926,81.43001655599832,26.5708177629639,6.087582508830645,136.07179000190484,99.5522600544106,0.048984161416223436
ebfec1d1-8692-4df7-b698-c852e5913e4d,6341.9641056233895,3.1366699759658445,75.7129108774622,89.24249324695026,23.415372326238195,5.833132612679224,123.80966470779431,116.73384273772123,0.024609845473060867
91009fba-c761-4d5b-9d48-f5d363a94ba8,8207.969452869434,3.357052848616367,76.1679536106137,89.47813075722846,34.220355501118036,6.625860190747329,128.79018780758415,115.72351714973908,0.08553183650804033
ea9b782b-4ad2-42af-9796-38e623172e13,5095.188625960328,2.7683478576579867,71.98667549410493,69.51153688381542,22.843949760227844,5.3730899421983285,126.81320366136124,79.52208744318645,0.08979319091255508
61293000-f30f-4a6d-9bfd-8c950f1bfdb2,3738.119964129952,2.60678780835658,75.05698977065403,79.76784300921803,18.382075945322185,4.967343793374992,139.0054600361027,98.45391922254623,0.06981626844132297
2188f465-1338-436c-8e54-6f806410a82a,5634.426254777007,3.7343357892662654,104.90858818914569,114.25386383077894,37.161813394270226,7.154509999339521,166.16386520777593,160.43893943585368,0.04160913591265749
36285ab2-b292-4faf-ab6c-8838df270db0,5454.958304387115,3.8130448160002928,111.99203177807217,100.3413803214695,40.00035605687598,7.335905461034566,183.9468344481661,130.29222690835186,-0.014155242174285565
8b9bb5d9-8b0a-4a78-aca1-966eaf6ecf3e,4195.059008310865,3.813615427928768,124.27298623668818,103.87071382189106,40.30010315148043,7.393239444065553,203.89246541203084,130.1589033606111,0.11551403524949541
509e3df1-ef04-4e30-bb83-e090cce0cc55,8662.337156713565,2.153084786022388,26.76612444141059,63.04580238620791,15.007827291427045,4.282351876133494,59.86266325389945,82.7309478727955,0.019639163162128704
f3748217-b8d2-4813-8603-6a7628d65486,8815.319434034673,2.168811123821592,24.967455826537222,57.490544371619215,16.030014357221667,4.350283749352028,57.68994574302695,70.8801542021228,0.04740643419725288
930a71d5-c655-44ff-b288-e0c53999aaa9,7699.21962235203,2.1471028617141075,26.186013181367656,60.6548542582555,15.982179152506012,4.29692439177859,62.99761882718441,76.70683325612863,0.06299833233233172
8f01b757-8853-4a3e-8d0c-2e0438afaa08,8734.679778552501,2.0411298294375704,21.830469442734767,62.550804664043525,14.345266930138603,4.093170998675735,54.644705459818134,81.84212989621167,0.06566488422807792
74701d69-e542-489b-8ddd-c21abed7f4e8,6467.559326009741,1.638685541451777,17.70343396435392,62.185699288248564,6.23639152873003,3.1369665415855943,46.416973444525425,81.84450918473155,-0.11377560855047389
a27e2e3a-c2c8-444f-b053-8708242a80c0,2643.802853948623,1.3091036967222962,7.729828756986306,57.346979619575265,7.100963289874889,2.9049947184870133,42.54888255746663,83.10478252704556,0.008758440384525912
efa1ee87-2156-4927-acef-fa67519b6abb,6855.955772516341,2.1079145752506214,32.77778377045329,63.2586043863324,12.473943102691353,4.113619801201618,69.33767441836721,81.86791319453472,-0.009031176633276594
42acd005-a6ea-484a-b5f2-735a1c8becc8,7731.656931746916,2.107423016551793,30.570733636447322,66.01121380559375,12.578964982021256,4.124820720957347,66.08536144308322,86.86137392160802,-0.014123165031482676
cc23ff06-66a3-4572-a9cd-0232b6f7bb29,6010.600629644345,2.075216685664167,36.465280921565984,67.70835024795356,11.072192357553483,4.046119665586879,73.66890380689765,94.26932249218541,0.007217814899181452
6afa65fd-2c72-4e64-810d-a9b3cc7b3ecd,6236.306775213321,1.6372350071014057,29.185058378284396,56.69704403743837,4.564209969022018,3.1255180708349175,59.33186708191518,75.68219738912966,-0.041684245148303004
9e011b36-9a79-48f3-a12f-fa10e0f08feb,8175.606861275612,2.2617937556698875,31.899846658219523,59.56201468786944,16.373373086976773,4.503671135024062,67.59123962987871,73.03847309492821,-0.002103898952149974
da0318ed-4557-481e-9b98-7b5b67070a1b,5589.682593066038,1.964826357845201,25.516882000967826,71.0747409110178,11.718107600893777,3.8381001786830184,57.936336781261026,99.23964465456194,0.15374090383878375
52974ade-186d-4276-b795-c2747ae4ebcd,6951.703582201158,2.0719493848908073,28.453408373050973,68.13427615435538,12.992204689554857,4.065516358393292,62.389046365815844,91.78797819912629,0.043807312418883984
9419f134-2816-4222-838c-5289ccd5b8e3,5799.645598397094,2.209763655089225,39.16827056645188,71.76983791094744,12.650688901555576,4.197666753696182,77.58037352176818,97.15912026799894,0.03682818692030674
56e20167-89e0-4b59-bcb4-d4d2d1239d65,4919.775477028446,2.313870998408992,43.06535333226951,76.47164951607124,14.16897862117581,4.472866631391225,84.21315947151287,106.049599929912,0.02702763745806518
ce5dd792-51be-4b6c-ac1e-0ee7daff46a1,6074.724719040471,1.8900087112376998,34.319840244541766,70.51210958832526,5.924192493664682,3.3999240971902305,65.63330690213175,90.93686775512856,-0.012124774043553587
2371d515-950d-4e1f-9460-c86889d497fa,6099.272017346731,2.3175233135653985,43.44134113318785,69.51238102884648,14.451263221353434,4.484742984829254,82.25828241812424,92.8137476218302,0.03937003513454571
a84409ef-cf06-47c2-b338-bc38ca89e0d3,6276.076936971015,2.1939318044530216,36.55027222829302,74.94414875074958,13.419957399073677,4.2497341471752295,75.5479703539697,102.21073049249446,0.02127966382884172
a78e07a3-3566-4c4c-9133-ba2341405ef3,6521.972054377104,2.0085674171337935,31.646719336038608,71.30653483312673,9.059461270911296,3.7532496136523656,65.21633803073215,94.8004244424757,0.05046551197217539
28e0d86d-387e-4179-9550-a0bc2921fd80,5192.720242510224,2.3337079351604433,42.22553710908724,70.98917558658016,16.11828658356857,4.590444050194117,86.23153622759148,96.42393772654455,-0.024469880089970975
5f26628c-7dc5-4f4a-935d-871554d19b40,4371.281596654304,2.102061212630492,34.82771362210766,77.7986629016105,11.97257836090832,4.01818094562565,69.63257911987357,110.05770500222782,0.12134535347407134
6c77835f-ece7-4861-ac2f-f27150bc103c,6371.583104111063,2.2824763181428773,43.27108159455176,69.93116959687035,13.563743356962414,4.408294154824874,82.06902196166666,92.76693119042724,0.0012917639489746335
615894de-64f5-4499-bfe7-d81e3316cd28,6214.793935314664,2.046805253182437,38.29462454075703,68.6986819774265,9.951274242358412,3.850104303875084,74.0979790504696,89.62290842070796,-0.07327779875908061
ba83ca91-ab02-4709-8ecb-a7771dd7bf7a,10431.08828280825,2.1216104438768175,19.86473765750863,62.83744953866458,17.0290795035858,4.318050631470151,52.248878472598086,83.06881113486284,0.14991834782641358
3c687e64-5d35-4ce4-bbac-5f0222905918,11150.340870215974,2.0789958819485106,17.057654037619105,61.84338958728544,16.159397570562263,4.240664581518779,45.557384369274345,82.57702311471411,0.17503242850387457
846aa867-2d7d-438b-bb7e-87c955b24098,10557.139038097586,2.321137272433861,30.46387883479834,67.60580508027878,18.522463514700384,4.701731977598392,67.74085314431154,91.69769685002453,0.03140640665414178
57009839-fae7-4d31-a8b8-a6ff64ddfe11,10919.950604569753,2.33354418149203,27.52818973181321,70.47227526568693,18.988148068298244,4.6584537562039365,59.90756746410555,94.9356372409005,0.18141820133362468
2cb47791-e50e-43b6-befc-8d5173a1d540,10577.071862626868,2.568622068426121,37.94625421806275,76.17418007169665,22.63996814904257,5.15726643314802,78.4837987552083,105.52919514652235,-0.03324206454086822
58466fb3-0ef8-4cf7-b450-0df721e0aa49,10547.239646848993,2.589070097468451,39.46516249632923,74.30007699140376,23.106674355077363,5.192643177514137,79.27314896951427,100.11600200418442,0.03934183040116612
4587d9f5-15f8-49d8-b9fe-9fb78f958bf9,11052.623534743896,2.558292065683426,35.839684264509486,73.64212643423306,22.99118293575421,5.143186241411514,74.63824884995562,99.46992823963177,-0.005202824660525018
b96c0701-ef70-48bd-94e1-7e2c51692587,10070.513113853895,2.628642587360541,41.215422777851856,72.51962198196011,23.641041180151028,5.2765873492989055,80.95524851172667,95.6659602377861,0.04465678730472926
982fb60d-39af-49b2-b181-8148474af643,10646.332286355475,2.6462277728148806,40.46953345257383,78.01269847780975,24.55861392928171,5.362791609509313,83.51789859393418,107.8857638308486,0.009554424034622432
931fbde9-9026-4eff-82e8-4851925ea34e,10366.466714683233,2.650385695127696,39.187902054668214,76.21963448505389,24.383349141113705,5.314568587758709,81.13257594426435,104.07915827270241,-0.018217329916008152
b756e31c-aff7-453c-8881-ec4801370863,10907.010904891615,2.5552802573883984,36.361192631280254,75.48316957439154,23.338726255116164,5.173663863719459,77.42668159309889,104.9638605084007,-0.02141547740891534
b63f1335-7ef1-4475-a7b4-d66c2955da5a,10399.827913156805,2.563118575198627,38.971958439394655,76.40185307801679,22.756338379741866,5.134815681973502,81.3179529907931,105.49206631025388,0.022301003987079328
072c6ecc-5788-4c40-b48a-1a842adbefad,10202.478407298395,2.59677917432325,40.662839042144796,74.68398501996361,22.144799534832256,5.162171242923092,79.77259875541446,101.3404448590044,0.017458188665543918
0d41037b-602e-4fd0-9e46-821bdafd67a6,8968.606717237843,2.998614161996723,59.93883269200577,88.5264417252221,26.853533659767812,5.83610299450518,108.0075561599684,116.8411312183875,0.03841908137572816
392deee3-c490-4bd6-9995-7361c509382b,8831.64477289099,3.016765466116946,61.50440228742724,86.72802344373187,27.115196321231018,6.00460147367915,109.66603932229475,116.45050282113195,0.06331732881495769
1a1910c4-b0d5-49c2-b32c-214f18a3728f,9236.645059591634,2.900570877231508,57.49468049322155,88.83322382228717,24.62227318400686,5.76986717621735,103.55398997282305,121.28673382988559,0.12124231645967934
900b0fef-8fb7-4eb2-b187-c40491d600ff,8570.780723072163,3.082957343502632,63.79688093969289,89.39516712756077,28.15995349852819,5.977551080825532,112.40644533809794,118.19702347603001,0.04999225858273544
f369672f-5677-4e37-bc06-5efcc4f3723f,8828.281934842515,3.147948534228452,62.82356334800596,84.38172444071893,31.63948049944427,6.2717088424432275,113.01928621339212,113.46410041338875,0.04129183804419974
51ea6d35-2586-414a-b0bc-0c975101d9bb,9577.986332790048,2.9826976125960165,60.224007915707524,94.80143921363381,26.370337266777085,5.878488252487188,106.8370074608116,129.74893421229584,0.133621769631257
39c3ef48-0d03-4581-9e9a-8e490b404a63,8176.455364433257,3.0391949115121952,65.45771068731109,87.77140009434086,25.696755498743308,5.852086757635985,113.21740975659336,114.32196065675112,0.09678620586287015
596a5ce4-a65c-4e74-a3d1-4362bf16d4e7,8610.57730451699,2.9224322382641112,60.04438228342809,88.64425594977014,24.96434685295347,5.8086362243946414,108.27732547944777,121.17340945783488,0.10813519199732254
a474b988-0df0-4de8-bdf5-9d617a73f66b,9476.037657189681,3.170133308341228,59.636325546580395,85.38669714030843,33.1444855503557,6.291917826371323,112.01980419212073,113.17749430903696,-0.060083784030495704
0d741a99-1000-4a69-b8b2-354eca5d0b10,6612.320335477952,3.091312313240907,71.60613623537384,97.69609452953503,23.619754937616346,5.774575647916397,116.55906222234884,132.93597525486547,0.2831524883940624
1ccdee45-c53f-424a-870b-c2a65bec6dcb,6148.098038242152,2.9450492088626583,71.68326074647943,94.03837675143919,20.13271429994807,5.637991118202011,120.64753681186407,125.36054143917234,0.19430896088031557
5975039c-e41d-46dd-a2f7-c7d10c000fa7,5803.747213454216,3.16622548952797,76.81264952724455,90.80551170861085,25.536207885414967,6.007923370847015,127.5695815056229,124.2491182411309,0.10007271372284017
56a80258-dbaa-4c20-90a1-417753a4eeca,7064.255925080584,3.1628149853299727,76.95594401630265,102.11029032012301,24.33240243083514,5.926511768813323,126.8518223285729,136.63157084547174,0.14761883379726798
9e4fd99e-59fc-479d-a2c2-9e1bf17835de,8049.1895566349485,3.0433349943794292,66.24947992241322,96.13184193254136,25.624063881700202,5.959361394285767,113.91311405196532,133.74244065281312,0.20210542045971103
3042dea3-33ed-4c82-a90f-ef831805235c,7553.907019975729,3.1776504533209264,75.3037988227385,93.1232820890228,26.712153542897767,6.098415364365161,125.1449620146415,123.94736283777391,0.08842712580281427
8e61b37a-77a4-44ba-b63d-e1a64e07700b,6399.943794357886,3.322597201696732,82.86624305800937,92.45537713160249,26.913249418211485,6.289575311180718,135.21431156920272,116.85691350296096,0.07628259662592321
dd76aa75-40d0-4a57-9755-d2ff8e380d88,7879.872715493871,3.1347602888631485,71.94645477634208,93.59293206881942,28.22067288164515,6.13932435852791,122.26073598104219,129.13924941491658,0.12279738544877003
8266c0de-77ce-4a9e-be8a-021fde5e26de,6110.2268161409975,2.9831537046393963,74.35320652014711,96.53746327721845,19.348166009351562,5.574201083465073,122.14119514116723,125.5766002754983,0.1039107708689978
3297a58e-3ab8-4e3a-8ec4-454e598aae6c,4815.762781791743,3.712933625561618,107.67983837096858,118.5818409981365,30.266671656469168,6.735485723008523,161.15435448027714,160.8171859288928,0.11254818051640422
63f731f7-03bd-4859-a2fd-915e6a43411b,5103.432589010447,3.7195661831310334,104.51400819259786,118.35238072652726,33.13164567739308,6.871731800369615,161.281445532256,163.16944318304908,0.17015593975907314
f88c5300-4dbe-4ada-8642-8e45ea1970e7,4089.098743324654,3.4617781506458285,101.98409445663506,120.0798658881271,26.8905663420063,6.33364996872277,160.51962928293545,170.3551815146699,0.07064335440796621
16a8a7bc-0241-4aeb-ab70-ebc097db6d39,3841.3743556302156,3.641261253238306,114.3152962794272,113.78169745041023,27.145155588336035,6.558145248278903,175.6158030376971,155.16691458781779,-0.04458769306312642
d72ed3b2-96dc-437d-aeca-55afe33ab099,3202.3949703409226,3.421842726109145,110.99125725386298,114.79189399760858,25.383509404506754,6.350446849419062,178.758119819078,159.99325756556408,0.022200007170630066
d62b3ef0-9834-4b7f-8d69-8584461432f7,4087.3930313379183,3.2273044069569727,92.8918483252265,105.6424995840342,22.035228082570466,5.903255820333523,146.05104670904444,150.0987814196061,0.006910405985880885
61454d26-5fef-4051-bec8-660fc18b1577,3767.006871545507,3.5332946837444785,111.00090217971756,126.92692382225968,25.894593324716606,6.475833392840789,172.81333522937976,172.19407427034056,0.1339434961827298
10c8d988-14e1-4079-96a9-6ba39c2c9540,3880.161804203265,3.6820142276148147,118.25234588677219,111.77307132469468,31.190905320366916,6.856940943142272,185.81676235415995,148.07811052867024,0.01704579525857004
f80cb97d-4e02-4a73-9696-e21ac0e6dc8b,3917.5524222806525,3.333376309040657,100.96031297588921,122.61989297829675,21.42641328038323,5.9388328575021685,154.41204819038632,171.0095988262151,0.1392313477982272
fade5de2-e4ce-473b-82ef-1d73fc82cbdd,9167.65576432059,2.350205908066814,32.7909322256504,56.58751535905791,21.08620346498174,4.689931848254396,70.69659063713127,71.81746766485504,3.898699390279172
7dbd0dc9-fc0c-46f0-9bb5-3fdf1313fb91,9691.647110800695,2.6487425729853045,40.91319184499129,59.00973060137399,27.73501657160487,5.394406679274235,79.69291532840384,75.96771497316408,3.8778664424420817
1d90733d-6801-44d5-9529-db295dd562e4,8699.507531723537,2.9208790312049895,48.19845192903887,72.96807878089733,34.1381755748897,5.90681661850006,91.86204353703059,100.42338469034537,4.088293907244056
7b84f284-39a5-4594-bce3-d2b812bf19fc,9119.24547324908,2.906050534368792,45.41965962103545,69.42007247174607,33.88025427582913,5.895033289962707,87.43233206935783,93.3887476022667,4.045270982972239
7a51955d-d58e-4698-8a0b-d47097a5888f,9260.34149543824,2.483492020219011,36.68711916670342,60.568615649963725,23.347923019947224,4.971696354984099,73.77375053073429,77.07503455347762,3.9217967202829356
a60a1947-dd7d-4f68-a9db-f32f1241dd02,8994.561120857925,2.6840395867522187,46.59247599295083,61.66770393678205,26.723677628583488,5.368928155855092,85.01137350018863,78.47875819643886,3.9098569598621666
6078548f-a169-4a41-b05e-0af558a807de,3888.3674183437442,3.155469121056081,88.51203481306659,89.76398036518859,27.081661636880504,5.921757848742816,141.92946615174523,122.78544876574122,4.136344749413535
3a83209c-7f14-4ec2-9d52-c826c47f9fa1,5494.748723485803,3.415107193792229,88.57424896166906,98.47660642995206,31.964473365021984,6.374454961120503,137.81778256376094,128.92253290245355,3.9108954622264767
9b710395-2f04-45dc-b0ab-94e4e0b27522,5818.499377008056,3.2790647519984653,92.49547700957264,79.90832582173115,26.854040255324996,6.0349605704271765,145.4661911227003,94.81774507134153,3.9318528264251382
aa937a97-49b5-4b95-8abd-784dee1699af,4201.346747255533,3.500724278972355,117.49426949786032,91.24827706860012,27.842331059237807,6.289414350388041,176.40858827133937,123.15009033335852,4.210201805180224
680d1f5a-f99e-4b36-b545-82a13e106f11,5530.758630684201,3.728168726122108,112.60108114049709,88.50349294776449,36.054478693918206,6.8784620846648465,174.19681591586732,99.2102340345055,3.913013805953881
6b2586de-63ee-4c87-99a7-fb83e5104b28,4745.9526360535265,3.6338190195914244,113.24561851986236,97.6439121435084,30.868778579062102,6.590069452871579,172.74123436850914,117.68028735968423,4.004599767082594
807b6aa5-a7f1-4368-9cb1-c53699650f97,4512.151007575653,3.7837176974383597,113.47981411429808,106.34942318491191,39.79315335745836,7.170815421753152,176.85789853570455,141.36936794230382,4.107932513334222
c5bb9717-6414-43dc-ab15-bebdeb8b3c80,4797.427126168952,3.825629961822815,115.14864224610358,95.36746644233138,37.96197549781161,7.086772178276628,175.19275179551272,116.01191394437198,4.060632724900534
cd29903f-6706-40eb-b12e-4f2b3ba7f6ff,4414.059832862007,3.712406010839443,110.24549058732362,100.76165295355693,37.453568256531575,6.922584025458304,167.96166567888395,141.58663796529515,4.320861155624273
b7a7f1a4-aaba-4817-a760-48caedc7d56b,4665.0735307959485,3.620026575633331,111.12902794560327,106.53445633050046,30.665330966396773,6.566275204671015,169.60935297474333,136.9353390567642,4.078501679022598
39b802b7-e477-43dd-9f93-b2552578ef58,3997.167403120647,3.531115320878466,114.12551375126002,94.41812785422897,33.16282497551841,6.618701508415578,183.29173380272613,119.82443992926667,3.8654447133649334
64d3d8eb-e603-49b4-a5a9-e3996a69dfe1,4532.333124130336,3.8082931915689784,114.40584164823153,112.28474820818917,37.59801613641014,7.107585017604279,176.11525086445732,145.35404706195112,4.120587778713659
0ca3f1a7-5d11-46cb-a691-b2730333385e,4612.43550007371,3.6003119555988254,118.11430465946542,102.78858103156979,28.347247556620847,6.381030095482702,176.24092173977255,128.25327948814405,4.147913578521305
4fff98f5-f6d1-47d7-9abc-55fb361dad8e,3550.490444739342,3.8482287766825487,131.43909211649935,100.9759980714961,39.68365966227426,7.2153762417040195,201.11987473994037,136.46741366984557,4.252872925416858
a8581d22-ac0c-4c86-b6df-c8b461d63898,4157.099374984215,3.827187221530083,125.24485159130583,108.14346838068703,37.39539705031526,7.087821211041144,194.47558535992138,138.8234946602234,4.262739961959847
94e3ed32-2e8e-4b8c-aeb5-0091d18f55b9,4410.119638141286,4.055281057068434,128.98413014739964,108.5681848855528,45.49993593114612,7.7175086914191855,198.04974780020672,137.93674719784227,4.18465326679712
af256994-3c1b-4370-8675-53bb506c6bb0,3468.054334652044,3.8216503216279323,120.88919420502035,126.46918714792241,37.27828715915291,7.0818486618168155,183.14054409026699,176.2648344180605,4.0464975217326815
9d0a5f17-2db5-4831-91f8-ccd900e01eff,4513.888898819909,4.147980972265937,134.13644409663465,92.82608002676193,48.95953777165911,7.9025868086730044,204.57426283672194,112.72077942757912,4.280304344903544
e8d19c5d-392e-435b-abb3-f99535fa6bc4,4308.128920935206,4.199226995631853,133.68418508987767,103.98230838758931,51.67051239058651,8.128854120131212,205.4366225960388,133.9785521166144,4.194394949069728
1d42d407-cc60-45b8-83e7-485b7deebe53,3809.20559244885,3.944943140560907,129.62945866965333,111.82187582461123,42.70487373607551,7.499968882988023,199.57575742479008,154.310404748538,4.31725537206548
48e00cda-b004-4b3f-a8a5-dd066dbdf245,4509.867745383273,4.034925549983197,127.87779498139825,102.84142863472357,44.811680767814984,7.6277438573543375,195.1475667599318,129.97476012433845,4.271772202168309
3116f18a-c042-4e5a-93a9-ae42bec025aa,9892.123588061018,2.272099586678933,26.330201998551694,46.13788231867035,24.15485992748093,4.643835351869663,61.43344992203633,63.67160899695648,4.083469729749266
0ed7f60e-3a8a-40b2-b6f5-d013913375c0,10182.81453246201,2.57028759278068,34.17621055786454,49.22826597770838,30.378172498607682,5.298004195723088,71.49069673063036,65.50475005795829,4.128044785902689
f86ce1a2-98e0-47d5-940e-33d8d1db8c2e,10021.408838311778,2.0313701178987977,25.695048824618134,35.25986239767192,17.07434831986644,3.9787318915456438,60.013908110914585,39.359878187757516,4.163226479765873
a5027456-4585-4760-bfc1-007c1058e2e3,9402.099229036456,2.3392438517634053,30.744773301952886,45.21363745830507,25.16223502668834,4.775429367758281,70.49859264678585,56.9188529254119,4.019891953766022
da503378-8adc-4f26-9c4b-5261dff587d2,8937.68481209895,2.369546538019877,32.04699322669448,50.17338004027776,24.872202235020666,4.811935051415217,71.54323461966324,69.2710070364692,3.929146280687835
fffa56b9-f854-48f0-9949-318c7bffe27f,9339.4093607755,2.4569456229510296,37.45134061099417,41.260471246519494,27.28391726891593,4.992249800678884,81.21837398919595,50.02578593305455,4.156392015189877
71aa0826-6635-4f90-88ab-8e3bd8aab795,10386.615899441447,2.6949894032795503,42.91636041451191,55.850545018120286,30.295352216652947,5.4876640990214565,83.03612968364693,75.05981439168224,4.017806453531224
1ac8eb89-ca97-4d3b-bc32-30b1af1400f4,9328.941570122293,2.6080906602902654,45.99878841730326,55.58525324400845,26.670464668281294,5.25288032534605,89.36375253225833,72.34458458345,3.9172686621290618
3ee5e30b-44ab-4b3a-a96f-d35585ec7b40,9421.728600302466,2.0614087641853254,26.028276220646006,44.515789605246255,17.905305284705967,4.146171398816619,62.11835325356189,56.187262808873264,3.9390710245458798
270e5d94-4c6c-464f-953b-76c068793478,8424.527740827409,2.0592759296348655,28.069646501876896,45.69097215370211,18.112422057704517,4.140214939968649,64.56269518512411,59.98288517117267,3.818551415591274
6b70a892-6770-4486-b162-e59c6f59ae6d,10759.08022024444,2.8094159913300363,41.34941235309187,53.066017216871366,34.81190943286345,5.784480327654353,81.10303156769977,71.32581680552136,4.112133787735537
9161ccf8-430a-49d6-abb2-293c4c3fbe80,8844.822668193712,2.8862968720402313,52.82275614707969,62.571500055349546,32.297807986335116,5.825638038790032,100.76708414283605,83.29339022155511,4.083376548546795
90c61e41-5688-49bb-9ca2-b73fbeb3288a,8343.433233092775,2.866016048107462,59.52610636574336,61.19234028638975,31.30764051539857,5.782274814730442,109.59940190118861,83.97583238129778,4.014570721620896
3ea51f69-2eb9-4c2e-a1d9-4d816aa97b08,8283.584809006086,2.5798191506608843,53.789189720096395,56.77653431154927,23.457414119553277,5.050610052591359,99.24073281618858,75.10930346929499,4.006505037936389
99c79f28-5771-4e5b-91f4-aa87bf51e2b0,8406.09638999241,2.8929303958774506,53.877477440038945,64.34229735001682,31.486006550142434,5.780667192983094,100.97586370401214,84.91090204485008,4.061167004397743
f9733a91-1cef-4b0f-90dc-ddacfd3f9207,9041.076405185027,2.9450278240408716,53.86945155001443,65.30090973107151,34.0671273003207,5.936803474320561,101.7753979263798,88.8844776360616,4.10193595780094
210c0180-08cb-43d0-b5b4-1b1117611dd6,4841.09630399152,3.5131993577722804,105.63917415504099,91.56199297704566,32.13261212775926,6.486825986987739,163.35018398629586,121.48038381899588,4.252074633569601
0ef6ca24-af21-4658-8e19-20bf8a0d714b,4573.386859040187,3.615620523953244,109.5798747895996,92.897213590032,35.17978230914103,6.766671720403615,171.0706953745376,123.58666932758081,4.245762729457338
7a7ccb88-710d-4fe3-baf9-a8d33c3cb064,4872.095310217519,3.2059167140323437,99.54201322845977,84.88415274340332,22.352930033926363,5.718238092850699,154.3623117270127,106.38482696944516,4.075880097764629
b8fc38a7-15f9-45f7-b883-c1ca65414d22,3536.6232612006556,3.0980553301613165,99.67695002147339,91.54486416337208,25.411090846339057,5.678058517894268,160.16384896218761,131.78533156480614,4.034325739557487
8d2048d1-4db4-4c67-bc6d-e38a8cc2ba1d,4403.441229225139,2.6107156710234767,89.13260995359619,75.53221594225593,12.625513805449515,4.5600740087101705,143.67857544244058,93.80024807833554,3.925033408175706
99511564-6a31-4de4-8aec-33b83ef2e4c0,4131.170462442807,3.36055493388742,106.78721245770002,97.84901123576117,26.707212919524956,6.045625462950431,165.88197739401963,129.64029318043904,4.264273642095343
b3208d98-2e86-4acf-b357-8b77371876b9,5140.273216128449,3.5611563756515623,102.08560138218138,93.90834603599643,33.11694491216004,6.585123674054778,157.33768545138906,122.24681784203241,4.1569679997293445
c43183db-63e9-48dd-9136-f1570d5216a4,4562.36352280811,3.495792094763319,100.07693614433224,105.59280052357826,30.989904315156195,6.435631976434148,153.97805814581727,141.64164956461312,4.053437644376647
4d3182e7-7d29-4145-ba88-9ccd8807048a,4835.571961359788,3.692362742962781,104.71521166111783,97.28979358506888,38.167427409910616,6.941258210622064,162.35055216544006,130.66116663976354,4.1798275892116665
4cf9d11f-5bf3-4d1c-8fe8-abe6f14769da,3436.366372374681,3.2759427961980956,100.84306054705358,106.49755919445616,26.664866538148278,5.958504557285467,156.48973410627403,147.26755350340076,4.0928450455091765
1a5f7f11-4001-41ec-b10f-8e2f52146861,3910.354675662853,3.630135946939787,115.88119865868089,106.38981521384451,34.50330635375387,6.770792268757832,183.7472739662506,141.60332867695442,4.16739665769737
a1a43564-7bac-478c-811a-d8ecdc43837e,4702.583654275142,3.5238815288102345,102.36624305996074,108.66535451650154,32.85957018726537,6.591188135487661,160.28324949956703,141.68790162942915,4.028472602438256
d0ce896d-b9fd-4e7e-8ecf-665ef6dd7398,4089.212863495588,2.8543767541336478,100.59850172215765,86.37136371570048,13.812402655138362,4.873588292791096,158.32575938557608,106.88725313956968,4.0954814623369105
0c00be04-9b09-4d3c-8f6d-3536c0c7bc98,4403.622330283109,3.6470042883481355,105.82917763446531,112.59562777231042,35.13666444290887,6.80968967927345,162.69107834839264,151.96706484525126,4.051018201234923
eb3e29fc-4cb2-48c0-92bc-7bc525aba2b6,11955.250723671965,2.164945492831864,10.155970911381356,51.8270433207093,22.048459671407187,4.3581079791110735,36.79139963121052,70.77844611918923,0.49655998081983627
be945669-39f9-44ef-88da-a875a15f7dd6,11632.655448815156,2.3172572753560403,11.703406732218877,54.809786213840916,24.562620241360165,4.713057668438852,38.9440755583591,73.11563182208866,0.3435583563990695
7748d859-330f-4220-a66e-5712e6f1833e,11973.616702134856,2.3125178455415716,11.01421683595124,53.4333148670029,24.73911964847506,4.7141845501606525,38.82112202792805,70.14904408731104,0.38854065258893566
28f8fe40-2262-4f2a-8925-2a18de194548,10080.749612223899,2.74650471814857,45.74865229316429,73.23309995021417,23.303609716028944,5.446771163386504,80.66895732761247,100.26618387626858,0.09588498346263721
7ef36a5a-1f4f-4aff-ad34-2f32ec108530,9273.564332744161,2.94797037011699,53.73476603507088,71.0887777272249,27.087894682045242,5.8435344587474205,93.55395632695902,91.18006733939401,0.039324900142835004
47081519-e5dd-4ea2-8da9-7604be165720,7913.2770630406185,3.083976660686928,52.06857450571778,74.15093222964641,31.31640147337321,6.120079408355218,92.72090167419641,96.09536693351853,0.18705046521992605
a7ab91ef-722e-45c9-a70e-24beae43e747,8094.205392132828,3.255071808094935,68.51044862723042,79.8373015743362,30.02809784218966,6.377918564262974,111.79111879730438,101.41449963916413,0.1502847957485891
eac4fc68-4622-446a-b55e-4fd0e7db6473,7844.995583540134,3.2766385807484744,65.96798862506425,85.28520130957632,30.350291672458518,6.466726448029654,104.08061148549136,113.06770642897622,0.20602142487950773
d69e8735-c51a-4f80-8d66-63c8e23fef6f,6996.378990962525,3.2531867965349006,74.94121677864871,87.33933375856438,28.391270389225788,6.34056606976291,121.56614904504166,115.53433326448109,0.06209015643974147
d3ad4585-b076-43ce-8ab8-7d9df7e9d735,6747.688510344711,3.2829202643700865,73.16655138362901,94.87364263370159,27.075776910480194,6.201612778970628,114.80569007631713,129.196641198486,0.1301831887067934
18f46bea-9fc1-4519-9887-95d53b249f39,5169.900699631972,3.5167893237179735,89.1365816683805,101.40816099942784,29.17492896382121,6.532254458064462,134.71588288814573,135.65386989759435,0.08836977334325273
00e6272e-7190-42d7-b728-1d4ebe0da1f6,5485.9055850757095,3.617791873469538,92.83754556681923,101.97077943904122,30.466551938209285,6.747712356130423,139.46949195316165,134.95865679205903,0.1271992899692869
808af5e0-507f-4727-8d1f-496f1b4c805b,5421.070635022687,3.4596691519729803,86.6003224110635,102.47749486680536,28.22973275071007,6.441974311024303,129.7911961398955,137.90574107467296,0.10740496725756725
348e026b-1bd3-4620-b060-1da8943477c8,5112.968323669942,3.6864363231602097,112.66083650940496,99.16095931288994,27.264438446226837,6.79184772861025,171.36002133379878,130.6443339234193,0.10683542676152964
bc99463e-5e92-4b58-b64d-66b0a94e93b7,5561.800719693248,3.831910107882017,109.00265884130872,99.61572873262774,33.10633499657913,7.133283215140503,164.65464543458566,125.71175637614598,0.08271963311941788
faf3ec28-791e-4095-9bd7-0d9dca8a8832,3533.8498244311186,3.8178145441392877,131.8059291590253,103.55915519342349,33.720385728017504,7.120662635329545,203.8224382228767,128.30871997447778,0.008532911591168845
167da78e-a12e-4dd8-8fe8-7e62e0915e57,3993.002483847225,3.9356928618759865,123.63262181063536,115.09058389615623,34.863495998427176,7.310519672547237,181.9109701394025,152.18049322493465,0.14231584306469441
60c6fe7f-5150-4189-ae56-78ed311f81e0,3590.241422701988,4.072184400848571,127.6481800817822,115.382715658754,39.20142062429456,7.681622793487399,188.80252318856986,156.43338262255787,0.13725829694431405
042ad28b-091f-4fb3-8cd2-9d7133d9e535,3242.6500480605487,3.611867730817905,131.63776758550065,99.63336869788512,30.155063972020564,6.726987125812995,209.0500527018782,125.86322299112638,0.00846739894439954
81c11031-1340-46d0-8b71-6b32bbb43c1f,3708.950391898949,3.845302132411736,127.75793506745849,107.24207350508314,33.73298245595871,7.162244740357551,194.395666491354,136.5295381896527,0.08958581104964729
7df4df72-67f4-433a-abee-cecfcc264974,3148.89676603191,3.7895171229562186,126.41222940507814,108.13975353869179,34.67635063718152,7.137083019217025,196.4745324283932,146.315479717796,0.1258704984996319
b52b01c8-1b8a-47b2-a709-e49800573069,3520.6089091246336,3.9225329003761855,130.50719883654747,108.34712758127985,35.81604481938449,7.329953287189563,197.13071832223503,142.7295749320944,0.07332890804876908
b79cef20-723b-440c-a2c7-48ecb20d2165,5289.801296867815,2.8059578897637656,44.91547528107372,58.4067727345644,34.0667922295356,5.6996779920892235,94.09141210857106,77.26978430557217,3.9886795742793524
5acd70f3-f7ca-4b58-aa64-be5f2abb9a25,6189.149074562639,3.0857790570895762,44.712015841296875,67.92339157418988,41.398960290788025,6.363031424699879,86.08968700520893,89.93384931399723,3.9889473229959145
708ac8aa-37f7-4fdc-aeea-76cfe5b0b62a,6191.876355658275,3.077146241550799,51.24998418107966,77.22660547093177,40.03335785785818,6.30546176049247,94.58897325678217,106.14389148652428,3.845093531660184
ffe4c588-b136-4411-9060-1d2de4172e25,7042.770967895287,3.097486259551053,48.551916355934296,69.7896741142479,40.487097459483664,6.312374549273199,93.2042675441655,93.82723736287231,3.993710279678271
5d5bcda0-c3ea-4ebe-b5ba-a013554dd38c,5515.249072752826,3.0399700847843603,48.72946603031933,68.50167266664319,39.33998217942208,6.26467245075005,93.05389358372909,90.95490903930848,3.9748129090819346
ff8b6352-94f3-4e73-a3ec-410842278af1,3829.9232779019244,2.195935685331456,62.427397794122896,45.50359059587028,18.312538750373857,4.20774008888371,117.14958417532486,42.982187401197805,3.7941240339822158
04fa2d91-e66d-45b5-bf8c-2db0296c8d7e,6646.205970343663,3.21987853886313,73.77600416556395,68.84092001996893,36.17843014339671,6.339347816453129,125.8910112227649,85.90279022273707,4.124541923714351
595a1cdc-a5d4-45c0-b278-25f27af37c25,6457.529936900508,2.8769376087573084,63.18766187323596,69.67309510268404,27.011665441545183,5.559240447546026,111.89659846107236,90.05841644166257,4.06936363114192
0219dad7-2f40-4586-9ebc-f078807d5538,4829.030737711565,3.3590078263533654,95.13328690918446,85.17990774690978,32.44148251584152,6.352987921362037,156.0644911230263,106.10269819818609,4.103505413125474
42d18064-1646-45d1-978f-a220ed940cc4,2713.8639196352483,2.3336439002134837,64.2614866884556,79.01472953229589,16.71281199257127,4.428134588760094,118.75058733883694,108.11950964757602,4.058148016552899
bbbd0550-79c6-48fd-8613-2f923fd4a027,2920.757527939587,2.7931276834334944,84.30771874952472,74.35249585524018,23.85735998174038,5.359269069768283,152.19168753623916,91.27998139412536,3.8602762401239383
387d398d-5304-470b-95b8-e4d4ad3c3e65,5631.175529235532,3.4555266816015915,95.05410434792262,91.35469519739829,29.741856308511178,6.362707449084402,148.42013722362918,110.68610502420279,3.8496008184860457
491c25da-504b-4c29-9f17-98607be848ad,2315.564326470582,2.319478268435181,57.34318761488762,85.86844480999821,15.766618164377732,4.234673959084774,105.5574667494113,122.74179828625832,4.011179331886337
fddd9b0a-0445-4d65-8cce-6fcdaa7e5298,4701.267759252201,3.357002210750804,90.40879676142944,85.85975035879906,31.49500875625581,6.319637800559816,144.58231416710137,111.72632479752329,4.186752868974509
d091ccc9-7f22-48ab-ae96-3cdc399163e1,5469.662061388665,3.5518494566193595,100.30496249505241,75.53264119516437,36.84856555714964,6.759278847372985,159.60618995064152,87.65063054959957,3.907117762285894
591f4c71-dc15-4ad7-b450-409f3dbf50f5,2640.9284712419885,2.522687457093584,71.85266847191487,80.1343738254072,20.395597966659544,4.9187353629156565,129.6708898587644,110.87896231744989,3.9674481331854707
6bc8c5af-d8d9-46f6-801d-4765cefa91a7,2910.5099687130437,2.8681426931645477,90.93305464243497,78.6599093777608,23.574782062207802,5.493783807346168,158.10148264021646,98.83806336800527,3.8933255481045776
d2265ea0-2f5e-4243-828c-4431af3429af,3000.4584856307347,3.056050497048436,95.3737219793747,89.91802296669185,26.59433629301581,5.7769581379057655,158.48047847682136,123.76017150531558,3.88585146130145
f8ff0e6a-2414-44b5-b415-5594239e2e81,4107.701724900189,2.8458702102914644,92.25113639561387,77.47022376107631,18.149022731587003,5.057768053721627,151.00420492443394,90.35063939601994,4.10000015695793
bbbb583d-a9ae-4bc7-ad3a-62107a32b771,4249.679698588485,3.631760146809634,112.91432105284312,83.37301584624383,37.931285069479735,6.903207779818851,180.6113278181104,100.98673759170642,4.360552133095021
cc0c9073-20e9-4ffb-85d4-1179d04fed1c,5026.708270357898,3.56587487283876,107.36197477648307,85.88819290123124,35.343818207839604,6.706200608426681,171.13818111800248,103.58213208079974,4.125506492107499
3608e3e6-4f53-4e8e-a08b-c9464da81b8b,3902.486957905192,3.4139854750919425,100.97139146985447,110.90068559284468,29.122564126034725,6.191182044427995,152.08962341124257,152.68070190129384,4.022343331196343
9b2648d2-03ec-4b07-b910-91ea102ca3e1,5050.508140842654,3.554969977210638,111.09824907701537,72.19478949564618,33.78567036052229,6.698581097886324,176.2781784996963,80.42276040952592,3.9600995119524383
227c34ef-7482-4e1b-8d29-a96940a950c9,4182.411054898994,3.4683695696299344,107.39641973596387,80.69122639657634,32.932449404384464,6.584601915353323,172.6414350540402,101.44450655584929,4.247055463571961
bfd40641-dd39-4d60-b3c6-8ea540ffb7c2,4700.89776090236,3.5199866511588764,110.38993984527943,85.83376551220721,32.798756542783046,6.569057328372383,175.15079310657907,104.0622062530086,4.124945185807296
f89a98ff-1ede-419c-9276-f4dadb7cfba1,3752.228289573749,3.5436431175981404,117.68641356053836,91.37925701871303,33.8530563260022,6.6798229578308845,188.38381564453124,118.60130921694311,4.273841647341245
e29d220d-e583-4824-91c7-73d521f11409,7953.488803226397,2.3777118701532642,42.25229716331411,65.7604973508996,18.30651116741468,4.5197137476143885,79.12120367655837,90.69294378031546,4.021234022787847
c6059c9d-5215-4341-a6ad-ad081e0da71e,6312.578827700618,2.6670030975887444,50.23685946067971,83.3957002907205,22.043653801312807,5.019427649234779,89.76978168620397,118.15980190190253,4.118329404388802
96279f8c-eb40-4710-9a52-f0d150473447,7525.658101951386,2.850156633542729,57.61315862512007,71.10555389993877,26.791030636395096,5.536377947715534,101.36684308039813,94.80826971506855,4.027755869015756
7d8cec22-fbdc-4bcc-81b7-7380ef4b91d4,7128.334590537517,2.775762123416845,53.70106362432425,76.07337087771637,25.725396600901433,5.354799803577701,95.46701139787817,104.14123345256878,3.933907561588117
ec8a1dab-ff8e-4a63-830b-8a16799149c0,6437.1281674860265,2.9420166436099917,59.998741684882646,78.76471672380197,28.366210989228556,5.664531763575665,107.1753515922973,109.45015404155819,4.058322180437065
9561dced-c1f1-4bac-b6c2-2454d4987f9b,5015.972653938095,3.5289359108105245,105.31372898116881,90.33704002795814,30.791501252055923,6.4772686640316195,164.45683423609714,109.16800555774508,4.040683409824008
1f783b9e-43cc-40ed-a2d5-3324c0f5bec1,4032.6758244861585,3.449650020608297,99.92578264642667,106.28754886864972,30.821484530932544,6.3790050820807,156.8184586004043,144.14540338213155,4.1018046886808985
166fc52b-0005-4970-b280-95d6e19d12ad,3504.86526906671,3.2111750853161047,101.69275832563532,99.79657006573413,23.672158423983813,5.7992850324687035,160.98943306821516,132.58943941701466,4.086656451201678
f95d6091-d194-4724-b1d9-155dcaf9048c,4208.768396286086,2.8176509312818485,88.08026534354607,90.02596680629856,13.311948869742839,4.7980712031681705,142.96486004024447,109.85122232040882,4.189794008020893
811db87c-9be0-4f51-8953-0fd927c44651,2966.2842864709796,2.8322789741821057,90.45513584703937,75.64156121867312,22.765475526045712,5.420068012831969,156.59889027357696,93.86382239665423,3.897282158976327
d5669555-031c-4757-86e1-d6c5c285c902,3549.630227109274,3.4988359297553857,107.267719628381,96.09371765011159,35.34740521767755,6.6721983315753715,173.62762922210754,129.1961091386941,4.200616570180598
3fae5f8e-a463-42af-9f8e-fb0397ca533f,5429.259633925321,3.669013427107609,104.59510016471354,89.09340550729257,36.23726093789378,6.827702794378209,163.7736847237532,102.30553504108187,3.8369537883212685
2edb8b56-2630-4abd-b98c-0ada0f8d6549,4558.444013073027,3.488892802851608,105.9766630568145,98.04219225270228,29.875150471220273,6.375183431977385,163.30279463367896,126.52840101292267,4.167804016740439
e41859b7-40f3-4c2e-9d3c-4301a98063b5,3125.7365437613526,2.937974084135468,94.04655875236074,102.47026860140916,20.049067178028473,5.269619098587944,143.7166385773579,147.77468518918172,3.932198237381735
d88fce3b-9ce1-49bb-99ce-7e5c155ce981,4016.0367503430216,3.4205232617005508,98.55510443612994,78.51104513346469,37.68928694397964,6.612721717323356,167.54873545754702,95.90930423079642,3.784381736747258
0b6818fc-92ab-4810-a8ff-9e03122846a7,5324.752193973572,3.7162322186479644,112.38479915430757,93.48591839376257,35.17452015338869,6.844838945264273,174.8681742740532,105.92461797618338,3.958833883129574
bbc18060-daee-4624-9223-0a230f154b1d,3842.509112670911,3.4814113893952525,120.7098893439645,107.68493092641374,26.41140833205185,6.134631036699704,183.53723137560263,136.5333561394459,4.125159562427697
485535f2-191c-4dd5-bee6-fbc97986dc8d,3865.3964005920852,3.7239631967502747,126.76562547338888,102.12029741244513,36.036349074739164,6.9376726837302956,198.59458457655603,132.4541775446919,4.334114316957985
6f17068a-d1ea-4395-a482-131531421b9a,7952.6819985491165,2.9016693295976537,49.786447115156,71.66918405697967,33.46334284876978,5.857176085255739,94.95104966904857,101.13956749529355,4.012578043285937
5569d48e-86ba-472c-b33f-57d4f7845077,6460.523849709846,2.941991049994705,47.22647698944941,68.28782520202144,37.326075852597754,6.052425787725287,90.75889354145006,96.09796347139918,4.07086412086439
379df2fd-4350-4301-b0ee-43b3bfdae90a,8527.892513491315,2.603391742535662,44.39420091310605,64.99277499644906,26.81298433118551,5.235633422871812,86.61010347597066,93.74987596377039,3.9416901274736764
286594d5-5ce0-41fb-acf4-3a50aab61c28,9124.937723010891,2.7956321733881837,49.35166055189773,68.46192420727684,30.444966785499652,5.68150593361163,94.86011947831685,95.98387895154762,4.052792513795239
c002673f-c3f6-498b-bc95-9a573fca1598,7785.038546539776,2.89329458971392,59.0155178885934,73.85363897085853,29.907760794073816,5.687672628253458,106.67861711790661,102.64020446798915,4.062340823328204
029403bf-f42c-473d-97c9-4a47b9b3dded,6842.36681413342,2.8232874848699026,55.89147285252123,77.8728496239478,26.21870411834263,5.442945088526198,100.1139849541617,108.62004625061797,4.00837065332451
5df4f306-471c-4def-971e-2b2157d673c2,4717.579625922718,3.0775519395626896,82.25384558613139,85.87195489377314,24.969595990847573,5.698243907711094,137.77570499780694,111.11331487505693,4.086381196592093
c2955498-d3b9-4610-af2c-8c0c379feacd,5103.571120816334,3.0428398509042536,90.47967527566995,76.04207875308343,23.178762349968665,5.491051588591356,147.52825247232857,89.66105516045704,4.1260195049606825
f8ed8e37-3d8a-4c66-a2e3-a954ab2d4bd1,4382.2824903905375,1.9617218930304579,58.38206073205903,52.906031563839555,15.726535639953918,3.8363714433767298,105.51377169862023,59.65365606340085,3.776933033285996
79752d06-7b55-4fbd-b830-d54d5634a1cf,5105.368728512733,3.010070225952563,84.3837092821699,80.751708813193,22.763658777223597,5.4682306915056,141.76612760487424,99.21033996479832,4.135362685753803
63553204-5acc-4f6d-af67-eeac78d484d7,5091.689217041943,3.3565158254070484,104.08706659620744,74.84549381522572,30.544840503595935,6.282591204049804,171.6541635567516,82.93817320910924,4.007303042320617
3ee259f1-69f8-4df5-aa09-5e3bdb8dd3ab,4012.8433888679842,3.3932057527186172,107.32058106213518,98.88976062896025,28.20023231853055,6.1736338060757365,171.70035782523115,125.31395614798978,4.193411858591505
a4b03367-53ee-41bc-8138-a2dddb1833a3,4779.2925598795755,3.3083156730731,106.0438200302699,80.5208089329347,28.610477776302577,6.124302389802354,174.59412980182938,92.44872333761752,4.066124632374966
3996cf45-0a44-4342-bcef-adea687338e1,3107.8995366307427,2.651476212411777,80.56767377637729,99.18955519454997,14.042194317674108,4.613111691219131,128.25975900161762,136.30570173885883,4.014271360586459
9bf5e963-e351-42a9-8e26-0afc9f4624fa,5184.432609982978,3.145056507363016,93.8667614753815,82.82520359565014,25.06462415841049,5.727412155190843,155.09552150662532,96.36451387750692,4.109267302001995
6303dfc2-e2ce-4db9-b819-97a3f90e5cfe,4337.268763159804,3.1476697713893076,98.29577857322407,89.10685333821121,21.84174700495933,5.592271072769402,156.66950138056433,111.06530639715747,4.168347570905344
34d6a583-17a7-4305-bd4b-f4b0c673e0ff,5143.716094362335,3.361152176628586,99.4010096230146,80.92959054294612,31.91614299190283,6.318083989906271,163.84964846386634,97.34712849245713,4.145348913006904
8f2a8145-2653-491a-a857-f19ca2b93e9f,3782.4519803878925,3.3717784879503485,102.84451266987291,102.92045093430684,26.57147611809622,6.077094849771827,163.01019591938132,138.42569368625027,3.86195251408511
1d8787ee-0e03-4762-a38a-681a0c2e3a05,5269.744637349596,3.19144495798778,91.57945856769966,81.9754256189651,27.536410149213214,5.890831005064136,153.39756680968145,99.37027095224889,4.018100626709225
7f9df905-2312-4ca4-b742-dcd465967699,4873.04207117907,3.3281791782891843,97.45956112505877,75.66311897886118,32.38866532364523,6.350378911207599,163.5288114333624,88.79264908954286,3.946560255631089
2dc7e7a4-5548-438f-9c50-b5ea5e5bbb41,5184.690953412527,3.354416684296441,100.34858922798068,74.4985599619848,31.104285763632856,6.323773464610083,165.74851186966012,85.37411917607457,4.018979480171498
f24295ac-296d-455c-8300-3e3d5947a900,4424.673022129211,3.3423400541644526,94.35703699403864,89.56564478666323,31.911459520397653,6.293364383044678,156.9545463278858,114.01162642941031,4.097518253770749
a90bc9cd-f306-4a7a-bb50-7b9617fb41ff,5344.994280721947,3.1176737617289936,88.47239971957592,79.21315213522014,27.877792052352117,5.8301827017481305,151.79635017790923,94.3001523569705,4.025925412721085
a1a1829c-eccb-426e-bf45-7fe8f2e65950,4643.6902000197515,3.1096177106801,87.72745907628021,90.68521423009682,24.72560339653204,5.727082725974116,145.92003070392337,112.91188992335537,4.092706129038476
a69b387b-ac13-4c6a-9789-5aeff9854fec,3576.2603913329776,3.13799180557504,93.54606397462781,89.76362797010016,27.07420189911236,5.873962866374751,157.35409523894128,115.8359391203549,4.164329711246042
dd130ea0-e49f-4f7a-960b-48d5e4e8f1bf,4357.093241851546,3.0380576619232147,89.76565177346151,89.35268338216459,22.032426852653522,5.504155658556283,149.90038458964474,113.05743806542186,4.058862678871867
c4865936-3bbe-4c46-bbb1-db779a49134c,8081.516018531224,2.4701420244327177,42.704763651637975,54.623941239855256,23.774452219361486,4.949987177723769,88.28739105485604,66.85619209114685,3.9922929082944707
ace47790-7e1f-48a1-9fd9-b22a84ea9439,4220.523325572653,1.4459842435321584,26.457320539579126,51.58197171024729,8.049615810131977,2.7778956730170337,67.93354248408681,65.27705441924086,3.8951899507006993
8a7a551d-1c4f-4644-8ee4-91e7a36aaec9,6424.196116820274,2.3386210383322164,43.76494822024633,59.89492261859489,20.326035553413313,4.632278373160634,87.99203250520827,76.6201392240188,4.103393032355119
1362ef9e-4c69-4709-bd50-68f4750d8ef8,5043.932766613585,2.1466257878355877,40.875288016414046,62.74289177670812,17.59466879924675,4.284102703044974,87.17078752313454,81.93645466758457,4.099104964626608
4b0c1c33-2414-4135-bd7c-7ae14052ed55,3068.0373918793384,1.7369678096720662,36.16776063310551,58.671362196635286,11.456454538272913,3.3218556002706507,78.37166708532024,78.97323063348912,4.052638379820424
1da469d6-983a-469b-9a9f-93027ff1ca95,4270.581101454705,2.3857357353417195,53.99085016694829,75.73031102683265,17.245233184205677,4.45672365587728,102.02569703921472,101.74222887910413,4.088956475051955
6495043a-2e64-4ca4-97b5-128e81f1d2d5,1383.3325488907385,1.6538796036201784,44.999250466846085,62.45059454886505,11.18686879567,3.266856725372803,100.09477757524596,85.703395126507,4.042633894434934
f2edc6ff-e04a-41a2-a0da-8ca06aaad020,5414.452239701971,2.419182671111877,59.39670995246331,66.34248289569747,19.103188318822763,4.6325055261549695,110.63638139097904,79.38017648291061,3.9640929824349866
b3554123-233a-47b1-930f-49fa88126ec8,5531.2038553842485,2.7387797268327434,73.8213860772782,61.289639510490815,25.097004668140205,5.262268466935142,127.93935334769803,66.39097889699414,4.0162522380680885
851e2374-69ef-48c0-8918-c56dd9de72aa,5200.388934547789,3.931608211934864,128.3128724984872,108.66621409131346,42.155509524432134,7.518826979348459,204.14570143384339,132.76724140830225,0.14394509863828855
60e6b712-3a10-48dc-a1cb-ac2db3e3ae58,4272.7354543080055,3.9852916125578224,127.14699090248851,113.69249382819078,39.809896706921634,7.4113960827386,192.180911759639,144.54682487322555,0.2069166545091333
7daaab19-bd10-430d-b424-4c2008668d1e,4200.767632950208,3.9833135950052805,122.07114580631199,124.46726716044796,42.4986031009664,7.560301549987533,184.34908290663446,181.89331127331948,-0.06059792071947245
347aa17b-d5e4-4074-8b0d-7036091fc7a9,3240.74569499916,3.6491961259197736,120.23028431361266,123.64353461091846,39.11548556238007,7.1700638401556915,195.50032073612152,189.93541612925955,-0.04054231564386603
5fc579c7-6d2d-425e-b38d-e495b218ac53,3769.4168386401316,3.773080427502465,131.00625492496061,107.86057828315575,39.66060338143995,7.355327644180233,212.10390471316504,149.95497583954239,0.0614521924298971
de23190f-d0ff-443b-b9fc-68efc445b715,4413.43814228898,4.142532864917959,125.39550302396667,115.01436311351722,44.28477671034492,7.8457211730518965,190.07974158381253,153.29951258373876,0.14178997118967165
6ca86998-660c-409b-87a1-acae8bad44ae,4584.927950827514,3.819367138655821,127.74825018452766,113.76939279942712,37.49679030192429,7.215401619788899,200.88801974321828,138.52481370875336,0.16178666300692082
69e4503a-38f3-4e3e-b9ca-eb620e387fff,3974.496164168736,3.7628031623483027,121.1853708532932,116.97765373853133,38.277673607912206,7.088938943371188,185.58905716972922,156.73226231807695,0.05437352785822207
d54abc12-1e8f-49be-a86c-6c5d555cae3a,3407.3157763613294,3.7283202707430876,127.92372271802519,118.25375761086131,34.74679861081913,7.028272195445237,199.00926423662816,158.53003982465142,0.08118923515685614
a6e1adcf-d688-41eb-a713-e440e01e173e,2993.407244165991,3.6066381579326348,120.09528698905619,128.18022852169338,34.79898250432339,6.962351661733183,191.13717745514592,197.66638863462717,0.014091455618654148
76e725c6-2f8e-4877-8df8-b34f03ae16d1,4104.576218900768,3.969833084172661,126.00675976026966,115.0950032212061,41.351208332738445,7.467978672228023,193.41546629777508,147.13548796675326,0.23645201783526143
405a6fb9-2db6-4127-849f-7dea62d17501,3255.991593722936,3.7303772781863493,125.67748606105764,120.80697740752206,33.66845575009728,6.9825547643720824,193.96978523657668,168.20199851515673,0.041136533996953606
1be2445e-9a13-4964-a602-e068ce13a64f,1924.042475017592,3.33120296839689,112.18983549278286,127.25609308951604,29.98507383236092,6.332147221588826,182.4412638039634,192.1230214226442,-0.10537340260835219
bfd1e299-a9ef-472b-b544-822722697fb7,4022.961682641172,3.832019516636388,129.44649681369202,108.11563672595305,41.422601629801065,7.442587844157944,210.7355700808027,147.3666050670284,-0.041531306818015666
0afdaae2-9662-46ef-baed-9e77aaf0eb88,2550.7562718455124,3.431987316670507,116.7959312562447,121.8024222161225,33.53770417442722,6.7261906123299395,192.84590318170189,187.85515346504135,-0.0769527379679256
d5b5058b-acb6-4bd4-bbd7-afeb1edbdfc2,3976.842718361272,3.804217490941518,127.35189933708634,110.71077107972833,39.860298873579886,7.34776888160678,204.39212347382949,146.6158723230465,-0.002103116375523806
c35d0bab-985d-4a75-9f79-8b44fd27130d,4277.712813117999,3.8277631208925227,125.56562596547906,110.6860943900388,41.113657630816775,7.4415630429073,199.51265645103828,150.78460928371882,0.09667103490299586
7ffa783e-965c-4643-8c84-d2cf859172fa,2775.061842574362,3.4552766756988005,110.37295404504917,135.38319698830838,30.393606922103515,6.558590650996045,171.31316035754062,210.123242134672,0.14547142222250847
a1b943e3-02f1-4714-84b1-2f3fcb2468d8,3350.203435744714,3.6632595731259143,132.40275493629088,96.81911345388488,35.20985407575908,6.98018455248503,215.08187930721152,123.17431628063852,0.04537483880749278
d3147b70-2db3-471b-b241-37756cdf2501,2645.5174374387593,3.2412681442920217,115.19611408024723,113.81050696909638,21.28661072146559,5.8991469093057685,184.39592309889375,165.38469928889623,0.000320326438886398
3e2d983d-b229-4378-8d0a-1049484eb1f9,3596.274516982151,3.6059185398963836,121.20990541210412,116.43836222459477,28.54551653743721,6.653230636482957,191.12979201711954,161.41374271144065,0.07152156325265498
227c13e9-9608-47b0-9b8c-fabe34383242,3552.1009540775303,3.6104170067396146,127.50320414362712,107.86041691135397,30.86686215787327,6.7829923760067645,204.2392051779492,143.26051150881545,0.014769124022747415
62dcf590-db3a-4014-85bc-04d72264d36b,3246.422957505747,3.048786936594578,112.73960764048483,99.16758013045288,18.60383471652269,5.7293645719728685,183.5292730726429,131.75009636462784,0.2213961717543662
c252aa31-3768-402d-886c-2e6bb67e485e,1506.0332291969517,2.719727564082419,101.49243709553936,107.25980533377235,17.051274249056544,5.0406495353875345,174.64640242354648,159.63432837815074,0.0755588703470487
6df1d589-c1d7-4b59-ade9-4e1c9e967629,1520.4263423475559,2.8328150480875744,104.34726415855289,107.08346209560867,21.313242928969093,5.44789850965662,183.6053422751607,158.04722311472943,0.12309276958736122
311c28e5-5ac4-4d95-8d53-050421b7292f,3191.9007301701286,3.152538408421028,108.25279997506473,107.75453241030951,18.275905785133148,5.611387925605702,170.87901333025644,142.24121407758383,0.01790863988585032
416ba33e-dca5-4e44-b05d-f9e25eee659e,3848.9772018238536,3.57605653040972,116.0929883535559,117.40830397641962,27.06577654139678,6.514980089433438,179.54984079048955,156.27630123301824,0.02157609407203078
dc110172-4456-4667-8529-f7edf6564400,3111.4565602788266,3.3085961245684503,109.90378463252446,114.22694545725646,18.57269659576213,5.773820745521117,171.0443989028234,150.56183968247004,0.013262183411222627
e3ff7edd-17fe-4333-b60d-f5c4bffecbf5,2763.2314841932703,2.7929197141149142,103.35841565159119,98.39147773957035,10.758438040550168,4.858774332669089,167.67131199949475,118.355559824088,0.10532368253493732
cb1f53ae-386c-4938-bca6-99916f328488,3208.4540828690074,3.4569044517581142,109.32512035344607,117.80699687341885,25.023567976205506,6.29450312541535,171.65715819554435,161.50605402788517,0.04794956955345044
4e538e1c-33ea-4a43-b6dc-0d7e760afaf2,2480.3404622425446,3.066078323805023,105.26111877859239,100.87417064124023,19.956094235950086,5.526446466740672,173.46195610549458,144.07080954347373,-0.04931519690903437
5a3cdfe3-c013-4d98-828d-245dd1f5b0ce,4095.4278789403966,3.588696898271047,115.79984256908351,122.80696279631118,39.4288549140351,7.106702154937274,192.0820484316338,183.20700571660632,-0.18633278313883878
864cd7e1-5e91-412f-add3-ae35653f8f7d,5000.127043804937,3.992231625980197,124.97530918466273,116.91333563451906,44.12771730943175,7.692108169116382,197.90257071121522,160.4870915438036,0.002028788858500752
c4372eb5-50ec-4372-a394-098eaab69812,5100.800862684524,4.084505723964111,126.61830267355549,106.55232204614795,48.318934939071895,7.960654065552715,206.11244950867678,141.8211270350384,0.11726528862846239
c25df907-32cc-4938-8e4c-8d228ef822cc,4499.617313534211,3.9587990590132334,125.93672461207434,113.94475280241218,42.61997753462661,7.642423115260402,201.79233696082753,156.2398044933193,0.03495737984973568
990fc215-2fd5-4e68-8037-afdc660311b6,4911.276913650865,4.076950848600768,115.8340825691549,122.10822492896784,40.12867878513726,7.454744971507206,169.8874810807035,159.3699540267408,0.08032747633913277
a9c2731d-7a6e-43b4-ace2-86f3cb5eefaa,4128.323862992496,4.023164624098473,126.31146916605492,109.82045974613402,42.23136803806741,7.670224370786144,196.87879103074798,146.0903166137143,0.07450734134485211
64abf681-cafc-4f68-af57-125b415bc450,4376.679138080812,3.9556532158945656,119.83499741687595,121.99876551156459,39.70236288844146,7.368050934713854,181.83017422761634,165.54376694899713,0.011586329523352345
a3839e74-4891-41e7-bdb4-2a718a72535a,3327.433797881684,3.631166007757984,123.68220951304731,103.0266432384504,28.046637428474376,6.58157758150905,196.79002993457578,132.42527669738516,0.04376758451710365
894f976c-480d-4764-ba55-770951d5d556,2233.944669504124,3.1160666247716877,114.59101551373071,114.63057556472863,20.530236576859142,5.677104129172878,185.77489491984028,154.20821309281354,0.020138881367175232
6af62c35-cc57-4fb5-8ea4-672768514a66,2481.1365408539177,3.438261314786444,117.29915227850059,120.9059591498908,27.366407224800195,6.342857239653131,187.63094087017015,172.40723056530564,-0.07498561373063425
80f52efa-6fc5-42c7-95e9-89c460443161,4648.78889659753,4.107336178716009,125.00711564016213,113.17769228570862,46.520837645419,7.973341203580247,197.6330386234928,147.50934820422077,0.08285277049411115
ff20120a-5d99-4d52-abcd-a89d19e0c87f,3232.6483725844873,3.7779796814864484,129.89599671161244,110.64232542576909,37.380934038318614,7.248943227729852,210.4189689004601,151.96071237800828,-0.059729483857001345
c4eb3957-ba9d-4a03-9f71-eebc1cca3ceb,3328.616754680175,3.86724325053149,123.46998425200584,121.30700890741059,41.23571159161314,7.285625024003925,186.82865553701896,171.37843212206423,3.8703883706458684
0628a224-40aa-40c7-be33-5474d65709eb,3790.662351876638,3.418967283177499,125.79614663949376,98.08655039595017,25.032989741288517,6.0896296830540395,192.1352770907934,123.42179448784516,4.2032592269527305
c36ee690-e1c4-4785-952e-2929c17f6ca5,4231.786698653263,3.682342484550662,127.26339322798003,98.23046777519417,29.5353639531615,6.621583682276318,193.11159466926165,112.76848296140736,3.996632548718492
a71992b8-9943-4961-9e37-7ec4a61dfe88,2969.692520220565,2.4015378909770204,96.77539669701306,76.08414627352973,8.37036317585704,3.879794560693358,157.0410069184004,75.9393710388817,3.8309668225780498
07f45191-4573-48aa-b44b-e542938ed53f,3382.4137582018957,3.0534366290620256,111.3068985841589,98.44754132011865,16.41166440982517,5.1767035583704315,170.96306025195685,120.17076766876183,4.111836231436254
8e900e33-682c-4bb5-9ca5-829ea083352a,3559.0178843202616,3.494572028810045,113.56102577208836,109.32354938635095,30.940654208956026,6.430530957392648,176.49060809477263,148.07916356857544,4.0839653321934595
05bd697b-7c8f-4b1b-9e3c-8587ee0080ed,3367.5298127893316,3.4114800278363178,103.68054018747395,117.37210742363425,28.883216274149675,6.151379511105649,156.38149714475088,164.00291844141262,4.021497936894847
09e9b37e-b5f3-4814-aaaa-641dd5998ae1,3035.6278724130834,3.2867284861768327,100.11320066084275,119.10745241204657,24.787208009587427,5.854756373373628,147.0910637156463,168.53619127111307,3.8457772142657474
d4939765-8d27-46b1-bf1f-753405e43fed,3502.9930689610337,3.284463314888108,101.82130088615463,108.23129111400843,21.984703689647944,5.744709239203016,154.6747016533494,149.2510923940648,3.661626913365525
2fa09330-461a-4a40-9af2-d8ecba7b129f,3682.610721612934,3.601466155961153,123.29820758736972,111.17522192047974,28.026084123601663,6.612873147271474,190.23514251817795,148.26558669255866,0.035245738805146164
e678370c-3939-4c29-bc29-65d5d4adc30a,4281.051650127212,3.95839896443442,125.45929205641775,111.8301743618023,33.66202167980564,7.384765660506673,189.47159003661812,149.6784726648276,0.029839984115859485
5040c351-6a33-4f7a-9178-161e96da08b5,3608.4811881258042,3.7240171482879205,129.9039848365764,102.17693029537371,30.172968687847934,6.899892263283343,199.48448731776452,131.51808001727903,0.09892112028500728
0d3a645c-ead6-4ce1-b85e-4b88753d342f,2952.160135880531,3.446634249035123,128.35210615545324,89.78863895006077,25.912637607975903,6.392239647107353,206.30609983913274,109.9113674782147,0.23170275858825562
10c1bde0-fbd9-4a85-a68a-5b55bc627290,3475.478163464531,3.8660751281995913,132.76711846892584,105.06594555632515,34.15221999889414,7.212209386205581,203.75742986676022,135.788790314056,0.09705756997427158
18abc46a-4cf7-497a-b6aa-853f74a90402,3576.2343097422017,3.573835397657971,117.45823835886515,105.48419534753482,31.276755197420528,6.553788026728599,184.65722900141026,138.13706489249475,4.1592970373556355
dceb238b-6ade-426b-bd29-8910eda606e4,3646.5242218052963,3.494830216709169,116.59948761782206,116.24430781803855,27.347186199050633,6.193656893808146,175.4929969608977,155.66139181367015,4.0322399823904345
bd49cfd9-436b-4286-a64e-df1d557b5477,3464.10921816189,3.6598920960288277,124.1205459485811,112.69104143065447,33.33592575277262,6.740615655796695,192.45016942802056,150.0205462402904,4.041557851194957
8fa22e69-a346-493c-ba94-050d9af80dc7,3867.033004838014,3.579220813422829,117.34154155820389,113.80990194359728,29.91823714637752,6.440780577577939,178.28784403432232,152.64603353298662,3.9541217508692093
8132f0f5-37a8-4121-ba19-620a1fe5f5e7,3710.9133461136457,3.7577439268653663,123.82759314461569,112.08097153544952,36.8119370760287,7.024270026583613,194.16365420095062,150.7110221780552,4.203522589927081
834d3684-17bb-4ee4-8da1-cfd4b1164b23,3585.172290418201,3.43960007613009,116.06721303107693,110.57868961275157,27.204783632028146,6.156740563761254,177.20169179584147,148.06616865648408,4.088617272434115
645e6b14-7346-4b24-864d-839c843cc8f3,2457.407525861007,3.029646093605956,96.96998852949548,120.16406480333069,22.00709853037818,5.219219665369413,135.1202189019548,177.02337359879817,3.7849602227888384
63a9936a-ef40-4cfe-b5d3-ea1c1c697537,3275.2070961915683,3.569271700377391,120.84475590114616,106.74393034790987,29.64437921907396,6.487276380387061,187.6406787894034,140.87164080112825,3.9836157420782667
4095f85a-bf18-4685-9e81-fe4fdec68981,3086.944737506895,3.302143317466021,110.6419961246625,117.34466070973716,26.259331852453716,5.848664532862854,164.10782597796688,166.85291241211158,3.9385162791504094
a933165a-174e-4bbd-9ff1-1cf44885ba79,2873.1401816946927,3.0740541388203657,100.33652097482177,119.01661757305187,19.110757409567675,5.226100430889714,144.41761120152034,169.06345917043404,3.918757712756412
bdc3e3a0-7c93-43ab-b135-7353cf6fde20,3739.794058708011,3.553035032585413,118.23175286884694,115.85498879869871,28.80424723405921,6.375580223324929,181.9507382351672,153.4656741775799,3.92885330806089
