track_id,launch_spin_rate,apex_t,apex_x,apex_y,apex_z,landing_t,landing_x,landing_y,landing_z
065c1384-11e8-44d2-bf1a-db288c0ed636,6739.534096584566,2.5674368587551997,40.96297529348813,92.04240719622649,18.452388775340548,4.942948618424383,71.68130443914359,135.5101221593753,0.0610000000000002
a97c3116-70e1-40b2-afd4-1a00b7147363,3808.5970272737654,1.4311099810176016,19.99812773197036,66.64078455533333,7.327677142487492,2.7539225287242908,46.554638414952855,94.86256454353409,0.0609999999999997
c2dd368c-3e5a-4ed9-8e6e-db8551dd47ac,6248.5539993161865,2.435948922201664,53.76517642333178,78.36289072160801,15.214402037674118,4.601979040921895,98.20051316953558,107.9036056446715,0.0609999999999999
dc80735e-d8e3-4716-a20b-73c189f9895d,8995.352997581802,2.6470600842761365,40.54427123533016,57.61190063232841,28.812353419238736,5.542875098664311,82.95669483102014,70.30370155096197,0.0609999999999999
9552ec97-ca7d-447f-8d11-5b17bd3dd31d,10122.377142335885,2.4358625558975318,32.0160691487113,62.2875960931676,23.710160417372215,5.001306600592615,70.6871469737397,80.67560374283443,0.0610000000000002
58f8ba48-c1f0-41d4-acf7-5f03009f021d,9410.838739006196,2.4869780816620017,33.60734157655142,63.75828038788396,25.604767970882445,5.141070606798811,75.23193003106317,85.53356608851043,0.0610000000000004
d6e63f52-a798-467b-a0f5-f99e65bb95f2,9379.121713503826,2.5090214777394904,37.03999071778596,58.644927316014616,25.844774436113955,5.229883892996919,78.03927930745411,72.22149948434969,0.0610000000000004
29a7d003-5dd8-4bf2-a5c3-b43a0e62f453,9443.692468865553,2.058421673994536,22.15419854617079,56.31261731077067,16.732895868975895,4.18850890957155,55.81802695468917,70.8109712404369,0.0609999999999999
2557cc62-a469-4998-bd82-3ac4a05b6e1b,9863.78337065702,2.5514856870706244,34.81677786012424,75.19547123129627,24.272217940449718,5.22118575960424,75.87138342961731,102.7642740417574,0.0609999999999995
acfa182f-177c-4d4d-996d-c573e242e566,7936.076072613607,1.9122546114136756,26.190693860250835,49.84397084469736,12.846499975788245,3.8383689382652113,62.677459360606235,58.6892508557079,0.0609999999999997
0486ecf8-2e97-49b5-9e21-5da6b7780770,8952.53855277625,3.0012090561554787,63.13247423521155,81.33893673223893,28.63319820255924,5.962048213737518,115.37127275214522,106.73034685208424,0.0609999999999997
ed127a2a-c0aa-4757-8860-ce5f98df69c6,6419.561840673571,1.5041026618745692,21.043721719437595,46.087871755012934,7.121574866149787,2.975774606091065,57.166911757337346,51.29901234575319,0.0610000000000002
d2bcae15-56d7-4a9e-90e6-95799e3a2a35,6357.298857592758,2.212133651760076,42.72798893677848,61.812852144534304,17.563814370747977,4.442890233339399,93.05405868350981,75.02816013613831,0.0610000000000004
72c0ba08-8f1e-4565-8717-2324993544a9,6022.355132420098,2.2237410326267826,36.91587862822806,65.11212672556607,16.471767655704614,4.467466422632592,83.29359111411512,87.3749240240522,0.0609999999999999
de5c76ee-26b0-4d84-ac1b-c4ab47500671,5044.944846018026,2.1601228231175655,38.95052156829382,68.96948577546476,15.027653556821875,4.337238969935903,86.16359933065934,95.44518208291699,0.0609999999999997
f129a513-86f6-4729-b8b1-18d1e4e43a56,6045.208137077955,2.2380925750925984,37.81294316529247,58.07626319978434,16.91131459469374,4.480305398196026,82.67803868012444,71.46526620058933,0.0610000000000002
73067808-1bfc-4cc6-b493-4c447f40270d,5417.927683758628,1.468835236311514,17.865117188360724,44.18406303492532,5.882760659340262,2.7801574678705636,53.53030752111403,47.19957192993686,0.0610000000000002
285280f1-1f6b-44bc-a2ef-476010e16d49,6041.685317173147,1.9462968164082664,31.799503847739956,48.18902813310639,11.186627174181332,3.7552925963200243,72.33479714845133,53.801047326953054,0.0609999999999999
be4dd272-b23c-4e97-9d12-f5ccb63cbd29,3289.707434130733,0.8954907748561112,7.292676705350946,51.55955001464551,3.8788414553842814,2.001076876941043,37.304423123564604,73.51325059784833,0.0609999999999995
019eccd6-c8ec-4628-bbea-64799279497e,3286.6131078086596,1.0132419715600773,9.324106575444416,56.679441147656746,4.2985401933556275,2.140449450481372,36.04964183544834,81.14184945785797,0.0610000000000002
76f72813-9fef-47a9-9dbf-e4b5d89c9186,10215.309194244757,2.066977164668201,19.587257597399475,60.17206392675474,15.227368879362254,4.0960404548955935,49.785078930106174,80.1728727468408,0.0609999999999997
b23e2488-da48-4a9a-ad0d-d4a4cc9471c5,9872.146635437886,1.9031038757386773,18.66489921356465,60.28549466890353,12.141833091847676,3.7566383742175047,47.75220599513117,79.6987196193478,0.0609999999999997
a3a794ff-3a50-46fd-8b17-56a2068e39fd,10346.566559778114,2.002118267493698,20.206551885109697,60.31563818533745,13.625799163094571,3.9647834067686243,49.82616265859215,79.71495901888649,0.0610000000000004
f2165cd4-8627-4dcd-b620-b54cfad875fa,10076.83985714222,1.920606246554374,17.584835849615025,59.6502498582177,12.873338361939252,3.7922815577564113,46.403529350372864,78.90697033053543,0.0609999999999999
804862ed-3f03-4534-9db7-dda652f24387,10272.027435373548,1.7988235713018121,16.008275182235796,44.17288471106898,11.534930654072816,3.592468707806003,44.36345959176712,51.02594587376537,0.0609999999999991
fbb23eb1-79e5-4f5c-8fd2-07d12590f9ab,8664.841669356816,2.4432127214981274,45.474689039679106,69.72637498530027,16.961995862018412,4.7783562880744315,87.5422447110067,93.0176997245575,0.0610000000000002
a29cbdd8-393e-4c90-97e3-00d9624e625e,9160.579789963267,2.633161905073849,46.89012187502152,72.82581455874589,21.673339448938492,5.225909236471441,88.82598497550784,96.88736927417636,0.0609999999999999
0ddb7709-d9f7-456a-a227-71c9aa57b9a1,8850.370556913067,2.5312035678884364,43.56854552606316,71.0268752283824,19.914574280507498,5.007710321836014,83.27863705513509,96.70440258739714,0.0609999999999999
9a4ce044-d674-4cb0-a8cf-e330fa857125,8332.344950142091,2.456051377701496,48.102210549756386,71.25956669650635,17.715580233030053,4.84269049243763,92.94046131819445,97.66048250093841,0.0610000000000004
d854cda9-05b5-403c-864c-f6b21d9655ec,8552.641339613989,2.5689699926054255,45.507329617548756,70.96593433762251,19.82754127461103,4.997790727421351,85.11162424971998,95.49024362208336,0.0609999999999997
bd004b3a-5a67-49ee-b5a5-afdfe08e5aa7,6242.986863297248,2.5044050602263987,57.316412727106474,76.86563732082264,14.918283585895642,4.677422111948138,102.76379031786941,103.64869940506225,0.0610000000000002
bd39aa44-4555-4e73-aa42-1757251a92b1,5476.6605404330885,3.025152970220796,77.92005537878995,85.37789127796754,22.96691626322913,5.956653402510486,133.5028707711601,116.58029363822274,0.0610000000000002
9d5b81cf-3435-49b4-a8d4-7f2ce906312d,6087.1690177291875,2.5989570935613555,70.72637573050667,71.36480788429006,15.18540909532212,4.781811020002684,119.27370231550063,89.94678479856678,0.0610000000000002
9fbfdeab-f375-49a0-b030-27aefcf4ebe2,5400.096232324851,2.370723448433127,56.50452405654338,71.09230272070343,13.195890838748424,4.444393655887723,104.78596539090904,93.23201491399162,0.0609999999999999
f9636e73-ecd9-4959-91b9-20e36e651231,5941.745268598758,2.9463413753633736,73.10438296621166,83.17411527074431,20.947475418268407,5.583480980048247,123.33315850073778,111.58841069644066,0.0610000000000002
54c5a503-27ec-451c-81e6-d610eef73666,5725.788301486985,2.6018382495868932,64.77035078784847,81.18809839950217,14.046548563323038,4.694260559675923,112.15081272007792,107.19427558208946,0.0610000000000001
87679773-3eec-42fc-892b-b143d4bd5d6f,4922.24526130985,2.60548912132554,76.35916669676425,63.72824180371236,14.310652340589906,4.737461692404563,129.20043220311769,77.42784481470373,0.0610000000000002
cfe21f1b-2c25-49b3-8b18-447161bf8e12,4649.56142856738,2.393658574151117,64.15290651618483,62.36191978756957,12.765422247982485,4.447216199177217,116.35609973279759,77.63492944978998,0.0610000000000001
5edf441b-901c-42b3-8436-39c6fab563bd,4953.2886457427185,2.1346386428102027,59.86936342765837,58.54592151622622,10.878861493946378,4.0067256383157615,107.4910643521125,71.54920825640352,0.0609999999999999
71979658-b314-4131-92ec-87529509adb8,4725.592279715102,2.748833803202405,81.13047218293815,62.917833197134996,15.917303686688685,5.048534792623061,138.8611253704415,78.82100598496925,0.0610000000000002
271b6452-9b23-4e6c-be3d-8e30b0dc4910,2906.2410701399117,2.9554674754975006,94.17807288454533,90.80212213797107,22.08896986748131,5.720609957955014,165.76044146830384,126.27842645524746,0.0610000000000002
67f65d63-9f7a-48a0-b120-910512f23427,3224.714190512769,2.794355917444846,93.26326101323498,100.49894035244337,15.45801536157457,5.265109084808475,157.42841644722645,143.9790091098114,0.0609999999999999
95b1bfbd-c166-4b6c-a980-193fd0dc2ab0,3947.5530446735916,3.0769555342055015,100.46159144589612,101.11520232642435,17.85949994004217,5.6755745763986365,165.04631275815277,136.64543437184182,0.0609999999999999
e50f7ff5-2575-4026-b5b9-6cab680afe19,3008.6506981349467,2.7998846167474776,78.26684043902304,66.01669021023476,20.608256423618762,5.538952457512652,146.36359855479864,82.56646669725784,0.0609999999999999
5d2114db-21d1-4805-becf-69734cf00391,2854.8046542092197,2.610571687408694,81.75466601927107,82.50570985243934,16.480082766423426,5.046653288967775,147.41351828967848,114.42860357708409,0.0609999999999997
042454b1-8bef-4869-8efa-95e7031f02e8,3472.0383169210118,2.731137947336373,91.19401979853824,92.04751294541732,12.841380950554733,5.091216431698131,155.03531530492907,126.7544010730868,0.0610000000000001
a2cf6bc9-2baf-4ff7-bc0c-267104b6d179,2095.391648391754,3.0116134243960815,102.62263282939003,100.3902152337148,24.83722696783034,5.844077710504016,179.06556513218956,140.81959332998005,0.0610000000000004
5ead2d3c-28cf-45b4-80bb-517f787c323f,2222.331880281713,2.9581702476928147,102.46675230404371,86.09973730347912,25.51181250023728,5.747724292606982,180.62623100110716,111.06789471004505,0.0610000000000002
205cadeb-9451-42c6-8aa0-70e053b96fc6,5669.791653004052,2.183668498291593,49.346714989722614,67.8217397239319,9.07521797840006,3.942471953061769,90.54919547985213,87.4497125347261,0.0610000000000002
94c42ee3-5858-4f12-8bf3-4a6c1ddabbb4,9910.71139521835,2.745355763964175,46.50826651367886,70.80020931220942,26.52277817450525,5.53544243144246,91.31338513176273,94.76501215771418,0.0609999999999999
aa1d0fd6-5e2e-4832-9565-3f6b32769e92,10183.046401776539,2.7748622543470134,45.87721890796476,69.90389656383748,27.52825450210917,5.640071433744854,89.08943478683477,94.86569765108389,0.0609999999999999
667ccd2c-9b5b-4a22-8411-90cbff82d9e2,10296.04408821027,2.8957785004593166,47.050976917219955,70.41137433288826,34.261462309490355,6.123101274034442,95.52483559748484,98.5737346021188,0.0609999999999997
18cbdb71-2f67-4e74-8702-b88b142b1a49,10496.03669530243,2.895516067232654,48.424681973871124,72.74480386621545,31.457015938177488,5.983605839342151,93.64146215372377,98.65180575504773,0.0609999999999999
046ef719-e596-4bf3-a6d2-0efdc7461188,10250.579559012702,2.8967140810056007,50.15685518541174,73.6284884834815,31.269389797866,5.972711686161986,99.24740551905079,100.84693246084969,0.0609999999999999
f667e2cd-1546-4a41-b21a-ef797d0a4a57,9389.04131475092,2.8274169965828064,52.40329931526539,73.7535397332743,28.364726966246074,5.81195775115856,103.43170400423234,102.23297372942362,0.0609999999999999
fbc599bf-8339-4657-a7ac-0e086d546b67,9470.30811343846,2.8939953284649524,45.707345355079724,75.5928905153529,26.9287991627919,5.728055097665758,83.95352244937311,99.43825236335506,0.0609999999999995
8b516507-24cd-482b-8d16-8a57ab38fbb9,9044.015697101095,3.1125497619290345,64.35846412589272,78.2579266143664,33.694931816412534,6.3943074247125455,115.91083658043755,108.24455688865764,0.0609999999999999
5d5590a7-36d6-43ec-9055-94f1da1c36cf,9252.146132791815,3.164071488014024,61.98946102221444,80.67828175354848,35.6741585645013,6.5696200944818495,110.03451931556194,111.5453023751119,0.0610000000000002
7f1e8c76-e15d-4af0-bf35-89ca627d3452,9062.275463278926,3.210336571136295,67.12533884540471,77.83894072988622,34.17780121641653,6.485333635273711,120.30521747046832,104.81435869681883,0.0609999999999999
26b6cff3-457d-4337-99cc-331955df85a0,6333.013719001604,3.3190620303178533,90.82547084984199,79.8552917923976,32.78275901597256,6.432864850466471,152.0847925668064,103.76025736987481,0.0610000000000002
79e47389-8820-44d7-b7c0-6e950b4f2cb7,5738.784260806552,3.368332980243772,95.06503375979439,81.97378813419976,31.192417475204014,6.506917559665875,157.35836618546833,108.64561988066718,0.0609999999999997
d74de485-c6ab-45c5-96e9-f83f4196b7fb,5684.349932819039,3.4034050825424074,92.87247510922047,94.42350373775673,31.707569775491127,6.53080071124842,153.0361154636973,128.45225755235487,0.0610000000000002
a8f7f150-6b4a-4d84-81d8-6a09a2ae8f69,5535.167429112605,3.360565187308839,95.95726873754124,87.41353462702408,30.364600035505784,6.4238980347988015,159.21399873600666,111.40621351408579,0.0610000000000002
3aaa3f0d-ec85-4e13-9f07-68441460bc50,10536.26849517247,1.7227831258722952,12.950518125989314,50.2474472870039,10.037578335569146,3.377330364191929,37.65749764847801,60.86902403634282,0.0610000000000008
bbb67396-abc1-42ac-85d2-30ad28fd17ea,9251.8358482033,1.7417346073797244,12.840868932026831,50.30525323703697,11.348354316740954,3.5129788579443684,40.282102195621235,61.866256419131034,0.0609999999999997
78560113-cf97-41ac-b047-8f39b6ae460c,11698.492385486934,1.8298648884625628,18.187826082825246,53.11313727034486,11.959051607398546,3.5655314850034108,43.038581773532016,66.20023076807784,0.0610000000000017
5ea7a8c1-23bf-49ec-94fc-da69d28234f4,9561.860116863885,1.8879228142596474,13.03087806293779,50.968561283635864,14.139324357452445,3.8346260516297455,40.32681052294119,62.631624538590124,0.0609999999999995
6cc72a91-913e-4736-bd40-ca013a3e8295,9578.424135983978,1.9864010528955287,14.419629343319784,50.64461845217812,15.537955508624185,4.025979955902576,42.384182697986446,62.00087348113277,0.0610000000000002
2f1acd30-2a59-4ecf-83d6-e89931ac79b9,8769.36836018925,2.33657463035266,33.64537524184911,54.00703684485821,18.133734105156577,4.665290765162084,71.49964588580609,66.17148427259056,0.0610000000000004
ba506784-037d-46fb-84fd-bd7c55df4847,8196.556424177783,2.3224841996649115,35.41607996347505,61.62530275695146,17.316956867623922,4.6400538338417,71.10464542582763,81.94498674240502,0.0609999999999999
170c3371-8968-4128-962f-7d9b5ac27875,7675.301900558093,2.2449394638643927,32.42753413392608,58.95385425953793,17.276611554015048,4.541379727691471,68.91315912145049,80.89352291174889,0.0609999999999997
7a4eeb50-e853-429b-87b8-c58c1da17c67,9654.56411615815,2.372628613681102,32.272191723589025,62.215119839028965,18.663465666215316,4.715013731881632,67.2448962915821,81.3442313972588,0.0609999999999999
b6887672-1f22-436f-83f5-6e7b747d4e1c,9211.737564805,2.4918358539490195,36.08983431675616,60.21941704001558,21.335838128728515,5.003712116702001,73.21764673896249,77.20700512954309,0.0610000000000004
2b2a55db-60ec-49cd-93ca-27fa33037678,8068.495381937164,2.3279747726198816,33.89841488585745,61.01455463517151,19.66389131245078,4.756798925638362,72.56568644305736,82.84720382919862,0.0610000000000002
ea1553c2-5c39-40ed-a770-03abe6f267ce,6250.9164783207625,2.4811496666803303,43.4533386147135,60.733835283392345,21.127651263578993,5.0302093513964925,88.09004510441136,81.78590164099069,0.0610000000000008
559f9387-ec7e-4f4c-a9d9-d7fa83de59ca,8731.900801086575,2.635819039553749,48.38389016795531,56.577897606243994,21.174383495448744,5.160750437560762,89.7631395748505,72.18467356335411,0.0609999999999999
491227e2-47ad-445d-91d0-74c64324e7d7,7412.605552621509,2.3550933662216553,41.460240538899484,66.79024007142485,17.861564216170688,4.764374195297756,85.65635338365986,93.95285198526933,0.0609999999999999
89cafbe6-859b-4c09-8326-7f78a2a35b40,6510.237012165812,2.3327783709040237,41.95797480818993,58.076471256536,18.1239754360266,4.6657758479991145,85.60935549888372,73.53856896582589,0.0610000000000002
77376e26-4b73-4547-bc89-7fc10dc9f8a1,6349.510959124799,2.573281501896722,52.56595364664092,67.78649272851638,19.495314263806154,5.044902264088503,100.37972836528857,90.89601420276766,0.0609999999999999
01436dbe-011a-4f2c-9c8c-ad0995d3deaa,6128.265433030177,2.528273865056681,47.3259291681867,58.1706737899102,20.676860914591987,5.009597085239372,92.94865022303766,73.89200498307764,0.0610000000000004
b62b8713-0c07-435b-9587-bceb41783ca7,3973.6885886442783,1.5008101575189479,25.835402346676783,59.20668028761616,6.892207287997255,2.9451401174535943,61.04301122878384,84.66978852684079,0.0610000000000001
3b572fc0-c712-45b6-a54b-a211f9a1e855,6544.151864796865,2.2711265262323383,55.63913361894651,61.17072694704006,13.087969089617976,4.335674507621333,101.33545578043619,77.1931867904005,0.0610000000000002
a25aebd5-1d5e-4a2d-a6d6-bed151114428,4933.523377141651,2.227136148239001,53.834853142207535,71.08951405866924,12.831137434182402,4.2545007491331415,97.67911480757608,99.02815535812317,0.0610000000000002
d7fdd9a8-1d80-4ab2-90c1-479a24ca098e,5115.511334981147,2.2949709235804976,53.3068845440348,65.49631436983024,12.504551653123123,4.363354779034137,99.56440501516411,88.81355251520004,0.0609999999999999
2fe63d5a-bf78-4bb2-a686-be1f39339798,4544.539093643015,1.7791215283182096,38.155854618439136,63.00906163728573,6.932483293457774,3.3172994885760585,77.8385398026837,86.19951178830763,0.0609999999999999
d7f8522d-0158-4495-adb1-59ccdf051f06,3846.1259900485434,2.4443977903249268,58.223864958613056,68.25182987820077,17.874144300011782,4.825535538514904,112.23878325109071,99.66943154962031,0.0609999999999999
4149f908-5895-43d6-9d44-703a5079ba00,5351.645749857922,2.7049591203188417,56.85891299493976,59.77634537603725,22.121899068629723,5.297088434187003,108.74551594840939,74.80575044443908,0.0610000000000002
c452a8df-fb9d-4b2d-9bbf-7d9acfac3c64,5054.228140969191,2.747474741483324,63.97978578139468,78.75448245617443,22.13957674165088,5.396438466171874,115.45014944033584,115.63233401365636,0.0610000000000004
460f06c0-b95e-4241-8a71-b501e838bc2b,5686.588004945203,2.635136872712745,65.17692566096565,77.3796600507255,17.582001333140916,4.959152781590293,112.41474199454181,106.45920489167568,0.0609999999999993
b39e34f9-1029-4c25-8cf1-6296b79fc83a,3755.336354174913,3.0208826519790386,86.86529865225428,65.8546714024621,26.488633726534733,5.970802253090474,157.83574478818628,80.97383506511181,0.0609999999999997
bdbd98c2-58aa-4bb0-a104-e10b74b644d7,3351.8256672993107,3.084743563090687,88.11159789842789,78.83962472828293,27.55328535286764,6.099185184876584,158.99167713553493,109.34847257772667,0.0609999999999999
4d93adb7-e8af-4862-941b-ade9eea45e72,2557.6004995480275,2.6520273350633765,76.17529159948819,79.04368230875643,20.40128931772377,5.221378079135674,142.26532876665377,115.29538901820636,0.0610000000000004
3879122c-24b4-4286-9e3d-8259524ed42a,3429.1559251216368,2.9063286567733146,82.25429840849125,83.3827513315605,24.467985240658038,5.646764237668919,146.49074142604272,119.84649031469439,0.0609999999999999
6ec38a2b-eb4a-41ea-b66f-05fff95cdbd6,10028.73966576192,1.9175033487901594,17.205684468705442,56.0650119948089,12.540530319941238,3.7970648209731457,45.640401263492514,71.95390036025596,0.0610000000000002
e91a8a1f-defb-46cf-99d5-5811bd73963f,10864.009426128787,2.227427363929532,26.551993883236925,62.66851557294341,17.561875578858192,4.456803493952078,60.158976627915436,83.16968771779992,0.0610000000000004
3eb9384b-5a9d-4ade-ae62-a7c1be2558ba,10386.079610111563,2.11415505647871,22.65155125282447,57.29304118870078,15.393757209053627,4.189011358146606,54.065110089571945,73.17443836580769,0.0610000000000002
ff3b20c6-b531-40e3-ad06-01a9839661b7,9687.376919091395,2.070183144857654,24.243254178852627,61.7294822527313,15.002133418427833,4.16373705013983,56.96199563492733,82.44931990439711,0.0609999999999999
f9a8bdb0-87ad-44a1-8750-8afb20b99747,7010.708870785309,3.0903430004422394,71.6445697455093,83.61185034605202,24.961372745801683,5.913529941086576,120.03839264903607,110.93123893144853,0.0610000000000001
4eb60dfb-095b-4be3-8253-45b92fc87274,6101.615010355627,2.963012908126546,74.33899694693,85.22211205950869,22.16165632146847,5.606489996524863,129.25931751382527,116.05165161248306,0.0610000000000002
4bc6499a-d45a-4100-9e40-08df54b338bc,7316.940479943698,2.954604369612848,65.99482310705761,87.39767381968895,25.15452096190114,5.963214750117673,118.09199994202214,121.68293792235367,0.0609999999999999
a7665d5b-a238-46ad-a349-e269d1e8c226,6194.6410620169545,2.5900200229193837,59.99517650825835,80.63639720085244,14.46530415899765,4.7078718485516236,102.64854164610908,109.90827576600357,0.0609999999999999
7acab961-836c-4b84-99d7-d58b988ad51c,5908.86676603682,2.5525092480988416,61.03617000120394,80.81726629211006,15.00521935637309,4.717065060137109,107.49341038330519,109.81384242136551,0.0609999999999997
ed976902-152f-416b-adea-46b5302bac36,5440.041184538062,2.83857654405195,69.33061597302493,85.8245545349736,21.159747337173037,5.385968248154005,124.0435780874437,120.64215362076098,0.0610000000000006
c704d1f4-814d-45dc-9d8c-735336b227a3,5705.662718284341,3.1284368482982514,79.9352964860964,96.78629815009859,21.293268197015976,5.967160496275805,129.62584892418465,133.44834458324772,0.0609999999999998
fc739e37-5ca9-4c36-8da6-e50bef08d2a9,5316.5317184711,3.1218452400301766,86.03580286245632,89.7098760330681,20.845280316384994,5.763446172293695,139.92026419417618,117.95995426203055,0.0610000000000002
89c23458-250b-4b10-8e94-8d499bdd5498,5607.440902051978,2.9836291186435258,77.51693763520385,90.81489983808235,20.330491510592736,5.632907929209537,129.93992095235072,126.5339988312032,0.0610000000000001
6c86624c-abec-490e-be37-360da0dcd20f,5209.331400696794,2.471560496887517,64.66331266327067,80.63887409996136,11.549694897943706,4.419387349856972,110.86731888276788,106.69202687771843,0.0609999999999997
44e63caa-fb51-44a2-b544-aef1dd698946,5327.972862315897,2.458566587771681,69.99772962875805,76.27612651659244,10.08654438144288,4.352634380496365,116.28516618541175,97.56664374569296,0.0610000000000002
864c741c-d150-4079-b123-52069dbeeb30,5265.8711015343615,2.873959946737186,72.08564059871486,79.4800377471317,19.934590097041763,5.42311612670946,125.060865263042,106.7790760069132,0.0609999999999999
db7c1bcb-9538-4ef6-af7f-fd9eba7f0139,5233.59270440056,2.983620398866339,84.35376929141732,84.4082911261783,20.045821623756126,5.656671767917768,142.80630802961915,111.14463099275987,0.0610000000000001
2b7f70bc-cf60-4da4-9c52-4ed5b08cb0af,3287.3301449859305,3.2269916067918207,108.31732287075602,106.16220862569688,24.11346813584451,6.083026955470138,177.59754215552636,145.50331374751937,0.0609999999999998
10f71e6e-98d1-4f04-8381-4e7f9a582ee6,3278.929581160902,3.154548807588762,100.06273132583976,107.3676527529465,25.053856421403555,6.042552492352158,168.011736123838,154.79363907449692,0.0610000000000004
2a249c7e-6731-49f7-8ae3-67a6bb53fb71,4051.6782936121604,3.405910535496543,115.7878167374943,101.31134425102285,23.73539380554315,6.27536638253674,184.3650261932216,129.07010111566294,0.0609999999999997
bf6a13d1-20ae-41cd-acfc-3fd6ad892592,3297.7321538990846,2.5488868949801944,73.35966512245741,107.65252406538728,9.561441183190995,4.468929962186211,120.91843780587435,149.89010947589782,0.0610000000000001
2b8d7290-83a4-49dd-bda8-8eb6f71410eb,3163.9536124599067,3.3307992794361,118.82033389131762,111.23064766407569,25.38891438544351,6.149520343015231,190.36834248320753,149.83932836638996,0.0609999999999999
6d33bb9e-d366-402f-a5a8-5b9c19aeda14,2809.87777503845,3.2073626013127354,115.4482337024865,103.88214785930397,24.848006175356833,5.985859560446906,186.13196475607057,138.75702301597542,0.0610000000000002
a1bb2370-76c6-48db-a018-98e3bb26cc6c,9995.13885461259,2.523043416367011,30.145106277910322,64.30645077752636,25.755814013532202,5.189793773791238,67.11169475205328,88.15281283638356,0.0669999999999997
06f8054d-e9d1-4c6a-a16b-6200fd544c10,9912.350010314027,2.6181581116656636,32.50019472914086,63.89231855292672,28.42102471165642,5.444652796457945,71.40924448694533,87.04943282961754,0.0670000000000002
dceb788e-62e3-4b24-bddb-e1e3efcc7010,10154.249106476987,2.619475992217542,31.88487664337587,63.73757511655493,26.605770358810517,5.314831151735322,67.89398316063588,85.14848263869324,0.0669999999999995
dcd41b17-b669-4514-8e82-93305548c3a0,9942.642472492484,2.5194389937631945,31.475919506542873,64.60545127619024,25.38420488562985,5.210016499527487,68.3266094033767,87.65768767671256,0.0670000000000002
dfd6cc53-b67f-44c3-8a77-97ba2d3f1bce,6385.507057732581,2.423955094541141,51.50092029794004,70.18135106081131,13.614646948846707,4.571437232878252,92.52805268657025,91.99460922086524,0.0669999999999999
762a040d-a259-4d69-9844-94150ab0e1ed,7025.50247303863,2.920325116096075,60.72702975747104,73.41892484430862,29.076990245462714,5.945424132644347,115.38497769109944,108.22034898149296,0.0669999999999997
db76eae8-da8d-4001-8d67-9d50c99819a6,9560.067977420991,2.9376420720372747,51.07241886801679,62.806012056609646,33.18197732539843,6.097081736978492,98.20132696412283,77.26131778900356,0.0669999999999999
23b9b837-159f-45de-b5bc-748959019e89,7278.585467533012,2.9185337807435237,59.22939853465319,76.30778957518791,29.695247287213746,6.026071841616222,115.64680750359602,112.4547972556328,0.0670000000000004
0db70d1e-5497-4cea-b8c4-e1b100526016,5259.963020734454,2.898038203853795,68.15136299273809,75.75384154259069,23.148970328011785,5.631294438762547,123.07116909734731,95.71797564795678,0.0670000000000002
4db51cbb-615e-463a-9850-9bccaa3325c7,6340.345810850959,3.1013147279691937,74.01098634741928,77.82505886526216,30.03101000448587,6.272299050483925,130.23453583382522,103.42826207620104,0.0669999999999999
6ab3a8ff-956a-4a64-a439-6d2aa6461706,5804.682372966992,3.326931471663565,81.24728752995391,80.00157866329353,35.336264376092245,6.7418680900059735,142.21213774625753,115.79658929112581,0.0670000000000002
f99fec61-1540-435d-abb0-ad2e9f347880,6002.248318418573,3.101921121602717,74.1815588672928,72.55527559784696,27.9813721961965,6.087733480069829,130.46779961355668,91.17311357893313,0.0669999999999999
223def40-4905-4699-9354-7d96880c3974,5099.418000880778,2.972916960239831,97.62455258669449,76.05547519368608,11.169037379727428,5.2471058406348545,154.90641073594617,96.97156397527085,0.0670000000000002
80b8fec0-f656-419f-bccb-0998a044b4e1,6060.651667798435,3.2774771180009186,90.85465332836648,74.63039620113295,31.53184351908425,6.3740820756847025,156.7714037559351,90.6945962559673,0.0669999999999995
ac6aad21-2318-48cf-a2d5-6ff48c1dc9af,7074.762639779904,3.203970223225509,84.29211988041715,84.24083716349318,30.98685571897783,6.4603752346753,145.33263883787782,103.18556304391188,0.0670000000000004
877c21ea-833b-459d-b98c-beff651c2d12,6177.208154000391,3.265593931610898,88.60696444237053,79.74930279815376,32.09139656999567,6.323532996188719,153.5159722526946,98.28591264380633,0.0669999999999995
f93fc728-de04-49cd-bb21-24b9ef3f4620,3734.5340819190037,2.3083756043462897,79.33542104960071,76.80080895863819,7.532237613958065,3.9243241672826343,127.81821754939202,88.73911859731287,0.067
37e236ae-9cd6-4e04-9f31-bb7c00142f2f,5556.320212941326,3.43705532617067,102.00029703933463,86.65819903516244,32.210628435712344,6.56905076066738,166.59311999389934,107.69588737043848,0.0670000000000002
9fd0315d-0c9e-46ec-9548-c818337272d4,3558.188546681932,3.3293464397958035,112.53201663449057,100.66958721436227,22.741189628051615,6.1423823726579885,180.4663751092502,137.77859372212853,0.0669999999999999
55341300-11e8-4ef7-80b8-8cf8fbc54acd,3970.5456177204296,3.4274959079905654,111.67129810855162,86.31656556768283,32.57597222777737,6.6584091690731695,186.7622855701848,113.95964031409324,0.0669999999999999
71140f76-70ab-4870-b3c9-5f74b80272f6,10799.513086965657,2.4903310163240113,28.923845355336297,63.642292589746624,21.229373266085908,4.899193242483971,63.2848726103509,80.91566572176897,0.0669999999999995
ca069d1b-5211-4b9b-b2c8-8aab251ff0d3,8491.495500474675,3.0553891420637016,54.81700043168862,85.21395807581825,27.84650857367557,5.984752255878315,92.41107562299149,112.73158767912182,0.0669999999999999
eb8aec0b-d07d-4bf5-91e5-edfc4fff488b,8609.695208720428,3.1697083862362403,59.06405517692063,78.12734789656339,30.53339751944929,6.2401977238947275,99.72026289598256,97.98546119867918,0.0669999999999999
967fd4fd-083c-4b39-a0c7-9dd119995cdc,8314.775014259732,2.9026207114294005,53.37073487971356,77.35975665181118,24.12673012454829,5.614634527388234,94.07348664475288,96.92953350963727,0.0669999999999997
495268ac-17e3-4fed-ac7b-5c3b7c8f5126,8962.335347272228,3.0134380510478134,55.83038550527753,76.50596101440955,30.02028291998559,6.129871182851916,96.84837446554731,98.51902686833571,0.0669999999999999
e0c7ad92-dd11-4ada-a34c-bb3cf98d0f3a,8555.995926570573,2.9954037674064176,57.70130696271407,84.85964705803828,26.94638207044602,5.889015109827133,99.05381976354147,112.83090750430792,0.0669999999999999
88ded410-842e-4fc0-94f1-499f68f62fb8,7565.61963759702,2.793779369991803,54.099101431052084,74.6548705952379,20.88754172231389,5.306498924779974,94.36940700137562,94.22577250594652,0.0669999999999999
f4ae1e4e-8966-4931-b119-8e390bb55724,6388.831419740351,3.3131126437086613,80.44270196339129,85.41320267838029,26.34121867999052,6.188884613299578,126.11579663662808,111.38043911765351,0.0670000000000001
86c4f33e-9fbf-41a5-a4d4-c7d8366b1fe3,6024.731083398255,3.1141673869590614,74.81771114139437,90.4283147976088,21.53628544659621,5.872560828984948,121.48178606671219,118.44420752816202,0.0669999999999998
8e951d08-e6f0-43bf-a1dc-31eed5bea6c5,5076.248004473787,2.6099217430049744,58.81818845749835,87.20484004808287,16.23991739693579,4.868551236180285,102.26521804876614,119.31680491085828,0.0670000000000002
91e95fbb-0a1b-49cb-aea9-812d8802b36f,6241.677755978472,2.8769279560736623,73.34746096985208,79.50413041479737,18.763068409790748,5.170326456421213,119.05339069645666,98.75777857612795,0.0669999999999999
b6d48086-3fca-4523-a362-5fd2fafe9af5,6711.49333105064,3.210893866315787,73.95988344187795,83.78544430847262,24.60561898664569,5.955828173168332,116.23997627897045,102.16914795083294,0.0670000000000002
77e23cd0-364a-4071-8377-81ffebfbafe8,6220.411104296556,3.1531616374077465,73.88532889377333,87.99427854765835,23.221389172272776,5.93582623353679,119.9130153469025,113.14534780375386,0.0670000000000003
e8688d9a-0af8-4481-af88-b67708bbf6b2,6477.018367782316,3.2113794070063584,75.0950238252613,91.70732350019031,24.14870921906216,6.057849191860601,121.98383187592623,118.69314509946054,0.0669999999999997
b8e8e782-a1da-466d-8457-27d261d7a919,5201.709419715134,3.2766740848845934,89.9249270374831,97.57561352849193,22.380653893485277,5.911377545271975,137.64106654531153,124.05516330420244,0.0669999999999999
d7080c73-1e15-45fb-9636-79ea9fc439f4,6441.312341607479,3.8019642422844013,102.87047945337198,92.5097001525239,33.12238239784098,6.9437502724498,157.11357272633336,112.79848220881584,0.0670000000000004
c30c3fe0-b9af-4a0c-a026-8ebec1481e32,4832.936406824061,3.2556407408267365,95.10640165641414,98.30971455882849,23.80328718800681,6.033404264142387,148.6706646578532,125.94095416065774,0.0669999999999997
0cd3e601-f283-41f9-b53a-7836482e7aa1,5497.479931720222,3.3003163694522324,90.24152961850248,93.88075735118485,25.700035608006864,6.290442115929938,146.3240189747308,118.82820382878184,0.0670000000000006
f76cd753-02bf-4a46-81ff-8c71bb56a120,4515.228658257792,3.2245107962260438,90.04919755109051,107.85439144022745,20.13960511510496,5.795433369929671,136.95897467151954,148.99383299681378,0.0669999999999999
f0dc4061-86b1-4433-be8e-59da36e77308,5284.3912908263255,3.395534138297686,94.29410805325233,95.57458077587675,25.6036647423399,6.228131466399468,145.96942409151998,119.19048215775436,0.0670000000000002
b3289e23-5efe-4fd5-9f2c-1231bf9de538,4653.630127028467,3.867190282413716,123.76486849696825,101.34020376134687,36.909813641661415,7.3134021523958985,192.9550568101081,123.47507033488978,0.0670000000000002
fe3a1ae7-2ba3-4181-9476-8e1de59cd29e,5092.407792915667,4.106173676741876,126.90208682874277,99.59826860099827,44.408133794324776,7.880033057647133,199.2004860749616,118.20877561286669,0.0670000000000006
54cc812c-71c9-4f0f-a031-a05b54407cf2,2959.7599709351916,3.5174883832655737,123.04059687806259,102.26044430638956,33.52947077129478,6.799213430407108,202.3396505135944,127.49016182910665,0.0670000000000006
e880378e-9e40-400e-850b-d9dec4b015b3,2608.094705516781,3.32308735685609,119.16364388076184,104.33780418030868,27.319012085000278,6.185023428286943,190.07152085970694,136.81682715035078,0.0670000000000004
20c008c3-2215-492b-a00c-1cdf2bba7032,4651.327214977408,3.911017696151937,123.73705324562708,106.15855465890354,39.79948346781953,7.52645311291369,194.64939582941432,131.06156297039598,0.0670000000000011
7f49a623-084e-4d6f-ba8d-066245df8cd2,11375.145001196397,2.3170766619360954,25.41613223726005,63.60386313969158,17.57103194464925,4.52015820093855,58.092065497711594,80.49880885415182,0.0669999999999999
4aff5ba7-0ee4-4c57-84cb-16e5c9a2026b,7668.7350747998535,3.0339208001803355,60.734421346975815,73.72201612000842,25.644203241484504,5.816168154109069,104.16306003388722,88.82026947402267,0.0670000000000004
95876682-d891-4f8c-b902-67b8682e96ca,7400.205200668102,2.914968981887222,60.0592083500166,79.01874607674323,21.683921926476525,5.455740309623325,101.42358024210587,97.67197573056552,0.0669999999999997
263279fd-49c2-48a4-9b11-daaac0ef68b1,6977.137775536827,2.886827534562313,58.23001116431048,90.36335285296636,19.75785412073332,5.403291722243065,94.14952440011581,120.91780383985162,0.0669999999999998
23652c18-a3ce-4963-b1fa-562453bea92b,5418.582521366102,1.7044084657286658,33.896246129636495,52.808653089141345,5.063798652303188,3.104031567153726,74.13249518958743,56.014328575682164,0.0670000000000002
ba7decbb-a3e6-4f9a-85b0-8ed8c4caa501,6476.260164274133,1.722383937415708,32.172878961029355,45.62212016834784,5.332141650167798,2.9684308203917733,71.66828934851695,43.01327396898643,0.0670000000000004
f48eea87-e3b6-4451-bf6f-14335b65061b,7982.768830374291,2.938182594832082,57.5945017717786,86.33262893423095,23.187155817804623,5.65192083457874,97.16618125652214,111.82561350736464,0.0670000000000002
71ee2300-f1d0-44ce-8e56-c919d7b773ca,8162.119528863935,2.490484464349889,45.815469060020085,71.39326704709411,15.873310511217108,4.710018862405975,83.64582187415874,90.83661805005555,0.0669999999999997
02fe4056-4d61-4f86-863d-0e4614466ba3,7412.304186031152,2.7308519673321707,51.3896226193011,78.44815656082582,18.151263720095805,5.037398506496759,88.41453675787724,100.32100344457686,0.0670000000000003
51df82b4-70b5-45b0-adb3-a073f2c3e7c7,5741.8680838103155,2.909119830195279,64.07995855324285,97.3300484679016,17.091592859271174,5.1149870439749225,97.4738512995384,131.31569202024056,0.0669999999999999
bcd96b77-ec44-4cdc-8054-26bb619c57e1,4857.128872633889,2.2169078712374923,48.52700597437533,89.04813760678422,9.778418292431537,4.062993095945227,86.76548923015409,125.54301977369606,0.0669999999999998
ae0ba863-329e-47d1-a47a-972d535b7652,6203.550417125835,2.759319732791101,65.24929061804296,74.84416496151333,18.1276989650716,5.159805111538281,112.43910710824058,94.58145569959756,0.0669999999999997
31106ff1-efa7-4bb5-8531-97d19f04de65,5616.06725202945,2.2954855644056513,57.419495524903944,70.97736311468147,8.439181894878338,4.078637699755283,99.71150809637231,85.11845284494316,0.0670000000000003
81a5bc84-7c43-4d11-9614-aa8754ae85b1,6198.248755842286,2.6260529171814784,63.2049945089028,84.37009043318447,13.75182767467243,4.635673620327572,98.22530672680162,108.25981498707135,0.0669999999999995
ae807e2c-d76e-46b9-b941-d27d08544e62,5928.806811183311,3.0458346801023963,72.87846472192592,87.57425505645038,20.372939408590568,5.577905592099059,117.2382322564822,112.45455202151595,0.0669999999999999
b90f5ff5-b2cb-4531-8f34-ac812e86d988,4903.931276220099,2.256609310315603,54.51193543603928,83.18457970880628,7.6624034532604295,3.902391238429513,94.45153696585385,108.33140361993628,0.0670000000000002
948db47a-3142-403b-ab41-1b1a02f773cf,6274.775976914346,3.139710254666512,77.77406713728351,79.924388516568,22.269687094818636,5.770824528050515,126.32795180735582,98.60136837190862,0.0669999999999997
9ccf9715-cc19-4cc6-aab8-ae69991d8edb,5667.910256277423,3.0683904145326304,72.08113376251151,97.47298649600106,18.496052298032048,5.363829148964634,111.00865801355091,129.102485582189,0.0669999999999999
aaf1a57b-9740-4f35-b205-02c9bd6bb69b,4424.500170431689,3.2029348412369862,92.7256374792813,111.71195129210759,20.24637509743975,5.80175844440671,144.26126419367432,151.428892423134,0.0669999999999999
9f89738d-a8a0-4a0c-b7a0-ce30327fa0df,5249.284529189113,3.056644330965277,89.21279122253692,90.10227147994758,18.2188615878595,5.639320166016113,143.85974675262804,109.41842794820674,0.0669999999999998
b2e7a90c-e309-4ae4-8118-997c66cb919e,4805.092518030887,3.274348903129181,101.56702832464089,81.33868946533846,22.659515165088685,6.113873252762142,165.7403230392976,92.24957310905472,0.0669999999999998
bb96f6f8-498a-4994-9008-967db85e054f,4464.966086301046,2.7022660858278114,74.54274642586527,102.85989470624713,9.490518869553451,4.659091991788535,119.44288754861121,131.94592782990287,0.0670000000000002
93f4669a-8f1d-4a84-8e70-2c44bf565055,4655.347053605556,3.7117633267718606,116.83820461530023,93.37290581975742,32.32193755325397,6.967678166989598,184.1930866561224,106.34335646075714,0.0670000000000002
85965b86-1adb-42cb-8603-1dae57f5d73d,3424.9623063171275,3.4908205327759276,112.9984926211766,110.07717221840366,26.843251701036017,6.543598055735749,181.06025720718202,147.65360515901543,0.0669999999999999
446c296c-d6bf-4073-8cf6-0f5087d16573,3124.877287330391,2.3731787255762784,76.97862354892104,96.90054339239589,10.007171683970745,4.0988379831058435,124.42707567436014,130.87714645839054,0.0670000000000002
5404be9c-1027-4f30-8f83-47da33be7f08,3089.4427970309657,2.777460416175295,86.02186864164528,112.78878710303891,16.589001075993725,4.975469856841479,132.71618380495576,159.9188300047605,0.0670000000000002
89947369-b354-4f95-8fe1-ad0ea17d5cf1,3247.850389389343,3.1587802113100656,108.21573945845915,104.1798677167686,21.38672880724164,5.791976345078661,173.00561848452736,137.2973840413502,0.0669999999999999
f5d26b66-e47b-4ad4-8f84-222bcc577f25,3588.728887776136,3.4728847241933174,114.96394698919991,106.41110077084642,28.293203168900234,6.507390872959617,186.9063101031011,130.0114527453294,0.0669999999999999
3e8f81a6-724c-431a-a914-838436a976d3,2680.7019318766083,2.3176826376099187,72.74925011717609,93.05121187815912,10.157060617103351,3.955124045247936,115.88714063653741,123.47103331334361,0.0669999999999999
d30ea4d6-c47b-4538-8210-13fad38aa6ba,4875.694307966589,3.7448304301023914,113.70848140104046,97.0901524539405,44.728779572619146,7.440782586263446,190.61949239758906,122.14874286127485,0.0669999999999999
fe3b4167-144f-4bd2-ac65-fb6417e021be,10114.875871082724,2.416257867229421,32.49559380746448,61.48728303311363,16.906701415525827,4.590919812419949,66.63533521562793,75.0829324534825,0.0670000000000002
ba16c40f-17de-4201-b87a-bf3b74ca72da,7771.162334415929,2.0628543009071194,25.892599164270475,58.69805331601471,13.660934444910847,4.087386423397811,61.478187403970665,73.01449255058486,0.0670000000000002
68823c62-5812-4de4-adc3-05ba88f5e476,9022.871626295064,2.392000039992762,33.9331747732483,59.79141123032385,17.844821646433473,4.686564782219476,70.1958105096413,72.45957625943318,0.0669999999999999
4c6be0ce-9e5f-4158-8ca5-0b6728f630ea,8636.063974152848,2.3464975514028086,32.79290246953704,64.97998373468664,17.611564934629456,4.653304386417965,68.69977888369095,84.79568249983257,0.0670000000000002
0bb3dcff-256d-4050-a3b9-cf0288787932,7731.962879284527,2.4677776726095875,38.3004149084937,62.342412470240184,20.19378167139994,4.933050757850125,78.28081262888264,79.2030771533781,0.0669999999999997
546120a1-df4d-4949-853d-683442460ab8,6077.610016424986,2.586670661190457,49.52190150381533,62.28055471042475,21.145918251490702,5.087368237950057,96.62538170102388,78.12742225137008,0.0670000000000002
d92c5923-bed7-447b-9d5e-6d45400facfd,6644.479515087317,2.604812234419526,53.131485463870156,61.328770300350726,20.74466158484812,5.127150136052227,99.62046527473213,71.88890302413621,0.0669999999999999
faa09ece-ac8d-4255-9d62-3d31ea13f800,7204.205714172006,2.569762368846637,48.15149921174618,67.57470810010304,18.835806182302484,4.990102334789462,90.51587276605795,87.54229714010091,0.0670000000000002
e0e52ef3-0e3f-4a9d-bf77-3f35e1b5826d,6740.986206861645,2.4833695657031996,50.252287207496096,79.11936103857599,14.781095335224927,4.664123514721118,87.66167858245949,108.11014172779436,0.0669999999999997
ae374ba0-e9fd-43c1-9541-dffec0b9ee62,6285.239329679111,2.269132290540386,44.354975496911216,79.6141476868648,13.110121637808295,4.304725607078997,79.12217266883025,110.73194726182557,0.0669999999999999
74cd5d4f-3acb-45d3-83d3-4a3dc380d9e7,8009.38336496307,2.5716529799848615,46.115416708390605,69.5403976140331,18.649004978632767,4.957649008731572,85.77006725587461,88.57324628227047,0.0670000000000002
4afbf286-23c3-4a87-97f2-a438df4da97e,6982.277060101899,2.5126899659442903,48.23571970053168,62.38235010511225,18.58522455987966,4.845934743921342,91.27913726727782,75.03759444086992,0.0669999999999997
c756192d-6b04-4073-8ab8-fa1ed21f360e,6438.439729644421,2.0907934028938535,37.32776037026538,70.36972924574813,8.934161178674575,3.837182670551353,69.49727648497488,93.0955289387338,0.0670000000000002
9a5dc9f1-2283-485f-8021-ab5061bafff4,6400.427505223378,3.0321789778819914,69.19079745794966,74.37786236921627,27.591437806875128,5.997613287542592,123.67703457487487,95.60441617701422,0.0669999999999999
059ed639-f505-41a4-a4e6-343ddeea48cc,5781.024027619612,2.9536223544566025,67.59054648771931,72.16844269021074,24.162611528130267,5.741741757326491,117.34381953040291,88.89512086653795,0.0670000000000002
e5241eea-cd1f-46da-ba58-a08498f9f286,6991.984600193002,3.0756551658528792,69.0796393136508,70.09549796644149,27.186018256108365,5.9314248012567905,118.24442273924713,84.90913063734631,0.0669999999999997
2bea16cb-c390-4a93-b213-b1e32078f09c,5395.844946741405,2.923325273106754,69.0389775420296,68.60693489851313,23.72924969232598,5.713941660698264,121.94509613271046,82.3173110481368,0.0669999999999999
7ab9617c-aa84-466e-b4d8-b1b821e38cb2,5912.52069866549,2.69767746478356,64.80731765881035,76.33099202623384,17.372573160275238,5.023810932594619,112.3967198722945,97.9042037286379,0.0669999999999999
0be6b701-ada4-4095-a7ef-251984472e23,5906.812925991544,2.9867551559124745,69.56763981236425,78.83430031675842,23.126973145428153,5.66156164594594,118.472810039897,103.29874451100368,0.0669999999999999
77445e2b-f87e-41cc-9635-df71d2969c7b,5539.152616885723,2.8522598054862716,68.89608465933918,67.7341785057712,21.542877360150744,5.466931525584527,123.94010300262524,81.22392987571304,0.0669999999999999
43918ed1-c374-4385-9764-101322c6d741,4419.49605222514,2.945912577690302,77.31624866779579,87.73425670831806,21.98622608578446,5.758391101679889,138.0552432709905,116.80886053298133,0.0670000000000004
8c6f7351-f8d0-4d1a-9bcd-24989f90a0f4,4258.261598281785,2.97060821348959,81.12722146805659,75.6453321338795,22.384892429576233,5.6221310716145565,141.84543405322944,92.48994397157408,0.0669999999999999
d63490ea-61c4-43a8-abfd-0cfcd2f61e6e,5612.486483384801,3.0590190255118275,74.34628846605597,67.7615267126395,28.12553308886168,6.0479295484853015,135.44489229572144,78.40734999307213,0.0669999999999995
642530c2-c67d-48e8-8f90-fe3f26542571,5764.273136040546,3.0107559031655144,67.66871217524992,73.69218548216158,28.056461958546794,5.979482736080772,125.3042586934356,97.19283001364491,0.0669999999999999
c2d0f34b-570f-433d-a098-eca71fb963a4,5160.104437936784,2.958432600416468,76.14724139170215,91.4937612887805,22.59447321584238,5.797766849661657,133.8715189819037,124.22667182616826,0.0670000000000002
17d4f07a-bcdb-421e-acaf-fb9106737094,4249.892913921418,2.8518958753999315,73.49219525347401,82.53040217647636,20.636351778287164,5.342179038616932,127.99468625028737,107.62880350154009,0.0669999999999995
f24f9ed1-0863-405c-a7e6-92af07d14c69,3535.5920455725645,2.8000345915201703,75.53473949740821,77.3270554278627,22.320139891873637,5.4910216682750415,138.19683302514397,100.86509189684617,0.0670000000000002
2d6d8104-a1de-498f-86ad-1818aa3d33eb,5068.094707972581,2.872010097563909,68.70420226443534,85.20422275291165,24.406071298888342,5.691560927687717,125.47324181834831,119.65938179840894,0.0670000000000002
2c88307d-6ee9-44b0-99ce-4b4508e77056,3928.9150504463705,2.8546813499901096,79.79197110422129,76.93844791586079,20.20770585517633,5.535189167752695,142.32665396499593,97.76290503745551,0.0670000000000002
ea3f0104-df52-4ba6-b299-a4633652a79a,3933.8814519889993,2.8371615787311733,76.34493390915986,86.59827092480242,18.571340661198136,5.342583545498326,132.2534912616436,114.14613386845063,0.0670000000000002
36d82e03-0870-4386-ae32-0b8a1eb736c3,2731.6332402047474,2.6802210997847045,75.42799808881674,90.00980447320191,20.357632568575795,5.42807804241284,138.64464099831704,132.79362132059617,0.0669999999999999
b11855c6-1ec9-46e0-8487-68fb8afad480,3786.7093556952655,2.9805370703757874,81.76636914620802,90.41828219340489,22.317595115217955,5.807759154916923,143.4346558336258,122.16522238103992,0.0670000000000002
5f2b6aae-b3ed-46c1-af09-58c3865750b0,8575.893450303894,2.610182451946198,56.19371671466959,56.04836082458818,19.15500067428176,5.093907237063997,100.8899512705637,65.60115766026267,0.0670000000000002
1c48ca77-fdb9-4fe7-8051-5660327ca78d,8473.351047187803,2.6095242204249414,55.957520185395786,52.79196452234945,20.805077318691488,5.2081059389888695,101.36239126918711,60.86209395614515,0.0669999999999999
5e5b23b3-051d-44a0-b3ca-867a899e2e82,8759.006454542992,2.5679098070295985,53.55649630977565,54.75346399410213,19.359014215255602,5.064811911654122,97.22509503902018,64.79555777049877,0.0670000000000002
095ecddb-c538-4ef5-906b-47cd0e119d9e,8040.514876829334,2.598990574096119,56.58224526663678,56.156985930947364,20.031477206348658,5.08359266545148,101.79500161375658,68.40556345325066,0.0669999999999997
02c39c55-543c-43ee-b8eb-bdc9adf8396c,8117.213233339209,2.6240234286487123,57.38035288460656,57.030593533023975,19.755001974335308,5.106722341663569,100.90230224244195,68.70218266057026,0.0669999999999999
af139760-ef70-463c-8a33-98b86fb771e0,7673.346892879233,2.646203966119235,58.71874791434779,59.430167005306714,19.825815703343892,5.1273692331179745,102.90370662788109,71.67902415670972,0.0669999999999999
eb5db723-9537-4885-9176-036692d9d41b,8914.076421536765,2.5019625435525112,51.94644996425777,52.79108645937758,17.41596073623245,4.883102674614758,95.6352661722024,59.77103717805768,0.0670000000000002
4257970d-18ec-48bc-8dc1-398c77ac481b,6176.313036063025,2.583164770887901,60.22174614024318,77.20298343087302,13.286230056675535,4.662846575982049,102.815188869639,96.63047635283037,0.0670000000000002
0c52f92e-c904-4c4d-aa33-f28818a016ba,5331.824549880486,3.056803455179708,77.33793598371415,85.81022837563042,20.957914040053485,5.780676176868743,129.28588806685462,112.50511341095631,0.0670000000000003
d9a6ee7e-28bb-42e9-9d20-a100f691a511,5396.883381091636,2.936601806194978,76.39815350429933,77.10405003397577,20.12893945479766,5.504482133736219,131.1515489415624,97.23702222865067,0.0670000000000002
e9c9b116-fdf4-42b0-8f80-0801006634d9,5218.418635543606,3.000358739635881,77.90468653759108,90.63108528080963,19.391995859556182,5.587481613617737,129.5333802576362,120.53144538919702,0.0670000000000002
aa2f39f8-b995-426a-8598-2fc405bb43f0,5561.202227280156,2.942371182449886,73.7636546028908,93.07212271639331,18.660629007247586,5.546768599164267,123.12855124868818,124.14620344838816,0.0670000000000002
e968e0b5-cedc-4047-8d2b-1eaa1aa8018e,5893.975846220799,2.8191870099976404,73.62351281506909,79.91331261902774,16.958554970579005,5.1157792600444045,120.7839971605612,97.3976452512147,0.0669999999999998
defdbe29-ad35-42a9-8d60-d05b3588a5c0,5645.0227468079,2.9807263850641386,72.9377250570694,95.06080344781218,18.892834979464055,5.569472852050089,120.37348959830058,127.66221462433413,0.0670000000000002
9c8ff667-f7e6-4d81-9195-b58b000a6ba5,6193.298036211513,2.720380279962047,65.75146770502597,77.96582016450635,16.784588033907532,4.989037705090017,112.45945654387715,97.44918042413923,0.0670000000000002
3a99ca44-e5b7-4cd1-9c46-1af5bde3b4be,6190.475314010712,2.952619398206052,69.51564206746728,88.15211505534238,20.146361642564358,5.659251868901169,117.72580976406343,117.41768422042202,0.0670000000000004
1a9fe392-de5c-4fcd-a461-e084c8fcf53c,3336.930827451843,3.249319533380686,110.73429110198107,94.22867312580023,22.28679022215428,5.993612334817235,178.2397869076898,119.70881674335925,0.0669999999999995
fab51c81-34a1-45bd-93fc-1563b785950c,4942.569886754274,2.886974428259807,96.2755292788959,74.56248157499668,18.00172335705428,5.137765937799071,150.53061974461238,75.93974139900726,0.0670000000000004
d74de943-6286-41d1-b9a4-c947524fbc42,3743.99565276831,3.335784289231374,111.93733308943624,87.49027494442763,24.6321829784384,6.139251287532276,178.51592536153473,107.65585571566763,0.0669999999999997
ef7421b7-a9f0-46e8-ab4b-2ff58f5ff80d,3712.700789337115,3.284053788287954,105.96313166325409,79.9838040653679,26.248656719297635,6.26159938056665,177.2292308915406,100.85667812386927,0.0670000000000002
ca711898-25f6-43bc-8e13-f0cc941a6421,3516.027828149151,2.892728243898932,103.59886100001592,90.86494667070488,15.100051135381214,5.31716887788996,170.8751771643511,115.30153418692099,0.0670000000000002
73ae8801-ec94-43fe-be3a-74ac6857dc88,3274.883524701596,3.2559163090917314,109.11055921492246,78.79882659230242,33.530755278983875,6.3275855831012615,184.47390524404972,86.34692501407281,0.0669999999999995
01d4c168-c43c-4064-951b-205ae8318275,3033.5893270691904,3.1022565490114795,112.15221942134666,93.11838510920992,21.591739659490102,5.759617996787045,182.48115238791482,115.76690306573967,0.0670000000000002
a6c03632-c3b2-4a9f-bf46-02a759b68c5c,2370.7073911692178,3.2065926398561633,113.43773213114898,91.14029922082138,28.796476563389632,6.234393902003895,196.39065077989736,108.8922670429802,0.0669999999999999
c9db22b2-8717-42f9-8003-8dbc622133f4,3357.3660914397688,3.3136094304403856,111.35953996537992,87.79248754249818,29.052398054030128,6.283028168048522,187.83793891303196,102.49480190036162,0.0670000000000006
35d467b0-2ff3-4436-8fc5-24855cb78923,3215.702203412274,3.5009218030823,118.64653736724854,92.52265496386411,31.5098951661357,6.702083529948034,197.19314360306615,108.11173017498204,0.0670000000000002
8d329a02-f014-4e64-805b-bf2cb3f0666c,2056.512682716348,2.932959633287496,98.27456336188368,88.75526231144443,25.88925450580313,5.792042376487548,177.67600576113648,113.79904640640417,0.0669999999999999
7c0af9ef-6354-455b-adf7-8ca09ceb8054,2750.6419723332,3.017798587530322,100.05591755535855,107.49370262166865,21.22636989850936,5.592755916661312,165.57642233092736,143.0895297635831,0.0669999999999997
e8889e10-017e-4dcf-bca9-03bca5c34b3b,2534.9408142650063,3.2488471926260942,102.27707834424567,97.21285367112833,31.441674639503226,6.293707907600651,178.56126644699802,127.65541685462877,0.0670000000000002
631f907e-9d44-4f50-82d1-eb73cb6c785c,10568.279285123597,2.5867191696909067,31.334840626134206,66.05231735404838,25.5971287338929,5.238786506051062,68.10177068163813,87.08674417409402,0.0669999999999988
f570b1a4-8eef-43ee-8537-f2d47d5107b1,9752.88647283247,2.850591952995318,47.14654881963433,76.56659749282544,29.015573236960904,5.819192367834683,84.79687770419312,106.4714793098364,0.0669999999999997
57321322-913a-4d06-bb90-4d07a6501146,10552.430949353628,2.5933073619484173,36.23446772488059,68.67982830854555,24.799611298859624,5.281653781248937,75.25819372403731,89.89875071213956,0.0670000000000002
80cc07a7-a03c-4bd9-bc13-4ac9e8f5dfd9,10381.312304794592,2.6564451118721495,44.60330060413894,63.919893482538455,25.925889066020577,5.444696250229847,83.35655292399755,93.476482564193,0.0670000000000006
c4eecf2e-6fe4-4f76-8407-fc9308bc4012,10170.544895147257,2.479406839048805,32.51454553450314,65.51326502307295,22.593590087185238,5.0303437878589445,69.7430445479388,85.31126562180204,0.0669999999999993
d39ad0eb-5271-4e1c-ab6f-8be1af7fe306,10362.45506442117,2.64491233642908,35.14813148976984,63.236884147631756,26.234453297294312,5.372029821719595,74.66848533862104,78.604887065263,0.0669999999999995
609a788f-e091-44e1-bb86-0541fc465cf6,9738.287419124472,2.592632859968529,39.26706936623132,70.39741506128536,20.639273319055828,5.068784531863717,77.03169629981635,91.22221159367258,0.0669999999999999
dd21cfa8-0ba1-4d1d-a4a1-60593b5d681d,5938.857970895843,3.299251842101591,84.23917961659225,91.42431174190777,26.997599711221167,6.26875657910273,132.74580626045432,126.09955854981338,0.0669999999999999
82f13559-4687-4e96-ba5a-fea4c6225d3d,6599.06525222144,3.3735130941356672,83.47101189949407,84.24128488613884,34.044821723855534,6.623706217362091,139.5212720473736,120.32312152647961,0.0669999999999999
61e0bdf5-bd35-4803-90ef-f713cbc72ed2,8616.308553699902,3.1145592922973506,67.29836452785521,79.80124652642364,35.038524562898886,6.521796957393062,119.29902724613335,102.97176892162507,0.0670000000000002
a015b805-47cf-4e9b-956a-e3bb9c2e9d10,6266.476153970403,3.1841476309008754,83.09444999847963,81.17855624895085,25.938931547130977,5.985157302344681,136.69835563776385,100.3577192879922,0.0669999999999999
ebfec1d1-8692-4df7-b698-c852e5913e4d,6372.34982150486,3.10514800944157,74.3553822268587,88.95963601502764,23.158138398455502,5.801304935304408,124.20491078666296,115.30558705816257,0.0670000000000002
91009fba-c761-4d5b-9d48-f5d363a94ba8,7900.752601467688,3.3462829858087706,76.9590195104121,90.84863743545442,34.086162232616594,6.674100172941389,128.74388665836813,117.34633127579214,0.0669999999999997
ea9b782b-4ad2-42af-9796-38e623172e13,4784.38763314566,2.618770155971907,71.16300108753816,67.03106621432764,20.42216399502447,5.11458861328609,132.97761036208934,71.74985270381733,0.0670000000000002
61293000-f30f-4a6d-9bfd-8c950f1bfdb2,3428.909979114699,2.649902627536708,78.94711411846568,79.03933454440734,18.808639146301193,5.133500073084813,147.67060108796787,87.55244827630483,0.0670000000000002
2188f465-1338-436c-8e54-6f806410a82a,5590.466371307027,3.691440921930654,101.80799837240525,116.08839764336854,37.68309529669482,7.126117480436219,162.59417284044932,160.98646853866674,0.0670000000000002
36285ab2-b292-4faf-ab6c-8838df270db0,5250.196176875094,3.7901694244483686,112.24765690449419,102.09169148468945,39.90919403323188,7.258923091828588,181.5432808723792,133.39374428352477,0.0669999999999997
8b9bb5d9-8b0a-4a78-aca1-966eaf6ecf3e,4141.645968351019,3.699185650474138,121.81051395847011,99.79192021943159,39.25668270164703,7.2028691083508996,196.8245244079153,123.13079932726473,0.0669999999999997
509e3df1-ef04-4e30-bb83-e090cce0cc55,8660.279721603134,2.1246942736498626,26.11871026292291,63.116245199076154,14.725512179512613,4.226431350481827,60.11089868921709,82.11540232462637,0.0670000000000002
f3748217-b8d2-4813-8603-6a7628d65486,9594.50372748596,2.209192247950202,26.12919792065257,58.339929549529245,16.779674804186627,4.4091605428820335,61.197394465932454,70.57466094016192,0.0669999999999997
930a71d5-c655-44ff-b288-e0c53999aaa9,8269.326200512382,2.0941740528596293,24.81338486767632,60.078762721019906,15.786508647405029,4.221655183452736,61.08885704129932,75.73467396870993,0.0669999999999999
8f01b757-8853-4a3e-8d0c-2e0438afaa08,8932.928409660315,2.0230497377616885,21.865742343214077,62.34250884065108,14.110371722333989,4.049889995883152,55.376408688662,81.25396812346138,0.0669999999999999
74701d69-e542-489b-8ddd-c21abed7f4e8,5877.059152589868,1.4482664247702972,14.124392028590098,59.398977741108794,5.926642720429907,2.8966691608088273,45.48007777056303,76.6366481528214,0.0670000000000002
a27e2e3a-c2c8-444f-b053-8708242a80c0,4424.392591787059,1.3507838377739387,14.016977270934728,59.691020119706494,7.454868520532136,2.8852412661453033,49.48364363438133,84.27679093525441,0.0670000000000002
efa1ee87-2156-4927-acef-fa67519b6abb,6534.21019881731,2.1339900690312343,33.10155573787734,63.49416429444521,13.399399598623592,4.159747955154083,70.96570770911796,80.9731412734506,0.0669999999999999
42acd005-a6ea-484a-b5f2-735a1c8becc8,7508.721470608233,2.109224341016946,29.606722881389835,65.52070748133123,13.156223576126656,4.113994041757465,66.15861603194489,85.11594389216145,0.0669999999999997
cc23ff06-66a3-4572-a9cd-0232b6f7bb29,6053.112448427755,2.084564639097522,34.693207043023236,67.47294128083229,11.374669082776775,3.9773568250935054,69.73263975215148,94.67944931023693,0.0669999999999997
6afa65fd-2c72-4e64-810d-a9b3cc7b3ecd,4886.20584171748,1.5930282401902163,24.558454432915383,53.79320927809581,5.117741872355041,2.9357933749075182,55.94980688242519,70.17094810832636,0.0670000000000001
9e011b36-9a79-48f3-a12f-fa10e0f08feb,8327.080614655988,2.288516378813487,31.40584971607258,59.64682320557247,17.148018272500444,4.543555493684,68.94413792935772,71.90669772510601,0.0670000000000002
da0318ed-4557-481e-9b98-7b5b67070a1b,5834.061807398126,2.0311607184249407,23.360822729983646,70.91289066594646,12.281078656604857,3.8777931997624875,54.19492782414244,95.64345289226877,0.0669999999999999
52974ade-186d-4276-b795-c2747ae4ebcd,7253.133115411145,2.0529680535034434,26.442219418611963,67.34642873852366,12.987911101113792,4.033230832682755,62.23803841798571,90.56679415952851,0.0669999999999999
9419f134-2816-4222-838c-5289ccd5b8e3,6100.263645225142,2.212604631411057,38.251703313524466,72.2479745740605,13.047538873627811,4.217745739964093,77.10836861734025,97.63119156789446,0.0669999999999997
56e20167-89e0-4b59-bcb4-d4d2d1239d65,5076.1625797194265,2.2683080239057394,41.509112656447655,76.79508250254263,14.447591516748608,4.404607298668956,83.67967667490956,107.05324748783423,0.0670000000000002
ce5dd792-51be-4b6c-ac1e-0ee7daff46a1,5752.313523875476,1.8843132168373464,33.82687271506691,70.11639976835687,5.768734316742405,3.401401793914925,67.19115531472971,91.21126887744545,0.0669999999999997
2371d515-950d-4e1f-9460-c86889d497fa,6285.323248806909,2.353233540450336,42.45504597732856,69.60670579463086,14.976823882319835,4.515972535004745,83.01157525822582,92.79037160159581,0.0669999999999999
a84409ef-cf06-47c2-b338-bc38ca89e0d3,5786.425222414778,2.2038768393258525,36.63474165572961,75.67368381936555,13.22921920294366,4.29637115406262,79.7988191275019,102.64461820705974,0.0669999999999999
a78e07a3-3566-4c4c-9133-ba2341405ef3,6298.318357786346,2.0123370693454605,31.59085081393775,71.79349690432514,8.910357615229547,3.6916741692456427,65.73271656074431,94.44714040053067,0.0669999999999998
28e0d86d-387e-4179-9550-a0bc2921fd80,5489.605122264053,2.382264370929273,41.382805493117765,70.99441761412149,16.68084744484667,4.676398681740075,85.49872092765001,96.54785713886517,0.0669999999999997
5f26628c-7dc5-4f4a-935d-871554d19b40,5016.0619237520295,2.1105214377624164,33.34593715935591,80.54803408727936,12.379153066349286,4.020209367348272,67.17373020224723,114.68774636997381,0.0669999999999997
6c77835f-ece7-4861-ac2f-f27150bc103c,6366.89325804827,2.2925252085090806,42.06859081436353,69.73718098079465,13.918536899845238,4.421875195360009,83.05737387421101,92.12064934845948,0.0670000000000002
615894de-64f5-4499-bfe7-d81e3316cd28,5671.9264723323195,2.0041722032208327,37.63890351464979,68.65500963285474,9.857338155993228,3.8161428711832754,77.43892739788723,90.80965040025843,0.0669999999999997
ba83ca91-ab02-4709-8ecb-a7771dd7bf7a,10233.718018730806,2.0964130410936237,19.389475975968587,63.40168982978981,16.51889349732333,4.2279514076097255,51.10302308609239,83.12530240611798,0.0669999999999993
3c687e64-5d35-4ce4-bbac-5f0222905918,11176.26522905504,2.1938884492945765,20.421366441575117,64.89164059235544,17.46578466202877,4.3798096709942875,51.49888195604383,84.92478550475985,0.0670000000000002
846aa867-2d7d-438b-bb7e-87c955b24098,10070.280224201942,2.345150774569328,29.969648339849314,68.58218674774733,19.307925986972066,4.725882667876252,67.38204194981033,90.42556066147124,0.0670000000000002
57009839-fae7-4d31-a8b8-a6ff64ddfe11,10873.871949566208,2.412237572370131,27.554684363858485,71.76560724775604,19.42375746105593,4.778142973985723,61.1658060179356,96.12485115566221,0.0669999999999997
2cb47791-e50e-43b6-befc-8d5173a1d540,9797.592493315546,2.484835515392213,36.877774355328185,75.693578724532,22.45567972505897,5.1152697691285685,76.67758355760803,102.96992753419825,0.0669999999999999
58466fb3-0ef8-4cf7-b450-0df721e0aa49,10358.475905033058,2.6060093173314134,38.75946381972909,74.70981254183422,24.328659280715165,5.3178714234457125,79.27138163212777,99.30749959000556,0.0669999999999999
4587d9f5-15f8-49d8-b9fe-9fb78f958bf9,10521.6563979069,2.491374364341966,34.88000027451904,72.94263731685162,22.74585723128786,5.114167447137918,74.19218193026558,97.09232902244702,0.0669999999999999
b96c0701-ef70-48bd-94e1-7e2c51692587,10632.910836892966,2.5663945700964708,38.36856368253915,72.05712439119993,23.60829900450299,5.262438183975336,78.68190338664532,95.22858196638263,0.0669999999999997
982fb60d-39af-49b2-b181-8148474af643,10334.840998181327,2.677726419556087,40.53253407136976,79.08790588633644,25.915664731084668,5.462165964038883,81.67998514971283,107.71470479845517,0.0670000000000002
931fbde9-9026-4eff-82e8-4851925ea34e,10501.814935576198,2.578111637916114,37.74924582401712,74.77864217300522,24.853296536781944,5.333042682880372,77.98593659434172,99.71337795115491,0.0670000000000004
b756e31c-aff7-453c-8881-ec4801370863,9936.373312426653,2.58377994624858,36.9594421337272,77.19342183454053,24.93579752356435,5.3276323405000054,77.09680960521696,105.62582850958997,0.0670000000000002
b63f1335-7ef1-4475-a7b4-d66c2955da5a,9709.733203104746,2.631047442307514,39.37176822538905,78.47779839128235,24.756469669387343,5.355591591901826,81.11719648630817,105.55959237088474,0.0670000000000002
072c6ecc-5788-4c40-b48a-1a842adbefad,9973.273993024839,2.5490866072841807,39.142023095362646,74.10912985867503,22.211355719252335,5.1402340281153585,79.56705539589065,98.4759529996632,0.0669999999999999
0d41037b-602e-4fd0-9e46-821bdafd67a6,8558.437813664967,3.0008229363910375,60.25006116882096,89.03523883851435,26.896032802129124,5.93379871477184,108.84359411792528,118.09983841963493,0.0670000000000002
392deee3-c490-4bd6-9995-7361c509382b,8714.785594808487,3.007265601759328,60.213614276697875,86.89762585722474,26.99764614116932,5.9691430681885675,105.5970129669341,115.80318801138533,0.0670000000000002
1a1910c4-b0d5-49c2-b32c-214f18a3728f,8504.051782855748,2.9669624244671864,57.68542733920222,90.17584469642337,25.263573109279292,5.825001687380514,101.7318762407457,121.04097390497604,0.0670000000000002
900b0fef-8fb7-4eb2-b187-c40491d600ff,8359.527503317426,3.0589596150138814,63.32055900039685,89.92637065958908,27.5766679456985,6.007813622449996,112.63358322297385,120.23875083253205,0.0669999999999995
f369672f-5677-4e37-bc06-5efcc4f3723f,8803.853052761955,3.101671830355791,63.37409115951267,84.52632619171675,31.749654739170836,6.273968239785936,112.49128359189297,114.78594295446437,0.0670000000000004
51ea6d35-2586-414a-b0bc-0c975101d9bb,8311.973457959475,3.124076281998569,61.983033137144986,99.30061848837269,27.250054377434992,6.10240120970478,110.15348202766369,132.16335576905308,0.0669999999999999
39c3ef48-0d03-4581-9e9a-8e490b404a63,7924.132540535296,3.0574678505030395,66.2999745738709,88.45130548543843,25.310926180089574,5.931142959339835,113.99466134266642,115.25104049584922,0.0669999999999999
596a5ce4-a65c-4e74-a3d1-4362bf16d4e7,8100.432885515527,2.9246140808923933,62.364619131909365,90.57937085305191,24.611236638486563,5.820669451698459,111.18720718900298,124.15564616995945,0.0670000000000002
a474b988-0df0-4de8-bdf5-9d617a73f66b,9481.146410169913,3.1345383432863763,61.219954067407315,86.19908431990773,33.572460748286446,6.334140650639185,112.40521909856635,115.32793471856635,0.0669999999999988
0d741a99-1000-4a69-b8b2-354eca5d0b10,6249.8450663322055,3.0861600038898405,68.56997324362139,97.61174265020054,22.922410268211962,5.705380269357078,113.69733919747124,131.2823236879344,0.0670000000000006
1ccdee45-c53f-424a-870b-c2a65bec6dcb,6234.387297585555,2.9667498420818266,71.83023669076783,93.90479402032588,19.97348251083002,5.639432610962384,122.17355626502203,125.26408535815195,0.0669999999999997
5975039c-e41d-46dd-a2f7-c7d10c000fa7,5756.339726711775,3.15909633283958,77.59979215754262,90.10828162454509,25.77639782513055,6.094562448401193,128.591693295241,123.4408346750826,0.0670000000000002
56a80258-dbaa-4c20-90a1-417753a4eeca,6361.567491460632,3.2001273989418655,74.46450078040401,102.92912990043538,23.824990364146622,5.925610627651947,123.74375432475637,135.5790824832659,0.0669999999999997
9e4fd99e-59fc-479d-a2c2-9e1bf17835de,7634.179042064297,3.081715651228329,67.4923740458967,98.12892061122622,25.09152031651601,6.049556849397251,114.36965336118968,135.02963006036376,0.0669999999999997
3042dea3-33ed-4c82-a90f-ef831805235c,7094.653563632059,3.1540582893343236,74.90835605983838,93.69856259570064,26.073650290898254,6.126579342055437,126.48355913161791,122.52957852917137,0.0670000000000004
8e61b37a-77a4-44ba-b63d-e1a64e07700b,6413.347755136459,3.3363921165200106,82.13243347733247,91.04572366630607,28.02437544942112,6.47602207760916,134.58604819728933,115.58517147055431,0.0670000000000004
dd76aa75-40d0-4a57-9755-d2ff8e380d88,7476.753233266533,3.154081053044507,71.99402577120591,95.3010770893456,27.89904978088592,6.236975242333283,124.1599335127253,128.28262138012812,0.0670000000000004
8266c0de-77ce-4a9e-be8a-021fde5e26de,5846.151129782215,3.0318803143195163,73.87299291592034,96.66242913535656,18.866405450561263,5.504068756103055,120.40508118060492,124.43933101240009,0.0670000000000004
3297a58e-3ab8-4e3a-8ec4-454e598aae6c,4626.81877523996,3.7403884025346774,110.72702211201675,122.15436778499277,31.64180267107649,6.987882356491782,167.35583186179767,164.14279146566744,0.0669999999999999
63f731f7-03bd-4859-a2fd-915e6a43411b,5098.914827128415,3.740049022955928,105.36480530337145,123.40141720676021,35.583333111946615,7.153018038742023,161.7751548205134,168.83764665905989,0.0669999999999997
f88c5300-4dbe-4ada-8642-8e45ea1970e7,3737.6146869296795,3.4153373230403403,94.14325412440883,116.1284061028382,26.088751820326205,6.177031176869069,144.36456857750915,160.91574421659004,0.0670000000000004
16a8a7bc-0241-4aeb-ab70-ebc097db6d39,3900.9653666890927,3.5975710364565616,116.81643300389416,115.20846315246644,26.24929256900688,6.54423188235086,176.73169596560336,152.22014588975333,0.0669999999999999
d72ed3b2-96dc-437d-aeca-55afe33ab099,3126.66601149424,3.318716663813405,110.7171593219836,113.7259001627134,24.56934928211564,6.182879784171068,177.3238621418602,153.96220232349185,0.0670000000000001
d62b3ef0-9834-4b7f-8d69-8584461432f7,4007.7652791160745,3.2271871975323907,97.16384155230051,107.70874460986171,21.548570889353353,5.895081145762039,148.9374926624178,153.4108154704267,0.0670000000000001
61454d26-5fef-4051-bec8-660fc18b1577,3566.7214120743974,3.539383173893727,107.31119409952461,127.49310901404431,26.06293773930115,6.503042802180817,169.43222384391393,169.75693565816084,0.0669999999999999
10c8d988-14e1-4079-96a9-6ba39c2c9540,3753.6612161899393,3.698304832490653,119.63035282493132,112.22081286577878,31.807659898145946,6.983075994185475,189.99812664220738,145.21661533591657,0.0670000000000002
f80cb97d-4e02-4a73-9696-e21ac0e6dc8b,3589.7508473442426,3.30028103741101,99.04670013521398,119.62701523895538,20.695799224834463,5.95356615921143,150.7745025940076,166.7667657578026,0.0669999999999997
fade5de2-e4ce-473b-82ef-1d73fc82cbdd,9185.013858441609,2.2557698628451806,32.136065295111514,55.153596509040796,19.761483348600052,4.422346983633759,67.0292998926693,70.40453692190214,4.125
7dbd0dc9-fc0c-46f0-9bb5-3fdf1313fb91,9079.551100313078,2.657190970446673,42.13013359830458,60.12320740654505,26.394285099271286,5.225875875191695,82.90342450550926,76.2074860046997,4.125
1d90733d-6801-44d5-9529-db295dd562e4,8932.749587182338,2.892626840281448,47.90120217585192,70.91482624823884,32.72117808913685,5.811174523487734,88.64479333742545,97.42951198418764,4.125
7b84f284-39a5-4594-bce3-d2b812bf19fc,9132.56122838133,2.8833761565002685,46.8770247279617,68.99101700186773,31.664088472710812,5.773276679813064,86.93880172160522,91.95908642919692,4.125
7a51955d-d58e-4698-8a0b-d47097a5888f,9045.585269401094,2.439644708879709,37.533327716572785,60.8801549486389,21.566479578905003,4.7334513541507075,74.64639244320159,78.18246360947496,4.125
a60a1947-dd7d-4f68-a9db-f32f1241dd02,8763.220754324058,2.674989823269964,45.1157005046394,62.50251140827207,24.942246055537,5.181768786986155,86.42152054141233,78.85846967447769,4.125
6078548f-a169-4a41-b05e-0af558a807de,4208.712116687782,3.0881972031653495,86.67795003583883,89.24290739911562,26.95736261618968,5.778489736142708,141.35788630640536,121.60504231403752,4.125
3a83209c-7f14-4ec2-9d52-c826c47f9fa1,5707.199326563735,3.445054033486785,85.6169092111686,96.76951186332714,32.388242458278164,6.4695354724952026,132.78702772310902,126.69108736737842,4.125
9b710395-2f04-45dc-b0ab-94e4e0b27522,5695.946017364254,3.2514423251309483,89.79079273727518,78.01617378521809,26.045687989357752,5.9430691409493335,138.80774896049002,94.07793673241143,4.125
aa937a97-49b5-4b95-8abd-784dee1699af,4274.512257906208,3.4559461921140584,120.07138137652726,91.34262547042164,27.316079761627364,6.202549171865593,178.07710095798365,122.8464410386212,4.125
680d1f5a-f99e-4b36-b545-82a13e106f11,5535.5970425069745,3.8146127878272815,117.33973892502154,90.10185974773324,37.64331847898754,7.130941126404273,177.94398108726915,101.92616084490142,4.125
6b2586de-63ee-4c87-99a7-fb83e5104b28,4978.726624793102,3.6748819843198834,117.95248352658085,97.30939991886454,31.82762662436438,6.669926382758079,178.2342766907318,117.15497433733438,4.125
807b6aa5-a7f1-4368-9cb1-c53699650f97,4617.980023718261,3.8571489479126444,117.04986114663711,108.1506718692601,40.634471462798025,7.295850261553628,182.6523643837201,142.29541258358051,4.125
c5bb9717-6414-43dc-ab15-bebdeb8b3c80,5095.097533084125,3.996688302075581,123.58948718668317,97.09309009246797,41.40872460977971,7.418711676183384,184.78792495212636,117.53802977511552,4.125
cd29903f-6706-40eb-b12e-4f2b3ba7f6ff,4562.2847921106095,3.8899551949335405,116.78370451723667,106.76765328543834,38.670945046752095,7.226365463997419,170.13090032359355,151.69610453302954,4.125
b7a7f1a4-aaba-4817-a760-48caedc7d56b,4878.884668128362,3.6471604052703346,112.48118337918572,107.70919669383757,31.258997260838882,6.660288091781264,170.2385772624851,138.44816876424005,4.125
39b802b7-e477-43dd-9f93-b2552578ef58,4245.7855844253645,3.843797534587589,123.26142428672253,96.41584822207204,35.08075131565146,6.960418265909476,191.42204189921299,122.86214674067003,4.125
64d3d8eb-e603-49b4-a5a9-e3996a69dfe1,5005.228373034738,3.872458258861338,116.63175692324229,113.88491029214553,38.84013031315082,7.249672193348649,177.85408178638355,145.8967055838832,4.125
0ca3f1a7-5d11-46cb-a691-b2730333385e,4526.808033983038,3.5364399774692488,116.95886638478876,102.77372667444664,27.3870192624143,6.26795688691073,174.86337707146544,128.82219775660116,4.125
4fff98f5-f6d1-47d7-9abc-55fb361dad8e,3662.5806934199272,3.708581674558205,130.1115016736078,98.19728521686328,38.008845471484975,6.945681477230837,195.9790517118829,132.6389777763419,4.125
a8581d22-ac0c-4c86-b6df-c8b461d63898,4188.62250446633,3.7790639113647235,124.17044599289679,106.08709945411236,35.847827769914176,6.968127996365559,191.25745117022967,133.98924413436072,4.125
94e3ed32-2e8e-4b8c-aeb5-0091d18f55b9,4561.534992316682,4.045443983037287,128.9965455500408,107.17444764178111,45.88331210686882,7.73549972127509,200.8038063130587,132.33234400937704,4.125
af256994-3c1b-4370-8675-53bb506c6bb0,3750.7384151025317,3.7263205873804357,114.09919810474905,123.66172668753623,36.22695757430633,6.822555550321542,170.56686139330628,168.94094960437656,4.125
9d0a5f17-2db5-4831-91f8-ccd900e01eff,4675.530326924987,4.135260929412141,137.11294586590745,91.88542686895099,48.18149174046494,7.914182748571283,211.77426001333703,108.88284023923936,4.125
e8d19c5d-392e-435b-abb3-f99535fa6bc4,4464.489380778518,4.1339214477922335,132.02876824197037,101.74034751239138,52.087516369702804,8.10340883717986,207.17195510942997,127.10660854336906,4.125
1d42d407-cc60-45b8-83e7-485b7deebe53,3781.1488165665123,3.8228532768810783,126.93615181983284,108.7680552835276,40.17444122394386,7.142219129276196,193.4421612402093,148.11309402102964,4.125
48e00cda-b004-4b3f-a8a5-dd066dbdf245,4570.686876887098,4.076117844251733,131.01368912530404,102.82375714545628,45.271843879107294,7.7736311864788155,201.61125393336096,127.38191086362482,4.125
3116f18a-c042-4e5a-93a9-ae42bec025aa,9750.625184402612,2.3338570918300268,28.93521630038687,46.96960687987993,24.64072412259817,4.716436812548149,62.04366834917094,63.013986097629264,4.125
0ed7f60e-3a8a-40b2-b6f5-d013913375c0,10280.38518803685,2.627672546691328,36.20294322754766,49.48412431317039,30.363301406458337,5.308252930461124,72.27033952344462,67.61698726884237,4.125
f86ce1a2-98e0-47d5-940e-33d8d1db8c2e,9996.453726862936,2.069969998954551,29.789080220290323,39.60723297939926,17.64001208574771,4.123268546870676,65.11815549091486,47.19023323003944,4.125
a5027456-4585-4760-bfc1-007c1058e2e3,9636.446573759795,2.337977290650036,30.348265626721634,44.76279406765785,24.243640952609088,4.717566374525345,65.92919237664441,56.1244676930608,4.125
da503378-8adc-4f26-9c4b-5261dff587d2,9380.722761661902,2.321003003189796,29.790586732318637,50.23645172056844,24.461969848295556,4.733725092101826,63.804187995678106,69.09094068828757,4.125
fffa56b9-f854-48f0-9949-318c7bffe27f,9517.731145750939,2.4767731035968312,39.31036085508092,42.39745517606745,26.623917808120044,5.0430272157063,79.15559631520395,52.58019037892347,4.125
71aa0826-6635-4f90-88ab-8e3bd8aab795,9720.510111699268,2.677930238989442,42.20799187397208,55.57140945935714,29.418790959960734,5.405344790489797,81.41506057908785,75.56709461092126,4.125
1ac8eb89-ca97-4d3b-bc32-30b1af1400f4,9119.841881120188,2.549715628013867,43.69180645781203,53.25038579120041,25.077717445147055,5.074398882916343,83.76361464004306,70.55761570955391,4.125
3ee5e30b-44ab-4b3a-a96f-d35585ec7b40,9687.086229089562,2.047995937573227,26.993845675236294,45.11165885260734,17.720286827483374,4.050300269473885,61.12126934189842,57.318863711819475,4.125
270e5d94-4c6c-464f-953b-76c068793478,8507.465601874925,2.0268172370637485,25.492202546455076,45.29673822486342,18.294282907729166,4.010707832240699,58.4106266403984,60.347526381116154,4.125
6b70a892-6770-4486-b162-e59c6f59ae6d,10334.351411727142,2.7794295082418765,41.78766366299871,53.67171032658139,33.33717728537518,5.668361205562972,81.19144013146511,73.10897870067494,4.125
9161ccf8-430a-49d6-abb2-293c4c3fbe80,9053.084323675923,2.860613393529855,51.89603733770778,61.670569467190845,32.0667882220136,5.779997105484571,95.07085151273562,81.55239503580506,4.125
90c61e41-5688-49bb-9ca2-b73fbeb3288a,8477.844061073485,2.9629447575100496,60.38037227095712,60.99421543653503,32.78314760425308,5.971136039818048,106.63719605760907,83.69652794113489,4.125
3ea51f69-2eb9-4c2e-a1d9-4d816aa97b08,8256.502247730872,2.5921349965935376,53.74828594025296,55.45879015917869,23.25984540181011,5.090137238612518,96.57842526181072,74.69015267344378,4.125
99c79f28-5771-4e5b-91f4-aa87bf51e2b0,8811.06690344905,2.8424282114068213,51.918083060502504,62.41476792676811,31.025145171519807,5.707207566011566,95.07032779880811,82.01282862250605,4.125
f9733a91-1cef-4b0f-90dc-ddacfd3f9207,9132.8759041097,2.9802107444581125,55.09385729600976,65.02927436031246,34.98771645492339,6.0503288727705025,98.90780448475046,88.82377106699073,4.125
210c0180-08cb-43d0-b5b4-1b1117611dd6,4844.167200832755,3.4016242360414632,103.98163291904481,90.59379080458784,30.000834052243523,6.312409665606955,160.20862437981106,119.80063874508511,4.125
0ef6ca24-af21-4658-8e19-20bf8a0d714b,4382.988891980222,3.6772572437690267,114.4905935836093,94.56211270600105,35.04345358112059,6.855894772721279,176.08392334909047,125.63588786476018,4.125
7a7ccb88-710d-4fe3-baf9-a8d33c3cb064,5033.928381705788,3.237488704729867,100.89628964306031,84.3057146669727,22.515287561093956,5.825581818731134,154.08350422553707,103.97004406266458,4.125
b8fc38a7-15f9-45f7-b883-c1ca65414d22,3439.533962300596,2.918545196185844,98.52008451461039,89.51111217176798,24.30592049316854,5.475775441052219,156.60535754232873,130.220926359149,4.125
8d2048d1-4db4-4c67-bc6d-e38a8cc2ba1d,4500.746269087881,2.6361782765314667,92.86612724904133,75.37181286002078,10.888570692867868,4.564823481927399,147.09774421916958,93.07671216415264,4.125
99511564-6a31-4de4-8aec-33b83ef2e4c0,4100.954503597499,3.309159637714817,105.79280571538413,96.62138288348024,26.057274708425172,5.953013952131097,162.87767400963355,127.91263114727042,4.125
b3208d98-2e86-4acf-b357-8b77371876b9,5126.94847845136,3.573541971770819,103.38471502324528,94.67651258868709,32.79818553329651,6.6184041006030405,158.07704725469583,122.99450736068667,4.125
c43183db-63e9-48dd-9136-f1570d5216a4,4884.265793956119,3.530407355909311,99.67147217287672,105.26043146061663,31.670491076253153,6.559800544786004,151.458127200291,141.29723632245046,4.125
4d3182e7-7d29-4145-ba88-9ccd8807048a,5011.84275997274,3.8342697199590914,109.02643176926023,100.26542795408216,39.62630282197153,7.200997227044977,165.9596554830352,134.63989918642187,4.125
4cf9d11f-5bf3-4d1c-8fe8-abe6f14769da,3819.4557554812523,3.298107065204016,100.06369946000697,106.16416982366482,27.07515562866027,6.100075059902137,158.5281325782762,147.6847508887906,4.125
1a5f7f11-4001-41ec-b10f-8e2f52146861,3962.9670136831555,3.6499844296011634,115.60599190924884,105.10444630615618,34.42009046992423,6.818551333714786,182.3428843681373,138.6216341948442,4.125
a1a43564-7bac-478c-811a-d8ecdc43837e,4967.328393038925,3.619170869341174,103.66517362559975,112.60520040919937,33.97520490898652,6.74678510542089,163.8143327261996,146.38550643692307,4.125
d0ce896d-b9fd-4e7e-8ecf-665ef6dd7398,4112.874262022773,2.542755215441581,90.39796184213753,80.81553242678685,11.931721566104116,4.260355050964181,141.82355197072832,98.06833025459359,4.125
0c00be04-9b09-4d3c-8f6d-3536c0c7bc98,4859.915345996887,3.6622444009833264,106.44062811117088,113.63052211967482,35.24124471812917,6.822994793825793,163.7476991605213,153.40600505734056,4.125
eb3e29fc-4cb2-48c0-92bc-7bc525aba2b6,10725.07716852356,2.1910807657699434,12.529930771805162,54.88874774914624,20.613332033903916,4.448574380869568,36.24049555945067,71.39332234995797,0.0540000000000007
be945669-39f9-44ef-88da-a875a15f7dd6,10500.871595645049,2.3643466956746457,16.281177343870095,55.52474124700448,24.277657579827,4.791675696961216,42.799480029075156,73.3152171416344,0.0539999999999994
7748d859-330f-4220-a66e-5712e6f1833e,10630.083576763876,2.353494819769731,16.867451718047775,54.97349042098317,24.040088993886325,4.782588059042043,44.23584793798944,70.95868052313779,0.0539999999999998
28f8fe40-2262-4f2a-8925-2a18de194548,9437.697400930358,2.7471705213357143,45.347183546088345,73.68249110173797,22.06450817352233,5.35819549322284,81.86642538992264,99.08846771624047,0.0540000000000003
7ef36a5a-1f4f-4aff-ad34-2f32ec108530,8944.847372055316,2.9200940132528594,51.89678165636395,71.724796667791,25.24262131866035,5.711685056588733,92.80503663362254,90.93443002163664,0.0540000000000007
47081519-e5dd-4ea2-8da9-7604be165720,9286.829158621957,3.0129622873112356,50.09090913751855,73.69701166109334,29.761599775329053,6.015195205746083,90.4334309076745,95.22028398183281,0.0539999999999998
a7ab91ef-722e-45c9-a70e-24beae43e747,7928.581249607923,3.1763394671552976,66.03517356513801,79.14709461710073,29.413533463489493,6.154968919324753,106.49064620191011,101.45730168942761,0.0539999999999999
eac4fc68-4622-446a-b55e-4fd0e7db6473,8245.429419748629,3.1383707089048576,60.32949048435552,82.54074980087903,28.28841896821113,6.069102364052521,97.4267066364727,109.28988162175473,0.0539999999999999
d69e8735-c51a-4f80-8d66-63c8e23fef6f,7210.984411063792,3.325295184755422,75.44088820370669,87.04152555197007,29.447322768301504,6.358338538432827,118.78302644340239,114.40054005806336,0.0539999999999999
d3ad4585-b076-43ce-8ab8-7d9df7e9d735,6759.926778111984,3.3456781081922853,73.5183357248643,94.06632397746753,27.623175349444228,6.2543946843985765,112.92098076854076,126.02160517962403,0.0540000000000002
18f46bea-9fc1-4519-9887-95d53b249f39,5583.364720611391,3.5241956682301554,89.52890983040325,100.56011361158599,29.231366617956876,6.573777879553721,136.6675344232759,133.7513251926603,0.054
00e6272e-7190-42d7-b728-1d4ebe0da1f6,5497.179985765293,3.554927885080743,93.15015891300276,100.74259342389439,29.476352863738345,6.651586205372432,138.5710999846039,132.83017846745565,0.054
808af5e0-507f-4727-8d1f-496f1b4c805b,5662.102728488198,3.470282467874467,86.77453681882783,101.95630635908303,28.4109913469474,6.491593685233038,132.18451874123116,137.44538632736635,0.0539999999999997
348e026b-1bd3-4620-b060-1da8943477c8,4678.148462695997,3.7021561050943603,114.95811486376661,99.54115611114355,22.97622254609372,6.772753583082215,175.2242001413072,129.715229177079,0.0540000000000002
bc99463e-5e92-4b58-b64d-66b0a94e93b7,5307.35425977301,3.7631192619953366,109.62290535731007,98.07121409985645,31.027146678560815,7.014323033545852,164.7336204477657,123.60872782936954,0.0540000000000003
faf3ec28-791e-4095-9bd7-0d9dca8a8832,3719.91284794185,3.7034640956231146,129.16992467569827,100.26757263461177,32.22780391347055,6.929436537826918,198.93990276138229,122.60715773123957,0.0540000000000002
167da78e-a12e-4dd8-8fe8-7e62e0915e57,4214.1864280210575,3.881450868703602,126.63925607900235,115.75904941080765,34.973785788188025,7.310539536066563,187.03725994183543,152.420325179303,0.0539999999999997
60c6fe7f-5150-4189-ae56-78ed311f81e0,3873.192607667262,4.116021716232584,130.16082237352012,117.33609065854581,42.36881046388979,7.872533579858633,192.21892695594698,160.30509757696967,0.0540000000000003
042ad28b-091f-4fb3-8cd2-9d7133d9e535,3233.8131488629206,3.4233438276149775,125.76564910720322,95.80080944393558,27.749594436913313,6.369796671151655,198.57262024730048,119.95464030354798,0.054
81c11031-1340-46d0-8b71-6b32bbb43c1f,3936.0784215664144,3.726820392395128,127.12178210759527,104.56045357323468,32.51460596408176,6.985337079610601,195.21591693671374,131.87103858410237,0.0539999999999998
7df4df72-67f4-433a-abee-cecfcc264974,3241.828326601918,3.7613687381775796,128.06220746562664,106.79001676987386,37.25342979083631,7.309760319327153,196.4175812878824,144.9347884401281,0.0540000000000002
b52b01c8-1b8a-47b2-a709-e49800573069,3659.1818301333815,3.855588749592898,130.22405678461118,106.69404338846347,34.93603812868304,7.2566191884185125,196.69786700346862,140.24169438688025,0.0539999999999999
b79cef20-723b-440c-a2c7-48ecb20d2165,7435.47225986055,2.8542906800445085,43.32007029116143,57.27754541934093,36.11921728261087,5.893996749056414,89.96092312286297,74.36914490478347,4.125
5acd70f3-f7ca-4b58-aa64-be5f2abb9a25,8003.5306362644915,3.0384579401173033,45.046037559394875,66.68268422074394,38.78775795127337,6.267803748103435,87.3720106377813,89.18055685032871,4.125
708ac8aa-37f7-4fdc-aeea-76cfe5b0b62a,7289.269440855791,3.149960597222462,51.3688559332103,74.56880268063736,42.679532891187556,6.558108394155783,97.8998035605119,109.62781341829428,4.125
ffe4c588-b136-4411-9060-1d2de4172e25,8363.843646195204,3.1193212055654396,50.80980846045503,69.07459699939311,40.659691950753384,6.439010008100211,95.78985820146158,94.558452276699,4.125
5d5bcda0-c3ea-4ebe-b5ba-a013554dd38c,6969.511134887731,3.101133201420644,48.118864465076726,66.93928127300167,42.19562445364955,6.471511187921078,96.01659042182219,91.82817187940337,4.125
ff8b6352-94f3-4e73-a3ec-410842278af1,3850.4136658622992,2.2131265728108604,59.1645640671965,44.10096781272639,18.114089093107587,4.288533447367532,119.373881151015,42.4838458615444,4.125
04fa2d91-e66d-45b5-bf8c-2db0296c8d7e,6972.6223318139755,3.2707617936682536,74.9674456511332,69.29526301257518,36.968773134288185,6.4686171828108545,126.1171236585969,86.78297203983372,4.125
595a1cdc-a5d4-45c0-b278-25f27af37c25,6351.129349411274,2.907512123657657,62.439013984081626,69.86923778774334,27.789408909175023,5.591381104779624,109.29372997521837,88.80232060953878,4.125
0219dad7-2f40-4586-9ebc-f078807d5538,5101.9885645237255,3.312523889629125,94.50725533759723,84.79689525895807,31.75452326677348,6.298154993739584,153.7581946460472,104.37825244626256,4.125
42d18064-1646-45d1-978f-a220ed940cc4,2944.083574582475,2.300957455249097,68.17180005976853,80.54615916480103,16.912033565976355,4.4180597695306005,125.0470387296871,112.22833153008074,4.125
bbbd0550-79c6-48fd-8613-2f923fd4a027,2540.5473465492214,2.599388052148712,83.47149521341645,73.23398862822161,23.614571815335633,5.00894072882786,154.5400776301836,91.3856475616834,4.125
387d398d-5304-470b-95b8-e4d4ad3c3e65,5790.75504994624,3.4957105672638487,93.44148812679136,90.38338454126244,30.98119853030086,6.481019484622314,142.7881173902474,110.15939730511666,4.125
491c25da-504b-4c29-9f17-98607be848ad,2748.4219649107454,2.154092902665035,56.49203627920484,84.35155997480393,16.026977171779066,4.093342005181136,102.01782826778866,123.75034931416667,4.125
fddd9b0a-0445-4d65-8cce-6fcdaa7e5298,5196.128480081702,3.302385811413674,88.5644089655786,85.35525350936825,30.923141129458475,6.259229446851532,141.12071441095014,110.77266128658222,4.125
d091ccc9-7f22-48ab-ae96-3cdc399163e1,5597.726833838719,3.626932730887409,100.28594372299715,75.18491915784149,38.42631672829738,6.920185427800139,156.37285043437973,88.61021225152415,4.125
591f4c71-dc15-4ad7-b450-409f3dbf50f5,2722.2893877634124,2.421794045798844,76.05593427575663,81.50703133341311,20.22772064224512,4.681036746201001,137.85708864491633,117.30545319966558,4.125
6bc8c5af-d8d9-46f6-801d-4765cefa91a7,2527.307216873281,2.6650408201138607,89.74800557096108,77.69731526497729,23.35272566010831,5.065386980996803,159.9254220223983,101.53908124707014,4.125
d2265ea0-2f5e-4243-828c-4431af3429af,3075.3845865069534,2.787156450708062,91.93459054764952,88.40915521247065,25.066340844349742,5.278242178743454,156.44366749964325,125.52563548278901,4.125
f8ff0e6a-2414-44b5-b415-5594239e2e81,3952.5330867267066,2.7607933858116636,94.19675208167492,77.8021994296609,17.156936848652,4.96438524143259,151.59903789440332,93.10768294462952,4.125
bbbb583d-a9ae-4bc7-ad3a-62107a32b771,4640.838591962091,3.608835096126511,113.99814940609076,82.44867773679466,37.34437522674734,6.929259287338739,180.47582799391733,99.48224131108755,4.125
cc0c9073-20e9-4ffb-85d4-1179d04fed1c,5039.276519832265,3.5542051753870756,107.60157128440174,86.23993565600222,34.97059136257664,6.708863268608538,170.41142314167325,104.69620003935778,4.125
3608e3e6-4f53-4e8e-a08b-c9464da81b8b,4452.349488300571,3.4530735830674715,101.80219218109335,111.89482005140366,29.4053444380188,6.3028121104041865,152.43224017168959,153.61907216726996,4.125
9b2648d2-03ec-4b07-b910-91ea102ca3e1,4974.706336015318,3.5803968132425004,113.12325210649476,70.78585316944347,33.57274353238902,6.718844646245991,177.3830597632729,79.7069741000591,4.125
227c34ef-7482-4e1b-8d29-a96940a950c9,4212.383199402227,3.446875231952212,109.56749525420253,81.09340493358104,32.53749543632497,6.543321544811011,174.52620319619845,102.07522933023748,4.125
bfd40641-dd39-4d60-b3c6-8ea540ffb7c2,4662.599645276869,3.5440735295448285,112.29223979629671,85.78866549415227,33.08226899299659,6.6419570187407455,177.73524753094432,104.46974805941115,4.125
f89a98ff-1ede-419c-9276-f4dadb7cfba1,3626.242240150913,3.3894812344934313,113.87895285794717,88.3727627562332,32.411649974697916,6.452914004291967,182.25367837169424,113.1041084294994,4.125
e29d220d-e583-4824-91c7-73d521f11409,7620.863294363129,2.307097177616178,40.13609791148956,64.72954726792977,18.400233279606862,4.45105807945123,77.0743692113495,88.50303988776233,4.125
c6059c9d-5215-4341-a6ad-ad081e0da71e,6530.74350558818,2.6917795948910985,51.34588154932351,84.08808251755585,21.661215937464235,5.132585570067117,89.19003683135766,118.43382503052959,4.125
96279f8c-eb40-4710-9a52-f0d150473447,7036.554903236371,2.8052912782797033,56.22194464119092,71.66989077943104,26.59415756865261,5.434248235981605,99.23689679228556,93.70339568759114,4.125
7d8cec22-fbdc-4bcc-81b7-7380ef4b91d4,7252.694438683513,2.793510521493175,52.96079415839463,75.62417453377917,26.55350059872929,5.420123143007903,94.01344642488523,103.12790604972781,4.125
ec8a1dab-ff8e-4a63-830b-8a16799149c0,6642.064284836266,2.9273996478477677,60.74947723074513,79.65696050958448,27.620670016458675,5.635026424774953,105.48771423585062,108.14803031456816,4.125
9561dced-c1f1-4bac-b6c2-2454d4987f9b,5159.007689215535,3.487981056046936,105.12661410492359,88.91002372274265,30.710979221652405,6.451690962269171,162.47972826691688,107.61421729691898,4.125
1f783b9e-43cc-40ed-a2d5-3324c0f5bec1,4440.231936252283,3.4760590106004714,100.61718580230506,106.45064908301875,31.525835297234867,6.4896744307508065,157.46460917657,145.0526615694992,4.125
166fc52b-0005-4970-b280-95d6e19d12ad,3596.067503058855,3.168821044913634,100.70159320669687,98.59673930861561,23.210858313860253,5.6756497452911985,158.97952531062924,130.82287902077726,4.125
f95d6091-d194-4724-b1d9-155dcaf9048c,4184.782125973512,2.1704681484673793,68.51671914899687,77.74409535765824,10.55998621104624,3.607028840156089,109.55920148716177,92.9181291971814,4.125
811db87c-9be0-4f51-8953-0fd927c44651,2646.7940011308674,2.664254115702819,90.88311694641584,74.26505077097981,22.865030441633323,5.089796817946837,160.77063746289292,96.56497008385101,4.125
d5669555-031c-4757-86e1-d6c5c285c902,3766.3247383014746,3.3847681270543104,105.86955248925655,94.7441540659044,34.08568551143161,6.428606657080133,172.34489079323896,128.32193046022488,4.125
3fae5f8e-a463-42af-9f8e-fb0397ca533f,5706.973572364204,3.7014227689455033,105.5242343750072,87.84757176820675,37.745932164412295,6.966556695734203,161.0354047518326,100.74980253715526,4.125
2edb8b56-2630-4abd-b98c-0ada0f8d6549,4842.3514140064335,3.4306123741169468,103.42830985000326,97.58823806315368,29.509472941189042,6.313097734649898,160.13596886847915,126.90877719375527,4.125
e41859b7-40f3-4c2e-9d3c-4301a98063b5,3315.7649840674026,2.8629027070408437,94.8744275557502,101.1191935220523,19.961333015282115,5.1710164295497485,145.6574814698887,144.73314647225124,4.125
d88fce3b-9ce1-49bb-99ce-7e5c155ce981,4068.295489536691,3.3580285916983317,102.68685738804587,78.03673955926966,37.457554412756394,6.607099097268511,179.29359173611442,93.73108067394008,4.125
0b6818fc-92ab-4810-a8ff-9e03122846a7,5501.8862751819215,3.6974603363727603,114.6704074488227,94.44425714158251,35.0693457329613,6.90962490776028,175.19489383817861,107.80160464880413,4.125
bbc18060-daee-4624-9223-0a230f154b1d,3691.092355275283,3.278996148447739,111.30653814186844,103.3539098018268,25.07987722489056,5.782246234199095,169.19608767657647,131.47961609839643,4.125
485535f2-191c-4dd5-bee6-fbc97986dc8d,3746.726572954691,3.5744263240894734,121.32577340176141,98.9141728498726,34.60185601875768,6.690978815957749,190.18699427747458,126.96394167661603,4.125
6f17068a-d1ea-4395-a482-131531421b9a,8496.902154607871,2.89532942963827,48.33298057850716,70.9605644551382,33.85907016234618,5.869859413158326,91.17767113367911,101.21076984186489,4.125
5569d48e-86ba-472c-b33f-57d4f7845077,7231.840003227137,3.038955604776461,48.836170926847764,67.89302315365782,40.765949863461856,6.370895635292314,98.03373487289798,99.52813306276364,4.125
379df2fd-4350-4301-b0ee-43b3bfdae90a,7780.053003053236,2.616007555522725,41.94866930429298,65.77997518825265,27.430920192297037,5.292717953694119,83.11006496330556,93.03467716755696,4.125
286594d5-5ce0-41fb-acf4-3a50aab61c28,8653.40817418565,2.795640892434954,49.58964323583476,68.84265800084772,30.690095622559667,5.650867438253665,92.44528157762437,95.08639194720348,4.125
c002673f-c3f6-498b-bc95-9a573fca1598,7418.937292663445,2.9331835876069765,60.001676413067656,74.67465414282621,29.864641850956424,5.770492397982166,107.09559404660227,103.04540005750765,4.125
029403bf-f42c-473d-97c9-4a47b9b3dded,6818.700498849735,2.8433582815967764,58.11986779274339,79.79119895947855,25.819397880898297,5.469353576136167,102.16330037290022,109.5142740715436,4.125
5df4f306-471c-4def-971e-2b2157d673c2,5073.340434297577,2.995844448404227,80.76882525953492,85.2401323066542,23.87450375552873,5.556003742086874,134.04589424615244,108.56450235181603,4.125
c2955498-d3b9-4610-af2c-8c0c379feacd,4883.139803320034,2.920929414229704,89.10178638566782,73.22697736060925,22.114691435988856,5.368863550178577,145.48738364569428,87.19999273893275,4.125
f8ed8e37-3d8a-4c66-a2e3-a954ab2d4bd1,5688.320731548396,1.7766742312556283,46.95247240125873,54.28154335259242,15.589684181377343,3.60283701086321,91.32417593725198,61.212133223500665,4.125
79752d06-7b55-4fbd-b830-d54d5634a1cf,5050.775289497135,2.88308274837535,82.61095755104643,79.53991686707126,21.60276356224184,5.3291954787444435,137.4492065048007,97.59565175866973,4.125
63553204-5acc-4f6d-af67-eeac78d484d7,4732.235389445267,3.2512118737680433,104.31998384971826,72.75290144680703,29.383667702311758,6.0936186804906525,169.6801013267411,79.34170258170921,4.125
3ee259f1-69f8-4df5-aa09-5e3bdb8dd3ab,4136.475002066952,3.3965995694719746,106.69241918470092,97.98951910477544,28.31721740495025,6.257437326550196,171.95678440780662,124.41348136614909,4.125
a4b03367-53ee-41bc-8138-a2dddb1833a3,4370.434121475042,3.1764422669911494,104.82051563471533,78.99303357340733,27.975237455631103,5.908486686957695,169.59177140717827,90.03215108684338,4.125
3996cf45-0a44-4342-bcef-adea687338e1,3493.664119511208,2.6141583707345126,82.27908614724998,97.69109675535175,14.1865743338465,4.632002547346132,133.15799719499287,133.62070364694003,4.125
9bf5e963-e351-42a9-8e26-0afc9f4624fa,5067.051943271997,3.06513862653347,93.88363170961388,81.70452207870625,24.711006068454612,5.692724966840793,153.18557403849414,95.97431506836053,4.125
6303dfc2-e2ce-4db9-b819-97a3f90e5cfe,4506.336834332349,3.089923202985817,98.64191534243439,88.89663711605903,21.46041273206459,5.527499623542832,154.18089025165494,111.25964529089266,4.125
34d6a583-17a7-4305-bd4b-f4b0c673e0ff,5023.016478153322,3.3033387584788847,98.5442903029341,80.32193119184421,30.76576472546285,6.276759915134644,161.04097190126154,95.23819541601884,4.125
8f2a8145-2653-491a-a857-f19ca2b93e9f,3814.789388949318,3.3315084153243792,101.96670298752247,103.75502105880008,25.472691996686347,6.029815350683668,161.66027620280823,143.21673697751925,4.125
1d8787ee-0e03-4762-a38a-681a0c2e3a05,5117.584752250458,3.127791621866272,90.84244748287736,80.75657186799747,26.48577824170452,5.8362272975293745,149.23648811930423,96.54905250387762,4.125
7f9df905-2312-4ca4-b742-dcd465967699,4710.701257161909,3.296946778244987,97.45143926350951,76.05902539835996,32.48565492851816,6.300880834311013,164.35672587256266,90.51881118171681,4.125
2dc7e7a4-5548-438f-9c50-b5ea5e5bbb41,5034.824013275691,3.246744669751434,97.76618726669278,74.04548478367586,29.69710112240752,6.107253415576293,160.23994380541228,86.1930109268373,4.125
f24295ac-296d-455c-8300-3e3d5947a900,4751.60338308729,3.3482764631771835,96.2092639859961,90.31335446712914,31.92638994793534,6.373414064205242,158.37129097345132,113.76216105280882,4.125
a90bc9cd-f306-4a7a-bb50-7b9617fb41ff,5078.154043643571,3.0232580586618396,86.86014009191298,78.37584829445103,26.790179961070965,5.7212897989873674,147.09654687749915,93.21317950227129,4.125
a1a1829c-eccb-426e-bf45-7fe8f2e65950,4947.86379937676,3.0901546643040434,87.7482151906158,90.80328664975589,24.66604234263351,5.755703972639718,144.74028083614098,112.12746705755231,4.125
a69b387b-ac13-4c6a-9789-5aeff9854fec,3644.149882393832,3.1083597672857737,93.38698156874297,90.17096209889378,26.988205489922546,5.853014172219311,158.86349523319782,115.18753655366498,4.125
dd130ea0-e49f-4f7a-960b-48d5e4e8f1bf,4200.688915199347,2.9807299750196155,89.81483524732506,88.22043040538013,20.91382774424343,5.427240572833083,147.7010666017909,111.5592479408678,4.125
c4865936-3bbe-4c46-bbb1-db779a49134c,7709.631948016635,2.37035219847092,39.60514930878607,52.59913076487864,22.414737255500324,4.729804497801071,81.24573069566043,63.431633941111365,4.125
ace47790-7e1f-48a1-9fd9-b22a84ea9439,3924.562958460862,1.4925661881741572,27.78263144879588,51.08873951771773,7.755798123271643,2.7249949168218612,64.57445121426207,62.801750161020465,4.125
8a7a551d-1c4f-4644-8ee4-91e7a36aaec9,6393.567326091072,2.350672788853877,43.21632987633432,59.692825366377605,20.343256555856865,4.5676336758787555,85.45387980485329,74.67260134127145,4.125
1362ef9e-4c69-4709-bd50-68f4750d8ef8,4952.35930700825,2.318110622042129,41.73428295032429,63.66211720195827,18.653275517012833,4.429109888046457,82.83340607631092,81.74653624773123,4.125
4b0c1c33-2414-4135-bd7c-7ae14052ed55,3301.0989606415374,1.8480347505651458,40.57066469520354,59.20751915204541,10.697581488902049,3.4186251896017494,81.61551574577325,79.56959433045074,4.125
1da469d6-983a-469b-9a9f-93027ff1ca95,4552.653764505383,2.422681256746255,55.97743007863642,77.67231061171964,17.107192231659063,4.528933130411011,101.81465449345905,105.13452970333525,4.125
6495043a-2e64-4ca4-97b5-128e81f1d2d5,1691.322223734867,1.5302548991719733,38.13930267638319,60.0874018820417,10.628211219695887,3.024935388083822,85.79954866018318,80.5807073695331,4.125
f2edc6ff-e04a-41a2-a0da-8ca06aaad020,5120.027251101083,2.416665035999896,62.739870505420924,66.86091787131438,17.921951485152412,4.5719075800158215,116.55140339793131,79.42830981701992,4.125
b3554123-233a-47b1-930f-49fa88126ec8,4868.464213130802,2.729324451974123,74.54744109718573,59.1695482283739,24.398985953743217,5.267064150824125,133.2708566002182,64.33992338883594,4.125
851e2374-69ef-48c0-8918-c56dd9de72aa,5062.034021017473,3.911828162120292,123.28164156791247,105.55256697425718,42.52172591363478,7.569987945794869,199.6248458832808,124.83421652538796,0.0610000000000004
60e6b712-3a10-48dc-a1cb-ac2db3e3ae58,4685.943364590677,3.8975028104982776,134.29008535451618,115.78241322850826,39.616080680073225,7.375669566628451,208.21351255834077,147.27385620291318,0.0609999999999999
7daaab19-bd10-430d-b424-4c2008668d1e,4810.534621608979,4.012086155040901,126.51321471609472,126.5298511858164,43.175109215759,7.666232910065277,188.6894057319824,180.7539707087294,0.0610000000000004
347aa17b-d5e4-4074-8b0d-7036091fc7a9,3268.057648551763,3.387965543341146,105.63099123651504,116.47611562233276,36.517366619822056,6.763592721147477,170.63015997361634,174.82269014952234,0.0609999999999999
5fc579c7-6d2d-425e-b38d-e495b218ac53,3240.135630759026,3.650256440015618,122.7522273028311,102.66361512062672,37.820172818405204,7.039441609102996,197.95173217406568,137.08524378126802,0.0609999999999995
de23190f-d0ff-443b-b9fc-68efc445b715,5067.5029748889765,4.0727198916841925,131.3779596993377,117.55792260417495,46.1546006713851,7.901791605549451,203.14068112826925,155.8017549857996,0.0609999999999995
6ca86998-660c-409b-87a1-acae8bad44ae,4564.936765284731,3.8898503685533408,125.65118205715355,114.9110564728899,38.307756447257105,7.311537700943962,197.0950269681187,136.9353980360312,0.0610000000000004
69e4503a-38f3-4e3e-b9ca-eb620e387fff,4531.701735104681,3.769077085923987,130.96859482126783,120.13549697457573,39.18261315084273,7.205852361554635,205.89609889514486,161.2905298049604,0.0610000000000004
d54abc12-1e8f-49be-a86c-6c5d555cae3a,3866.695173857072,3.6605692679911646,129.71323249367492,118.52772551764517,33.55913685841354,6.837032099639617,202.30145112977021,156.34332763771337,0.0610000000000004
a6e1adcf-d688-41eb-a713-e440e01e173e,3123.0264162873914,3.463450326115526,107.88619528942962,123.32136760927116,33.3976240567579,6.688924059246421,169.73890018328734,181.87557260533325,0.0610000000000004
76e725c6-2f8e-4877-8df8-b34f03ae16d1,4796.002846817966,3.9269425445902435,133.71048046709862,117.81900600810607,42.2816090442717,7.52393888808752,210.6338036777981,151.1619856335942,0.0609999999999995
405a6fb9-2db6-4127-849f-7dea62d17501,3798.2617881406873,3.6078850279465415,128.52921530545822,119.45379601022567,31.479133828560386,6.70278484145811,198.5338875262845,162.95326132195865,0.0609999999999995
1be2445e-9a13-4964-a602-e068ce13a64f,2465.036532271599,3.2807190137841027,103.826443418102,130.59662946374272,29.069729886309972,6.241228958931812,162.69518648602835,193.35778368210637,0.0609999999999999
bfd1e299-a9ef-472b-b544-822722697fb7,3561.3285176036434,3.807695303195847,123.81016671150908,107.2905371365082,40.63259180626874,7.29510927412905,198.18763752304446,142.0963723082586,0.0609999999999999
0afdaae2-9662-46ef-baed-9e77aaf0eb88,2837.039738721627,3.2819131363303162,105.14882632463684,115.91443154804705,31.92958385317633,6.433961657134339,172.38631729790458,172.29905133112103,0.0610000000000008
d5b5058b-acb6-4bd4-bbd7-afeb1edbdfc2,4031.7594934621284,3.842224043070283,123.36912815893545,111.18300266315512,39.70739296403351,7.309108536349348,194.86192845694242,146.18450682634946,0.0609999999999991
c35d0bab-985d-4a75-9f79-8b44fd27130d,4323.503773103092,3.8321593779240666,121.483424540279,107.84318659283736,41.36619836082713,7.461629765591475,196.5625804245587,141.9787103184436,0.0610000000000006
7ffa783e-965c-4643-8c84-d2cf859172fa,2862.368446252438,3.2930932712052723,99.6960836664077,132.34062470750388,28.66403349348457,6.249658012099784,149.76469166486632,199.20669282896898,0.0610000000000002
a1b943e3-02f1-4714-84b1-2f3fcb2468d8,2958.774838762248,3.4595397523253077,124.79156112705314,94.23258856330624,33.274775548127984,6.610530280451758,200.400576535209,119.9815498518591,0.0609999999999995
d3147b70-2db3-471b-b241-37756cdf2501,2781.664572449398,3.021338135763226,107.10840917493968,108.56860902898472,19.135346282984703,5.40182928464862,167.70005040124772,149.02457336397356,0.0609999999999999
3e2d983d-b229-4378-8d0a-1049484eb1f9,3395.901215430174,3.4810649141225896,118.60013108623217,114.53604494415599,26.639347926349824,6.362143403223845,186.05629005922023,152.99666676494454,0.0609999999999999
227c13e9-9608-47b0-9b8c-fabe34383242,3182.8412895513857,3.4947651756956155,122.99089273580286,106.00882908643352,28.806391510689807,6.516264221709148,194.349643348783,137.66438726578048,0.0609999999999997
62dcf590-db3a-4014-85bc-04d72264d36b,3120.923344130425,2.982263816189465,108.46358134906608,97.55432766681571,17.16220630024059,5.538446401101106,176.6757697741509,126.47488217686102,0.0609999999999998
c252aa31-3768-402d-886c-2e6bb67e485e,2162.908693613906,2.6819976881711964,99.07662844839503,104.08105853635485,16.516559161025434,4.846806098403607,162.5996865720562,147.68603323011257,0.0609999999999999
6df1d589-c1d7-4b59-ade9-4e1c9e967629,2160.0116630642133,2.811215246205228,104.10375284081255,105.43752950552106,20.041752104769355,5.323844666927169,177.99053892452912,150.39261149986766,0.0609999999999999
311c28e5-5ac4-4d95-8d53-050421b7292f,3525.8921756579575,2.96065845893987,100.35087185427385,105.35251604972561,17.01521056936639,5.28561280095306,162.40536404761164,141.36114583307858,0.0669999999999995
416ba33e-dca5-4e44-b05d-f9e25eee659e,3610.969950489297,3.4046024637927665,114.84804874612416,115.55159019143603,25.35397604046805,6.299285007155851,182.1695847747294,153.98934844213247,0.0669999999999999
dc110172-4456-4667-8529-f7edf6564400,3086.1600465820275,3.085204764762026,100.95857379137885,109.14758854861107,17.75861796586855,5.360078589729183,153.07599949251232,140.045992467866,0.0669999999999998
e3ff7edd-17fe-4333-b60d-f5c4bffecbf5,3338.9644959555053,2.672760325954236,92.36894464603222,97.22972461157674,11.488055420188239,4.587854555623408,146.54268472894805,119.26324445611748,0.0670000000000002
cb1f53ae-386c-4938-bca6-99916f328488,3269.4677620802986,3.340604627625428,109.3381787332568,117.11630168539516,24.213283570725146,6.105465755969419,170.809984973527,156.20934385414287,0.0669999999999997
4e538e1c-33ea-4a43-b6dc-0d7e760afaf2,2825.2294106646277,2.956562790911863,105.13271008297367,100.9468520171467,18.98668607374464,5.387656737047139,168.32173868349625,138.8511926553738,0.0670000000000006
5a3cdfe3-c013-4d98-828d-245dd1f5b0ce,3391.5576528551087,3.3150375859639976,102.43678543084953,116.36300511514648,36.472014496807965,6.4793809749024325,168.69666688475786,166.8085616492708,0.0670000000000006
864cd7e1-5e91-412f-add3-ae35653f8f7d,4818.222759437708,3.9594673227655024,120.89958503185912,114.19665514901902,44.0525472910446,7.671771057226718,191.7055007137443,149.18523922603558,0.0670000000000006
c4372eb5-50ec-4372-a394-098eaab69812,4498.614220817526,3.80818642862902,118.23228802462071,98.61300416339054,45.44606264649855,7.531375612363133,194.338570165865,127.21206773300035,0.0669999999999997
c25df907-32cc-4938-8e4c-8d228ef822cc,4337.181668048959,3.8996855131758954,122.18403480656406,110.5493058848296,42.0583514418535,7.564360604209378,193.59975844573682,144.6635602631949,0.0669999999999997
990fc215-2fd5-4e68-8037-afdc660311b6,5261.7842541873615,4.0303136350223685,121.83205070356574,128.00719272617138,42.66260930170191,7.697260545948973,181.59643080028243,167.61812893148613,0.0669999999999997
a9c2731d-7a6e-43b4-ace2-86f3cb5eefaa,4587.457553247373,3.910341653587957,134.1658164309437,109.17093412490894,43.66193173797226,7.6540517253516125,208.92836999856684,143.9671092078793,0.0670000000000002
64abf681-cafc-4f68-af57-125b415bc450,4819.102678670657,3.943292058479929,127.86470650413507,127.4128379269359,41.55075906698441,7.567209048719457,196.85161080403213,170.25201552017407,0.0670000000000002
a3839e74-4891-41e7-bdb4-2a718a72535a,3246.3138853220894,3.4618418581536545,119.76009372985355,101.72653104215894,26.46130197107783,6.369927871416245,185.16223386961417,129.203723282021,0.0669999999999999
894f976c-480d-4764-ba55-770951d5d556,2510.0735308219746,2.983387023992229,106.16572826540373,111.51610866119057,19.36783234103095,5.346497717467698,172.9238515907357,146.19551958361794,0.0669999999999997
6af62c35-cc57-4fb5-8ea4-672768514a66,2358.630002564654,3.247177931820062,107.19157863487561,115.27366391542127,25.760905809673048,5.905579155899426,164.0930772186021,155.39652502234753,0.0670000000000002
80f52efa-6fc5-42c7-95e9-89c460443161,4901.4421601621625,3.994780851885185,125.03410016718612,111.52008197338172,50.836490989269926,7.864420637292453,192.88629343744802,139.84824891975975,0.0669999999999993
ff20120a-5d99-4d52-abcd-a89d19e0c87f,3240.654413770744,3.647071977185578,125.33035598571786,107.63596388905427,35.39520885096553,6.983852171595378,197.3689381198356,142.6930328363956,0.0670000000000002
c4eb3957-ba9d-4a03-9f71-eebc1cca3ceb,3819.248383989118,3.805558382523498,120.36328900099039,121.9123924766242,40.70317686044058,7.084256221764517,177.7012600634595,173.4894646554428,4.125
0628a224-40aa-40c7-be33-5474d65709eb,3463.9947737076095,3.130487326161451,114.17760931088337,91.85619182961526,23.382523897517064,5.516247382816737,172.98578542696615,115.7523212592112,4.125
c36ee690-e1c4-4785-952e-2929c17f6ca5,4388.512534602292,3.7440237465353423,130.98123161311958,96.13170521130854,30.748232088735794,6.827055578677716,200.17809962227682,108.24847929373729,4.125
a71992b8-9943-4961-9e37-7ec4a61dfe88,2867.9709375005264,2.2410873605693995,74.78997960940447,72.33751120658435,12.305108851847526,3.5395479664313116,103.0209843099691,79.20220117308797,4.125
07f45191-4573-48aa-b44b-e542938ed53f,3348.2668137446744,2.624941908272108,94.27800417503428,89.53528699956958,15.655620995215795,4.419849029139344,142.5201606282852,110.37141795181529,4.125
8e900e33-682c-4bb5-9ca5-829ea083352a,3811.0062411364247,3.487506436009668,112.34349389091388,107.74818550823352,31.307980507480668,6.441473652203559,178.4005635837611,144.9181753012389,4.125
05bd697b-7c8f-4b1b-9e3c-8587ee0080ed,3772.454606956995,3.3775199727805676,101.27163080726088,115.7361611354261,28.731813467105223,6.253273444280893,155.73289594095232,162.36759995685,4.125
09e9b37e-b5f3-4814-aaaa-641dd5998ae1,3378.6720908881575,3.1673118794169306,96.07133385774226,114.48974368700488,24.190275897622296,5.6417075045584415,144.22649286635558,161.29140461716398,4.125
d4939765-8d27-46b1-bf1f-753405e43fed,3486.111402633801,3.0241610361544935,99.98574496009502,102.76637879603913,21.187084677137268,5.348713681795758,153.80598867285184,144.71951897873709,4.125
2fa09330-461a-4a40-9af2-d8ecba7b129f,3703.704145117339,3.3307205669519457,119.50097277977761,106.93965573585594,24.822823234255107,6.124885532770373,190.2794040689476,140.63127438628595,0.054
e678370c-3939-4c29-bc29-65d5d4adc30a,4212.120826058151,3.7591019788276427,126.74096019262348,110.04307737896474,29.16497884820683,6.916858903045632,193.78164786640727,145.79105518991418,0.0539999999999996
5040c351-6a33-4f7a-9178-161e96da08b5,3708.543538141369,3.430213803314177,125.37720408030378,98.4083405350727,26.55601435610456,6.299726792710839,191.70489659377387,125.84644348136572,0.0539999999999998
0d3a645c-ead6-4ce1-b85e-4b88753d342f,3367.7675754532274,3.206122243577965,123.66343452100469,85.2995278844761,23.144818409956343,5.887262595989633,193.90269436973009,102.76758584861739,0.0540000000000004
10c1bde0-fbd9-4a85-a68a-5b55bc627290,3486.765447688239,3.8344859636794966,132.03984154734093,102.97589720012795,33.315565794912075,7.226211720437453,199.90758178188776,132.77098784081787,0.0539999999999999
18abc46a-4cf7-497a-b6aa-853f74a90402,3696.0964767301593,3.367812271230356,109.81417190528032,103.07644564177279,28.612368259956064,6.193636782457024,171.79229930238506,136.31749301521432,4.125
dceb238b-6ade-426b-bd29-8910eda606e4,3609.6908752111385,3.286555308175287,107.6942284970396,110.33317422822482,25.469418648729945,5.809674981443096,162.2617289354355,146.49897401572605,4.125
bd49cfd9-436b-4286-a64e-df1d557b5477,3709.184847972474,3.5567836453830206,118.56677328172132,109.72760047254616,32.709200127223376,6.539214737134587,184.54935717592616,143.02374276951107,4.125
8fa22e69-a346-493c-ba94-050d9af80dc7,3978.705252184519,3.4569390591992017,112.19948197101616,110.30220536807415,29.46688749387921,6.259141215236001,170.96938034217342,147.06113229083212,4.125
8132f0f5-37a8-4121-ba19-620a1fe5f5e7,3774.2127045882826,3.710296284328242,120.2321038055875,109.28884526650467,35.95745887483326,6.896013725488943,186.14454682817737,144.06627636666008,4.125
834d3684-17bb-4ee4-8da1-cfd4b1164b23,3581.5949543818665,3.270911392432783,108.69484126024368,105.62101423643887,26.0051362893856,5.867325752759674,166.8722341516565,140.4323030063,4.125
645e6b14-7346-4b24-864d-839c843cc8f3,3060.5632281067146,2.8366900719559665,93.14614962335665,112.69793014802599,21.22258209799555,5.006695456580535,137.25748392524704,164.74880519209512,4.125
63a9936a-ef40-4cfe-b5d3-ea1c1c697537,3400.8004318002445,3.2581919554873027,113.13054532835166,102.9674387781643,27.103669117925048,5.944129974717209,178.4283900945257,138.20653070823505,4.125
4095f85a-bf18-4685-9e81-fe4fdec68981,3352.7500045565153,3.131017657719049,105.0211085806173,110.97772386261752,24.656838642378105,5.54716258423718,156.47464844105812,156.28905379859654,4.125
a933165a-174e-4bbd-9ff1-1cf44885ba79,3246.787876063829,2.8215263306279192,93.7857713128684,107.65857597504196,17.663930061113255,4.796840090619748,139.94825493292697,148.33801634044383,4.125
bdc3e3a0-7c93-43ab-b135-7353cf6fde20,3712.9183677290684,3.4095639764286427,110.68437002005308,111.58044462351091,28.291756155561014,6.21206873532627,172.1514805601145,146.24591871142403,4.125
