track_id,launch_spin_rate,apex_t,apex_x,apex_y,apex_z,landing_t,landing_x,landing_y,landing_z
065c1384-11e8-44d2-bf1a-db288c0ed636,7346.760534895114,2.511215169439846,45.02902422011586,88.20819395827496,17.255423941876376,4.8636782587376715,81.34548334036728,122.90920025292719,0.12641107088151599
a97c3116-70e1-40b2-afd4-1a00b7147363,4435.716081358876,1.5727894059752334,20.45635146466153,77.08906722846748,9.172579872898242,3.11873537373386,50.30398947966082,108.02900050895649,0.14930747175184053
c2dd368c-3e5a-4ed9-8e6e-db8551dd47ac,6102.8740803049095,2.5169567545365594,54.619456841615246,78.73348179900508,16.10756635300075,4.838848615604081,99.74319704508858,107.40098463487145,0.08171142173319552
dc80735e-d8e3-4716-a20b-73c189f9895d,8944.147545527683,2.583656626744993,40.023007392874185,58.050704720866236,27.474664710820527,5.302336802565796,82.9333088972739,70.2096847950451,0.07578733956219094
9552ec97-ca7d-447f-8d11-5b17bd3dd31d,9474.605199186695,2.4321184807286675,33.04682875806573,62.946947459206356,23.075683504877425,4.995831337285549,71.83490484093504,80.54550430405955,0.09042359664063088
58f8ba48-c1f0-41d4-acf7-5f03009f021d,8856.096539705257,2.457933134571306,34.91187093444063,64.87859510309757,24.620225755277488,5.047196790538367,75.81674973105063,85.28821489704855,0.08848422241000117
d6e63f52-a798-467b-a0f5-f99e65bb95f2,9322.569411482576,2.4103945761446104,34.137740716332814,58.72375218964471,23.995328836769133,4.989393598821783,73.85837755930291,71.0756925792314,0.085085169193315
29a7d003-5dd8-4bf2-a5c3-b43a0e62f453,10049.10003991194,2.0700708599457576,23.38104209420183,57.419810456947666,16.383478138744003,4.131506586641629,58.49236865004998,70.97943851773069,0.07345566978061915
2557cc62-a469-4998-bd82-3ac4a05b6e1b,8955.361239941847,2.410231004009078,34.87825537338964,72.93814429564182,22.06670020100872,4.9351060764163135,74.22766189508356,99.04578877261119,0.08168957886293735
acfa182f-177c-4d4d-996d-c573e242e566,7833.374434854192,1.7494624400845669,20.982774680910122,49.51654459424312,12.923091832334128,3.526452986064515,55.69288860844098,59.21189267921541,0.06130838693496007
0486ecf8-2e97-49b5-9e21-5da6b7780770,9037.323510257003,3.0162763022239245,61.77740621967267,81.11564752380711,28.656507513723888,5.9596382172066225,110.68903113031612,104.19968905051098,0.06493067796138119
ed127a2a-c0aa-4757-8860-ce5f98df69c6,5441.436764456574,1.55776746344304,19.277731426255464,47.74595569773196,8.950354954232674,3.1793454976289346,54.94838635805669,56.548311081528325,0.07329412332719117
d2bcae15-56d7-4a9e-90e6-95799e3a2a35,7337.899099325742,2.2831946580996716,41.48513081905979,62.264932724133416,18.210668716970247,4.660501572303323,87.12637686681978,76.97417977920725,0.04445107899780314
72c0ba08-8f1e-4565-8717-2324993544a9,6659.26977398533,2.232512578128339,36.12874394212713,64.68322983326443,16.573226929170026,4.5287330843273175,80.84879015592733,85.46963691905512,0.05493577000662939
de5c76ee-26b0-4d84-ac1b-c4ab47500671,5254.803249967012,2.1433968435494073,36.29103381200666,68.38589242615514,14.654474815045933,4.262842120968013,79.94685318719299,93.49310980607905,0.043185765085951094
f129a513-86f6-4729-b8b1-18d1e4e43a56,6645.288574486332,2.1937865364221953,35.56070717781212,57.79147832612294,16.624821640985356,4.433896941363886,79.43240608336177,69.62243525184333,0.06431012597216992
73067808-1bfc-4cc6-b493-4c447f40270d,4332.1069600679,1.4691684376970526,19.077200077514668,47.66093117821505,8.207415725464477,3.0273538613291486,54.34800131395318,55.56202688173505,0.08348379701271895
285280f1-1f6b-44bc-a2ef-476010e16d49,6172.909588498344,1.793054251209061,27.437956062078335,48.54690595830058,12.726245200752345,3.5296327771051628,65.72827045022618,56.732848149207506,0.07796454827147721
be4dd272-b23c-4e97-9d12-f5ccb63cbd29,3222.178392759374,1.4361766853053686,17.037550538381133,64.6408767002325,7.209443387112946,2.91077021826303,48.1401867245861,98.29283048056749,0.13815547214761198
019eccd6-c8ec-4628-bbea-64799279497e,3160.591940639544,1.4476374090033497,18.005959341115847,68.76241841587071,7.167531038233344,2.9143840401544074,48.61398373232655,101.0469234476838,0.15044252435924094
76f72813-9fef-47a9-9dbf-e4b5d89c9186,9616.43300968612,1.9340465306847967,18.687398079966336,58.988046826587755,13.7745136453658,3.8616493534868943,49.08571361181427,78.8723482924036,0.09223109992444559
b23e2488-da48-4a9a-ad0d-d4a4cc9471c5,9269.965510099059,1.842517207607966,17.864639867751414,59.46020557380844,12.646260948377158,3.656327147872247,48.123389092650164,78.78250939071411,0.08561976694474585
a3a794ff-3a50-46fd-8b17-56a2068e39fd,9605.335270303072,1.9416397857809105,19.126722077983736,59.42451597811008,13.457724167264525,3.87829761444472,49.4526607532615,78.86555416924534,0.09312927785894971
f2165cd4-8627-4dcd-b620-b54cfad875fa,9412.864577031694,1.8705411651262966,17.367556315440375,59.17795439088705,13.267896088933295,3.7467781484471834,47.51446676678628,78.56031517765248,0.09102636145786072
804862ed-3f03-4534-9db7-dda652f24387,9653.22572651965,1.6058520476492006,16.388219182697107,46.96649328540471,10.174362976321175,3.3012423358532543,48.51196031158928,55.999392649505396,0.15852952107197538
fbb23eb1-79e5-4f5c-8fd2-07d12590f9ab,8749.434052035276,2.3886679554541432,43.47558793817736,68.45202497548735,16.61833113017557,4.732608721262413,86.85750827505834,92.58499948225258,0.07674601656447241
a29cbdd8-393e-4c90-97e3-00d9624e625e,9007.008601705918,2.6582766048864697,47.636356772237626,73.04540811070012,21.382064674342192,5.223015117959746,90.06902946541729,98.54285568275009,0.08023396764072543
0ddb7709-d9f7-456a-a227-71c9aa57b9a1,8835.802657554275,2.487933634626065,42.93614744166618,70.5585967581419,17.97751020571661,4.875359913567954,83.78688091903561,97.80795454744852,0.0863574265820389
9a4ce044-d674-4cb0-a8cf-e330fa857125,8369.375176301539,2.43208438772265,45.75464997158288,70.25744628887529,17.5984337406642,4.825332852458871,88.87165670599231,96.7262225172416,0.05774537911022247
d854cda9-05b5-403c-864c-f6b21d9655ec,8591.343278504468,2.565001964641567,47.47496163024239,71.93783126957375,19.047198364653166,5.03565106340487,89.4658915374246,98.54501167631575,0.07207204775389867
bd004b3a-5a67-49ee-b5a5-afdfe08e5aa7,5793.915655083049,2.5375822166425,57.45232870968199,77.84608258434294,15.368219516880563,4.740785825319591,104.0444722768377,104.66545941179511,0.08789420877241429
bd39aa44-4555-4e73-aa42-1757251a92b1,5189.573323926388,2.9542753538161577,74.83348567810806,83.86566848083223,22.203183788876366,5.639014678559039,129.3936575985829,111.40925608221457,0.06873114837113883
9d5b81cf-3435-49b4-a8d4-7f2ce906312d,5912.855485185339,2.6544423205143355,70.62062956975397,73.09061165273795,15.967626846521952,4.858653567675342,120.78318095957616,92.33627590723454,0.03318564217730101
9fbfdeab-f375-49a0-b030-27aefcf4ebe2,5015.263368062091,2.386192005144003,55.807672998298884,72.09830980695685,13.983415825372584,4.475369579318317,104.36449975012741,94.58428733654947,0.045737626666932284
f9636e73-ecd9-4959-91b9-20e36e651231,6016.738912278309,2.9330871469783433,72.55957244240108,82.76473475185348,20.971100092807696,5.4934874822158,120.36590235855824,110.2384844573647,0.078111385843554
54c5a503-27ec-451c-81e6-d610eef73666,5615.563513414747,2.5813746334828656,64.67063925100562,82.98341196889811,15.189334450281034,4.787756293175318,112.10257822379603,108.7823405283907,0.06467951125237018
87679773-3eec-42fc-892b-b143d4bd5d6f,4940.3901978987205,2.6417026280901617,74.91238990974955,66.25648356926092,15.728753073392493,4.842932549398978,129.897579272904,80.91217745252695,0.05333375099081731
cfe21f1b-2c25-49b3-8b18-447161bf8e12,4558.335439915807,2.4334123415196727,65.07640932647327,63.87638070087799,14.248759352866998,4.510467122117812,117.22991862108313,79.7202004101821,0.0463982974142209
5edf441b-901c-42b3-8436-39c6fab563bd,4563.0895125890875,2.240575244850537,60.96423863410644,57.774841571917406,12.231494542773925,4.222627736130027,111.89000618045559,71.26452379107664,0.046851714340914806
71979658-b314-4131-92ec-87529509adb8,4880.324109022741,2.722583373650946,77.7081209698562,65.69050733263276,16.856776075200624,5.078103573351265,136.29320226263002,81.57721586123704,0.07436776197731008
271b6452-9b23-4e6c-be3d-8e30b0dc4910,2813.0619017685776,2.914135105936988,88.02148017452936,91.23220975894147,21.960870810781536,5.601971292217018,153.50831439614885,123.93116257998642,0.10269506678284453
67f65d63-9f7a-48a0-b120-910512f23427,3346.9416023626172,2.8260716622479753,95.6642862896773,101.52912868040207,15.666485002445677,5.2367124881566305,155.25075789751025,146.4646909739102,0.0835647992140141
95b1bfbd-c166-4b6c-a980-193fd0dc2ab0,3866.4132448866776,3.0900621214317887,97.94000666406858,99.54650683790838,17.382017218721227,5.611291109795865,159.06187582728194,136.88538748904418,0.0839203151534063
e50f7ff5-2575-4026-b5b9-6cab680afe19,2966.98489782426,2.6052959510719367,69.1951159334543,66.10875609037723,18.403692776431836,5.065421126209025,126.42277013957178,83.36456932836472,0.04617229941222314
5d2114db-21d1-4805-becf-69734cf00391,2890.1923843616905,2.593926625295846,80.13413135379851,81.56809074123802,16.57115102449758,4.900613514067001,140.0759869814171,114.5973066581083,0.041156566733256864
042454b1-8bef-4869-8efa-95e7031f02e8,3610.206945967203,2.710443203964505,88.75298837310136,91.57757080989475,13.549794021468609,5.0869475418096615,147.88839941116572,123.42415525631205,0.07313949240779954
a2cf6bc9-2baf-4ff7-bc0c-267104b6d179,2338.328127676987,3.0483526082109464,105.52436796209322,100.45483056917858,25.838937012454295,5.945745078580659,187.27684034207556,142.3340962280728,0.09987156751723812
5ead2d3c-28cf-45b4-80bb-517f787c323f,2231.954803703018,3.0847628849586153,108.33680271506266,88.68308162900723,27.188385486651924,6.040975298612063,189.60691751691948,114.32619045239338,0.08067381770719233
205cadeb-9451-42c6-8aa0-70e053b96fc6,5308.663944613293,2.252522898877293,49.989805982230344,69.43803110246348,10.10001483859175,4.082837284933221,95.20867853415601,90.73699570148233,0.04760502287265588
94c42ee3-5858-4f12-8bf3-4a6c1ddabbb4,10151.828329407279,2.746007825792236,47.09837258061638,70.0849925015014,27.021844861097566,5.517831091671641,92.07537875691295,94.75673933265202,0.05240245488034033
aa1d0fd6-5e2e-4832-9565-3f6b32769e92,10481.851450970626,2.7831832761262123,47.43258216601314,69.66316296143911,27.330666418513523,5.568569987946284,91.61970595249336,95.70485393958599,0.06655911631460361
667ccd2c-9b5b-4a22-8411-90cbff82d9e2,9918.003317292974,2.9710576999055536,48.213176051656475,70.50843976764459,31.5627114477075,6.041447548741656,93.99069694775848,98.00761309125502,0.12207349970957568
18cbdb71-2f67-4e74-8702-b88b142b1a49,10564.82760341622,2.9231588156482333,48.63553191573534,72.34856911443269,30.63587595119145,5.931258223964494,92.99236515652058,98.29000227819876,0.10522972155747698
046ef719-e596-4bf3-a6d2-0efdc7461188,10101.60054471503,2.8987819448587677,49.04634232565652,72.07767213593941,30.136260526873848,5.8834684525944025,94.54211358157659,98.26659039502456,0.10374789740280906
f667e2cd-1546-4a41-b21a-ef797d0a4a57,9776.283582094282,2.8133648194466616,49.76096944203062,72.53320013005947,28.440489879761714,5.6681553382358185,96.54200114841629,101.14626220756922,0.09060863336755184
fbc599bf-8339-4657-a7ac-0e086d546b67,9753.111497960432,2.855611908073123,49.605326564079334,75.75532290507583,26.176329207223866,5.620464416640632,89.05545321015339,101.6309305395808,0.09118143412032605
8b516507-24cd-482b-8d16-8a57ab38fbb9,9229.575289040342,3.1589843083331215,62.87346086815114,77.45488093026714,33.363510099849066,6.354672147284539,110.79085845206994,105.3609626576194,0.08619973560795238
5d5590a7-36d6-43ec-9055-94f1da1c36cf,9222.928638365087,3.2156414536670077,64.70023096443194,81.6253574659344,35.544419821649115,6.538065774752489,114.79505568998074,113.04711090976075,0.09882129479694748
7f1e8c76-e15d-4af0-bf35-89ca627d3452,9358.226352541094,3.195489010757125,64.56260160846766,77.33537864117113,34.40210349242435,6.451592338039139,113.26118690148769,102.33325207830606,0.06974650316705924
26b6cff3-457d-4337-99cc-331955df85a0,6509.764737680634,3.4137992691447834,90.38583918118798,80.48783643685941,35.46980832263887,6.6257970797401935,150.4939564166763,104.8363539841037,0.03230793863343787
79e47389-8820-44d7-b7c0-6e950b4f2cb7,6013.5348861807015,3.2822624445260686,91.73697985335454,79.6969408777403,30.93697659359831,6.366586206449216,151.26839452978226,107.23068929998814,0.04360206599029474
d74de485-c6ab-45c5-96e9-f83f4196b7fb,5792.896950168714,3.3449138377697856,89.70438260240716,90.87573780958148,32.65036823187002,6.4770721149982675,149.25664151355244,122.63474170851259,0.11474204360484681
a8f7f150-6b4a-4d84-81d8-6a09a2ae8f69,5659.785826477133,3.298900940567292,92.7317911796217,86.95753767786758,28.96561408646816,6.318497942175791,155.18238774073006,111.62136943945214,0.053336038024560904
3aaa3f0d-ec85-4e13-9f07-68441460bc50,9028.402213313782,1.6167813905007022,15.1927377178317,51.09635205540815,9.514225682027647,3.313170896394842,47.8200885092097,64.03584215510118,0.09247681085779273
bbb67396-abc1-42ac-85d2-30ad28fd17ea,9162.1280228232,1.6800359069206123,14.295102952735027,50.74779345280179,10.964369833571112,3.426411045778848,44.873191380862785,63.8514137396289,0.07010757194016351
78560113-cf97-41ac-b047-8f39b6ae460c,9738.937351007591,1.8464607142083775,17.742437412748686,51.91161728598024,12.754028725368098,3.746452759234078,49.694104537943396,66.26629621363747,0.08416332012333169
5ea7a8c1-23bf-49ec-94fc-da69d28234f4,9723.687167484128,1.839249908955114,14.294277140555792,51.388305160115635,13.22925704344332,3.78349799609324,44.12152127917504,64.69446453879115,0.08671191963820199
6cc72a91-913e-4736-bd40-ca013a3e8295,9622.069917998619,1.9317730793347814,15.663178008799003,51.129825011849455,15.605134694801183,3.9452146601709495,45.54408780641537,65.19713332140523,0.092999818856164
2f1acd30-2a59-4ecf-83d6-e89931ac79b9,8548.324477346378,2.3109822902769612,33.24209428679757,53.26481090816232,18.00330560225224,4.537596949700922,69.76473107368602,65.74048079691377,0.06727074097283274
ba506784-037d-46fb-84fd-bd7c55df4847,7889.268044869032,2.3612233024251883,36.65990695899857,62.26745599019,17.522560675851892,4.706232962258275,75.5685200131726,83.27440796234119,0.043997232923674884
170c3371-8968-4128-962f-7d9b5ac27875,7518.535694403296,2.3096748208505145,35.41148694559719,60.179071908789936,17.9009429382753,4.603344744417195,72.81984647949479,81.7860461441014,0.06535228749256179
7a4eeb50-e853-429b-87b8-c58c1da17c67,9354.7377475324,2.4055837329849155,34.01141933471954,63.15004522539131,18.34537359669698,4.7924285415952115,70.36316723634572,83.10994100709081,0.055910630258247176
b6887672-1f22-436f-83f5-6e7b747d4e1c,8929.803327359044,2.5330519971967975,38.44562022160345,61.09023931359993,22.132723169313163,5.040074975866292,76.44798792153738,79.34898401040996,0.05429993152921031
2b2a55db-60ec-49cd-93ca-27fa33037678,8060.66458940758,2.380697359755743,35.61666330748538,62.455314278808075,20.028673643586018,4.807126155107386,75.2507559185137,83.72057120908332,0.04693509849318648
ea1553c2-5c39-40ed-a770-03abe6f267ce,6546.8775054034,2.4292953426201658,43.212482312410444,60.17972995809957,19.31381193697126,4.843123073495003,86.54195025228745,80.84599408385671,0.05667105071113323
559f9387-ec7e-4f4c-a9d9-d7fa83de59ca,8847.31529694845,2.5580734119371185,48.404693789485236,56.4745255464234,20.768951038566946,5.067405730748907,91.03040292909972,70.00087551422482,0.0861290174084331
491227e2-47ad-445d-91d0-74c64324e7d7,7357.166784732342,2.35641437322293,39.5687179599394,65.75829991688278,17.575930949608058,4.70470428090502,81.55083591287168,90.68844610270355,0.04636986984453477
89cafbe6-859b-4c09-8326-7f78a2a35b40,6789.896542722325,2.369414710054889,43.02547380356118,59.01469313363558,17.46418475992402,4.685009723002561,87.03831085354231,74.78967967465204,0.035509031440348504
77376e26-4b73-4547-bc89-7fc10dc9f8a1,6529.619298079802,2.526488296695706,50.65373720766525,67.13382534969749,18.895610607200666,4.919884062933612,97.18458514478095,89.37333285771979,0.03447542043168917
01436dbe-011a-4f2c-9c8c-ad0995d3deaa,6665.436374588622,2.5237942432346716,48.330718830646106,58.0591264443683,19.92140242222025,4.974309746111172,94.93522259045236,73.41217407848303,0.04424017320592949
b62b8713-0c07-435b-9587-bceb41783ca7,4298.172629726965,1.61560527431186,24.656901813490045,60.10476376260872,8.892884915453502,3.1894363741953238,59.35538958571883,87.76494253832554,0.0746479464070433
3b572fc0-c712-45b6-a54b-a211f9a1e855,5595.965363201356,2.362547908279639,55.92410783189847,60.62815006119534,14.626351930120654,4.552790165212168,103.930048134134,78.48605193141648,0.038880889425582356
a25aebd5-1d5e-4a2d-a6d6-bed151114428,4459.553791476662,2.292222805877931,55.22175791910664,73.345776570097,13.75147363916653,4.415987039278794,101.01844365511623,103.3676515823383,0.029806989290300224
d7fdd9a8-1d80-4ab2-90c1-479a24ca098e,4552.809379377008,2.3322896917483584,55.48401871814483,66.83094959011049,13.015759750441717,4.346773303100315,104.03916421251829,90.18052606279501,0.0494053452978961
2fe63d5a-bf78-4bb2-a686-be1f39339798,4150.03198561975,1.6512087008487022,33.83211639384365,61.08209167761938,7.455722571417641,3.251872695346845,74.01817186889605,83.8928554435053,0.03252326443197269
d7f8522d-0158-4495-adb1-59ccdf051f06,4030.4623171534754,2.409156568586438,54.55246787530681,65.8228750541526,17.18742838524583,4.701743408505524,105.75460902090408,91.69687366527793,0.03630820882834629
4149f908-5895-43d6-9d44-703a5079ba00,5985.43597195708,2.620224048032924,54.5228133731786,58.15390566656341,21.865258477859413,5.121092443205129,106.11859349547076,71.24760526114014,0.04285267338429398
c452a8df-fb9d-4b2d-9bbf-7d9acfac3c64,4818.083275687504,2.7987883534214433,64.81178695355489,77.7916958326708,22.651994257381173,5.444328626323352,114.25227410597645,111.4451867831832,0.014343341285135966
460f06c0-b95e-4241-8a71-b501e838bc2b,5673.109192276391,2.667581597919419,67.50836086859195,78.76900516752214,17.308076323598705,4.9733857120797085,114.20899015686032,108.22925857545086,0.04162000097613699
b39e34f9-1029-4c25-8cf1-6296b79fc83a,4231.903164185552,2.9831063938886038,78.63117545096091,66.15894281040242,26.605421098954185,5.875153494660654,141.65504847464254,80.24371695744983,0.033859329346160164
bdbd98c2-58aa-4bb0-a104-e10b74b644d7,3557.44306316778,2.8913061028375178,77.65590676944308,75.75653615903283,25.584605208315256,5.772784697323987,140.8485927253608,102.42893522640375,0.04828547746131876
4d93adb7-e8af-4862-941b-ade9eea45e72,2526.498989336366,2.7733069009063627,77.60336924748181,78.5817543628164,22.017287034211314,5.382087775215895,137.87067400355127,110.43706798691991,0.06410485614435554
3879122c-24b4-4286-9e3d-8259524ed42a,3368.5952498155734,2.9328045663518565,78.95774121544994,81.46735751181332,24.755235403627594,5.728321223361412,138.86638823011535,114.94699457749766,0.047068181507496344
6ec38a2b-eb4a-41ea-b66f-05fff95cdbd6,9041.243390339587,1.8427843763404241,16.929370346948104,55.52399146702603,12.570525053693709,3.6771212850514265,47.06092123217136,71.14865902886056,0.08119123021229283
e91a8a1f-defb-46cf-99d5-5811bd73963f,10752.899242305772,2.154861070592601,24.95714333629575,62.68427815250952,17.2111184052078,4.313081501416887,59.73460223825765,81.63152323727103,0.09724046032548908
3eb9384b-5a9d-4ade-ae62-a7c1be2558ba,9990.624696840436,2.116989465427026,23.067291066177813,57.788335772506265,15.334115386082349,4.207066386667114,55.468767822021185,73.62937292460333,0.07784082447003834
ff3b20c6-b531-40e3-ad06-01a9839661b7,9840.314534887062,2.0275364733464643,22.71378686478547,61.10237620609816,14.447236365316195,4.037561437326785,55.70995424603802,81.12072398779996,0.06062964854899946
f9a8bdb0-87ad-44a1-8750-8afb20b99747,6842.716619179164,3.0323574914933364,69.22619155017931,83.07446479798037,25.08358922360885,5.827317035946811,116.27478912848055,111.99082757165702,0.0999984823793401
4eb60dfb-095b-4be3-8253-45b92fc87274,6059.546197421351,2.98889069266244,73.37133958156826,84.0160197883404,24.471191189896867,5.630201892043584,124.49614123143746,113.88890741128493,0.07289722315510187
4bc6499a-d45a-4100-9e40-08df54b338bc,6530.0893209809865,2.943468086472252,66.3929108727204,88.20609272589026,24.523251903301798,5.793697227508119,116.16807069960592,121.67509422616419,0.1059498437750972
a7665d5b-a238-46ad-a349-e269d1e8c226,6173.306029817655,2.5857928518262314,61.30974621984982,81.71449697050586,15.189682260459467,4.824465193423489,106.173188703248,107.94192089654796,0.07196519141471841
7acab961-836c-4b84-99d7-d58b988ad51c,5864.491635205871,2.5810367876956066,62.35654776818336,81.40610977786413,15.280677815601624,4.807132677443135,109.54232428914898,110.16519774802609,0.07632722797765022
ed976902-152f-416b-adea-46b5302bac36,5509.595408323885,2.8746315818380315,69.40021134122284,84.45508059216533,22.683711018604107,5.485964121705321,118.79993639811266,118.92533253298011,0.06274010685340498
c704d1f4-814d-45dc-9d8c-735336b227a3,5429.431632914651,3.0197913257538644,76.63836324191627,93.1762346837969,20.60997713359608,5.7482833135002265,127.36069176865041,126.64417724282237,0.09262565706112953
fc739e37-5ca9-4c36-8da6-e50bef08d2a9,5365.071737699117,3.1518337126184965,84.04773172619645,89.26826950570049,20.377287244522783,5.774037282751412,139.52043141286333,117.87835539848633,0.0716596468985399
89c23458-250b-4b10-8e94-8d499bdd5498,5616.36175437332,2.9465380720892638,76.42913601906456,89.2156203894177,21.181278697558774,5.627231961083672,128.0474016656408,121.7689184505995,0.07938505536537314
6c86624c-abec-490e-be37-360da0dcd20f,5035.120810778848,2.460385918804392,65.63880122919578,83.16414149298672,12.434675606570911,4.467600305327359,113.01613516277739,109.75823920335168,0.05817506814575887
44e63caa-fb51-44a2-b544-aef1dd698946,5288.248393509169,2.514956495916667,68.77192525620578,78.32975988769773,11.425281506372151,4.5019319693261055,117.1066261155948,101.03091318766101,0.034449532383500084
864c741c-d150-4079-b123-52069dbeeb30,5224.796434236507,2.8353690055370095,71.30511267192261,79.77195305888173,19.65025879480451,5.294195918630825,121.79289851601132,107.7085882091255,0.04798555135118189
db7c1bcb-9538-4ef6-af7f-fd9eba7f0139,5246.417339819691,2.9144856940055233,80.18993295938563,83.44088100783233,20.599089582190715,5.576639772728643,136.04733769439304,107.24562374243635,0.06842959723984354
2b7f70bc-cf60-4da4-9c52-4ed5b08cb0af,3142.8750054698467,3.205666576903886,105.89022595076271,103.99300084002682,23.920189015273145,6.041275005825515,176.9788063157092,145.9194251421428,0.07649514600609682
10f71e6e-98d1-4f04-8381-4e7f9a582ee6,3129.892463526061,3.138865823272396,98.06328426494305,105.17009744854492,25.219014393504033,5.934090094031103,162.3303737719171,150.70656969379988,0.11249296484691525
2a249c7e-6731-49f7-8ae3-67a6bb53fb71,4073.994971173456,3.430136973462232,108.78331148314842,98.56386187165488,23.951341444391744,6.2906721825186365,177.29419675281173,128.2969960869037,0.05756929108539873
bf6a13d1-20ae-41cd-acfc-3fd6ad892592,3428.2188219108393,2.464492895755639,82.3797329644372,112.8041144315429,9.557196525669761,4.280953200336919,129.93302936467757,150.57369119017466,0.12032869014709532
2b8d7290-83a4-49dd-bda8-8eb6f71410eb,3360.9112829735627,3.416493912512608,118.17555251608493,112.95817313322925,26.884711273599557,6.369410429081424,189.2849854137009,151.99070473488797,0.05903688796156251
6d33bb9e-d366-402f-a5a8-5b9c19aeda14,2808.689013693647,3.2024527233793494,116.94417222633929,103.53499048817878,25.329202780360866,6.040314221516398,191.9790680263759,141.07972138562783,0.06802562364434585
a1bb2370-76c6-48db-a018-98e3bb26cc6c,9936.27002605134,2.5403884178080363,33.340785467146944,64.59211086074929,26.792448693068216,5.235916830552531,71.04357361021799,87.9577810653127,0.10211601565950394
06f8054d-e9d1-4c6a-a16b-6200fd544c10,9880.550265824699,2.5609010679401107,35.50574293333085,63.92302891397948,27.3718090614699,5.285462551964109,75.03491348205735,87.03001297809278,0.0904253530331434
dceb788e-62e3-4b24-bddb-e1e3efcc7010,10111.538912757485,2.566777535253313,33.31991968395445,63.058506886150816,27.231777949305773,5.291104506492973,69.68880925879772,83.64500759715472,0.10840263375051953
dcd41b17-b669-4514-8e82-93305548c3a0,9648.747104169783,2.5431363445545214,32.850361767366095,65.3152392902336,27.030453237782602,5.246878909259702,70.02359714930324,88.43292812503982,0.14244898443441056
dfd6cc53-b67f-44c3-8a77-97ba2d3f1bce,6118.330985199721,2.419033414724061,53.12141257414201,69.93449118175583,13.765400533564542,4.518222989476863,97.11815912048272,94.22421592347905,0.0718403654672446
762a040d-a259-4d69-9844-94150ab0e1ed,7877.547174907352,2.896776118956035,57.126815810361315,70.37415813446489,30.034387900200006,5.874014637444596,107.5747151141795,98.45119235452601,0.06856645610717924
db76eae8-da8d-4001-8d67-9d50c99819a6,8920.840190552577,2.8440555688911395,47.840350165229886,60.64337239941439,31.156001645218367,5.842732254695919,93.17828096580088,75.18958422471101,0.09788110904969052
23b9b837-159f-45de-b5bc-748959019e89,8029.3202564378935,2.896218438583313,56.31892287450971,73.32067793011987,29.57192777502117,5.879342022132787,106.75145485725389,103.11627818399134,0.07433668862286498
0db70d1e-5497-4cea-b8c4-e1b100526016,5518.048267899026,2.909995771131726,68.11977887937573,75.09536993184744,23.516154961848628,5.619300355191009,121.26639156570718,94.95758065931177,0.0407653976671159
4db51cbb-615e-463a-9850-9bccaa3325c7,5835.835289416701,3.0095499192700466,70.43887468001597,78.24263703870676,27.54185243295883,6.0598696816848285,126.23195693299212,103.37215258027796,0.0796962520856431
6ab3a8ff-956a-4a64-a439-6d2aa6461706,5408.4057397039105,3.10932811891787,75.27740135736356,75.84894476812579,31.224926230585872,6.316255920582848,131.75119067952988,108.79328845433949,0.08429726268130014
f99fec61-1540-435d-abb0-ad2e9f347880,5986.078603110301,3.0527395723742026,70.41398813720471,71.89583744886365,28.042291355454914,6.012727744015509,125.07627043622938,90.75224516315129,0.039198794432305485
223def40-4905-4699-9354-7d96880c3974,4639.343931133146,2.7993631065967004,85.11116001462031,70.86977859196595,12.767218175708418,5.076265002391061,141.2942591424115,89.81169634473392,0.09352774175855139
80b8fec0-f656-419f-bccb-0998a044b4e1,6128.730627297385,3.318117448228462,88.00247166730146,74.27579179410347,31.76540904790993,6.425145438311406,146.31308757283722,88.55406367826895,0.04204192377553077
ac6aad21-2318-48cf-a2d5-6ff48c1dc9af,6749.165703590552,3.1922570612395917,81.73773778542409,84.73810231498551,29.963973255931897,6.298495474550896,139.2519723228282,102.27054881521813,0.08062802392458349
877c21ea-833b-459d-b98c-beff651c2d12,6136.4007877150725,3.31320399790471,86.8042458659267,80.78740704280516,32.12229346689763,6.421204106934837,147.24422888214434,101.01696540652256,0.035252625939505636
f93fc728-de04-49cd-bb21-24b9ef3f4620,4118.208898735617,2.60133934518725,96.07364846881657,79.67560705449394,9.289280599189194,4.292651249498838,152.27717698201897,94.19172805224605,0.09799064647167273
37e236ae-9cd6-4e04-9f31-bb7c00142f2f,5479.930087212013,3.5337954851513302,106.95689114702068,84.5230472932931,33.24822177279047,6.7295360830859305,169.37932581300987,104.81787869958721,0.03602235556771115
9fd0315d-0c9e-46ec-9548-c818337272d4,3446.014115316052,3.2832688825629512,107.76613900414841,95.19498224133574,23.035723813390135,6.129192489031246,175.36414282966905,126.86425717771684,0.08205880901940406
55341300-11e8-4ef7-80b8-8cf8fbc54acd,4132.9861222454365,3.3814296404954463,109.14310416568394,84.81632205939779,32.590548179964976,6.59450028553259,184.31980775583816,112.40911804947898,0.0774056477236296
71140f76-70ab-4870-b3c9-5f74b80272f6,10206.226463087305,2.371430175123647,26.80910651978528,62.32558060875357,20.61478655050363,4.76085990951419,60.35869326107017,79.22026806567317,0.10825070158904579
ca069d1b-5211-4b9b-b2c8-8aab251ff0d3,8548.459466509657,2.991428534109547,55.902047053562534,84.5759767512315,26.304613593230773,5.890022070364052,94.98617498797059,115.14090747594676,0.11038465491605624
eb8aec0b-d07d-4bf5-91e5-edfc4fff488b,8656.793114267708,3.1404740565109854,60.709793605229265,78.02502063345985,30.25681687902094,6.180971723223183,102.71813609774468,99.08847010033773,0.06884839265684045
967fd4fd-083c-4b39-a0c7-9dd119995cdc,8169.273775000451,2.891989514115309,55.31622465392909,76.85231412112356,24.12477512093914,5.5903399266711125,96.93217399985188,96.4149084945006,0.08240723300090198
495268ac-17e3-4fed-ac7b-5c3b7c8f5126,8724.075430915476,3.0652934481496317,58.551484946205925,76.9105562112841,30.46734517097525,6.090722568298444,100.73035525200365,99.35866169706556,0.10853703756867392
e0c7ad92-dd11-4ada-a34c-bb3cf98d0f3a,8548.391405922757,3.0133862649813965,58.94427899510324,84.32958303097212,26.625784209033846,5.9214473326287145,102.24431714318511,115.06243202377473,0.11775817571760532
88ded410-842e-4fc0-94f1-499f68f62fb8,7641.720483699792,2.827516862074213,56.611959677207324,76.4806529139684,21.71468238966587,5.413999796877638,98.41743065190562,96.700400857032,0.08367105477389489
f4ae1e4e-8966-4931-b119-8e390bb55724,6266.888328904937,3.2136371939871586,78.1912095997613,85.62917965088613,24.06889325138414,6.0302141416526895,126.22782889829759,109.97983059019025,0.04925249773362162
86c4f33e-9fbf-41a5-a4d4-c7d8366b1fe3,6208.776930636872,3.0687200140340365,75.65089116306544,90.15863725344835,21.961829140795004,5.83996170710538,123.42660162196077,117.13506994028812,0.08205422087111619
8e951d08-e6f0-43bf-a1dc-31eed5bea6c5,5273.056986853327,2.6154305171853034,59.713374397891144,85.71337131189513,15.957236857403426,4.88114620745921,103.78650362728649,117.51434865190677,0.0930871608318486
91e95fbb-0a1b-49cb-aea9-812d8802b36f,6281.463893906316,2.9548702874448454,75.33221658811726,81.67309898732739,20.983359334559687,5.437564750625673,123.73361644501497,102.39396021774239,0.039872747919876675
b6d48086-3fca-4523-a362-5fd2fafe9af5,6690.90087272279,3.2586486024209855,76.4824747758613,84.66506368394808,24.735391281295563,6.129248215823882,123.5967058840341,104.86789419752286,0.07048140624546469
77e23cd0-364a-4071-8377-81ffebfbafe8,6254.592016614525,3.1047571022910745,76.07464195851944,87.5772793877903,22.808923654637436,5.989291757107932,124.35972982866674,110.39238217101679,0.06910826636851909
e8688d9a-0af8-4481-af88-b67708bbf6b2,6558.577931567423,3.191996381399531,75.36431170079183,91.177534486403,24.361385762637404,6.099173116134688,123.87493692141314,118.43160893078925,0.07357116633121984
b8e8e782-a1da-466d-8457-27d261d7a919,5387.479785550894,3.3024469331846746,91.44219401184549,96.48149112312055,21.71330164053754,5.9837264871622615,143.95788399288534,125.57631361272021,0.08482098824562592
d7080c73-1e15-45fb-9636-79ea9fc439f4,6457.311928486529,3.387100198731585,90.32621133299772,87.58923493048695,29.191943324463402,6.414902410713215,148.11593237041683,104.53512444667312,0.063953311059297
c30c3fe0-b9af-4a0c-a026-8ebec1481e32,4725.028483081421,3.3267340320089245,97.66379283334855,98.20048864369632,25.88530864459708,6.262431869445849,156.88832535097154,131.7085582578558,0.08465465707780838
0cd3e601-f283-41f9-b53a-7836482e7aa1,5384.073802819736,3.3305716966055967,90.55126712339556,93.14273523301304,26.274206950663597,6.280957245677284,148.48352695479153,119.68893916272118,0.09890355457894869
f76cd753-02bf-4a46-81ff-8c71bb56a120,4547.665847650066,3.101781339365511,87.64843684588593,99.23942782435472,18.961748254397897,5.620171590057929,139.91083884221467,136.44752006205985,0.09029996619543307
f0dc4061-86b1-4433-be8e-59da36e77308,5313.905736844452,3.400915555071829,96.66964479277377,96.49069010448133,25.719633349988783,6.3129417303226845,152.969040329361,123.08480335093468,0.0856075609988183
b3289e23-5efe-4fd5-9f2c-1231bf9de538,4480.018871302281,3.8983022643675396,123.9274564609104,96.0943160458029,38.38900100421622,7.392006122877805,194.99760930503595,116.25752977033589,0.0610720263854458
fe3a1ae7-2ba3-4181-9476-8e1de59cd29e,4952.524685472186,3.943286999237526,123.82819019879828,96.7132007364838,41.65251517906741,7.56534727048532,195.61816570515242,115.76357954985647,0.10811109129226164
54cc812c-71c9-4f0f-a031-a05b54407cf2,3078.729300374557,3.508890590606792,121.98666516575167,101.33751543468615,34.3425571214686,6.859649666036667,198.39877400315322,130.3245758216985,0.09914506402111059
e880378e-9e40-400e-850b-d9dec4b015b3,2742.252428401525,3.3738626066543533,120.93073621889332,100.55656001201837,27.386763158711194,6.390386219066596,195.1992772253546,138.14806592970422,0.06901597639370811
20c008c3-2215-492b-a00c-1cdf2bba7032,4371.639081730284,3.8226592128041483,124.70015580244247,102.19084693292598,37.91479052104917,7.34694341204424,197.47275435760162,129.5954059228261,0.0728213922021512
7f49a623-084e-4d6f-ba8d-066245df8cd2,10293.372391414687,2.24796415331232,24.26324768777813,62.07365524246491,17.294163216483568,4.360966582435743,57.69784218492252,78.17648369349168,0.10810133762085064
4aff5ba7-0ee4-4c57-84cb-16e5c9a2026b,7857.922952225464,2.9948089015565444,63.741456609697444,74.14359374662078,24.754778305688244,5.816158921845376,111.01172144168306,89.16992284179024,0.05668213239779805
95876682-d891-4f8c-b902-67b8682e96ca,7708.420520856847,2.886728959923439,61.80779980883502,78.38544604234906,21.460411991796285,5.450163633345804,106.68888932861528,98.1718846711005,0.08088158535818751
263279fd-49c2-48a4-9b11-daaac0ef68b1,6547.83474134654,2.864648935106678,55.38396337058875,89.98525785862095,19.72163562000971,5.382742949645601,95.64760113242271,121.96231742177197,0.13220527312906993
23652c18-a3ce-4963-b1fa-562453bea92b,5423.456016155256,1.5309445376583048,27.7626077224185,51.02249735390023,7.5028306829710205,2.9624549091256713,65.99391174803839,58.699667212564734,0.10160328626188422
ba7decbb-a3e6-4f9a-85b0-8ed8c4caa501,6622.741989901109,1.4874912958365534,22.871074236111745,48.8737860428018,7.921940395185118,2.9836144256485544,59.12772712231047,55.08288828664807,0.21502842769973687
f48eea87-e3b6-4451-bf6f-14335b65061b,7985.254309404484,2.964338827260918,56.62880576968972,86.16129462401307,23.569365618972128,5.706611725732451,98.99216591410877,111.31777688414238,0.1078951663436718
71ee2300-f1d0-44ce-8e56-c919d7b773ca,8380.914887780576,2.4501221223722,46.64381906560732,70.83060728135666,15.713824167146422,4.715756409734427,85.23178621590111,92.3347819650239,0.06979168548361388
02fe4056-4d61-4f86-863d-0e4614466ba3,7755.4004505702715,2.7960866621456058,55.87486508957861,80.41730196962199,18.914912670058037,5.25828785367259,95.90490577949157,103.79181173763911,0.09436101485259787
51df82b4-70b5-45b0-adb3-a073f2c3e7c7,6157.227341664888,2.909544940022313,67.58929632788224,94.75711984567856,18.256046956906992,5.322118059234873,108.90747173050264,129.90461943000565,0.0981716354658186
bcd96b77-ec44-4cdc-8054-26bb619c57e1,4995.096902972677,2.3043112457876553,53.575208547973965,87.63401040907004,9.902602351431666,4.134322605977518,91.3035105128653,117.72007755218456,0.08400639443036696
ae0ba863-329e-47d1-a47a-972d535b7652,5894.3633602201535,2.6898704687756583,65.08594281262593,75.48520720280337,17.310946559930976,5.040138774237676,112.91098800580426,96.08941673398867,0.0637628984196416
31106ff1-efa7-4bb5-8531-97d19f04de65,5639.414884142284,2.307160776584369,57.330250076692074,70.68966738222309,8.942226331814501,4.156907247637062,100.71165620037867,87.8357224418898,0.056826240298650035
81a5bc84-7c43-4d11-9614-aa8754ae85b1,6430.037400383663,2.8650406103555746,68.70588416794503,88.23453643075385,16.72488175555849,5.034486597572254,111.83738555775294,115.90996708142852,0.08356845398726924
ae807e2c-d76e-46b9-b941-d27d08544e62,6275.322559573043,2.9926336053943055,73.11775260606667,87.00069086362855,19.576690345025128,5.478236946661804,121.0278940011693,110.12718474585336,0.06160410683268049
b90f5ff5-b2cb-4531-8f34-ac812e86d988,4940.1829826852645,2.261036912465136,54.7773200917833,81.99927893741035,7.932937770559415,4.032180020598792,96.2198383316565,106.24866547803633,0.06811012640568342
948db47a-3142-403b-ab41-1b1a02f773cf,6201.82734634651,3.108646500664734,76.94957019876293,78.84831581739384,22.899706005218906,5.800636982023393,125.54441758044432,96.00203947872573,0.038767118324237376
9ccf9715-cc19-4cc6-aab8-ae69991d8edb,6216.097652666251,3.0127842294174245,71.6750521415121,94.51676513138106,18.448812333262623,5.359029483839547,115.34453497578838,127.70636874599504,0.07772598172150172
aaf1a57b-9740-4f35-b205-02c9bd6bb69b,4387.509268989781,3.237330521528702,94.23588055324356,109.97504617168552,20.04851132076764,5.792269024564609,147.67128725631846,149.71809838516862,0.1026555057268674
9f89738d-a8a0-4a0c-b7a0-ce30327fa0df,5105.920883219141,3.1664457811039917,86.15371208111829,90.97593020052079,18.62065909664707,5.707935532336462,140.16430037545967,108.22493981104489,0.07099108295183995
b2e7a90c-e309-4ae4-8118-997c66cb919e,4675.334142857533,3.2312558526932436,97.49886173679607,83.7992939092023,22.423934401771177,6.014141667987383,161.1691884725414,97.8440616718107,0.06314932224941654
bb96f6f8-498a-4994-9008-967db85e054f,4775.463044554573,2.559146842549727,70.85790528318913,105.13700797313996,9.553385013550558,4.504350152896842,116.89971728637673,138.68941872380987,0.0961945989990727
93f4669a-8f1d-4a84-8e70-2c44bf565055,4540.21546588516,3.5661367031709963,113.0844084846866,93.78292141606309,31.472796948704502,6.73076234478656,185.11024581363134,110.81003422834794,0.04050526773549422
85965b86-1adb-42cb-8603-1dae57f5d73d,3352.560546800591,3.4204151513274015,109.54073197500881,105.22507128914235,26.3024793106017,6.392195069738258,177.9951676387356,146.49440703117108,0.05353231951853195
446c296c-d6bf-4073-8cf6-0f5087d16573,3316.0513215312735,2.344073015591624,79.9337691159856,105.3296567603287,7.963650140613697,3.946682171571394,132.26009364655198,144.77518127238898,0.10518658134890846
5404be9c-1027-4f30-8f83-47da33be7f08,3207.4633824705443,2.913882024356949,87.76248651226761,115.83535927825183,16.772370771218664,5.131202389258016,140.09567382271194,163.6634189605158,0.09175903761584367
89947369-b354-4f95-8fe1-ad0ea17d5cf1,3310.1468599280647,3.2689321579808075,105.18364370706945,100.47720191987965,22.33991489100282,5.820512989965456,176.25193349425138,137.29972502330628,0.07266072925179642
f5d26b66-e47b-4ad4-8f84-222bcc577f25,3701.198640072417,3.4110454684418046,112.01100808925335,103.85480190353144,27.391811367345657,6.374384277634576,184.9602943305831,128.57299850503648,0.07472725387316824
3e8f81a6-724c-431a-a914-838436a976d3,2908.0965433636748,2.1169679899288214,77.28751866442913,105.45271567239163,7.356063000074293,3.636002562358564,129.97172991673534,145.34841903371267,0.0912852449425769
d30ea4d6-c47b-4538-8210-13fad38aa6ba,4732.48838609558,3.7392045088832204,117.44471255520791,97.60042508068237,40.933528863833615,7.302860831058865,188.65228330836376,119.67946699299837,0.06844771738177308
fe3b4167-144f-4bd2-ac65-fb6417e021be,8825.434971323728,2.2934668803660676,32.0765384721806,59.98404874069854,16.614808191634857,4.622962819438681,67.32809771675504,74.24943095808203,0.08213500120646293
ba16c40f-17de-4201-b87a-bf3b74ca72da,7651.381990658601,2.075026830270345,26.22545887955881,57.754315667534414,14.477332201181252,4.071025432780855,60.41783483694078,73.5058270662154,0.07606807395382162
68823c62-5812-4de4-adc3-05ba88f5e476,8843.589254007538,2.3799753123262453,33.79056591892699,59.104925081814386,18.37806386430055,4.71316927603294,70.13846608410385,72.30535253104087,0.040301806260986665
4c6be0ce-9e5f-4158-8ca5-0b6728f630ea,8274.523771012022,2.402265209487985,34.11765413549784,65.999460862048,17.696975620393637,4.743218565462894,71.52649335266922,86.93662328369855,0.08497642907500644
0bb3dcff-256d-4050-a3b9-cf0288787932,8238.924617971581,2.50182005765501,41.69305505034548,62.97913280059629,19.48426156647863,4.96858522168806,82.77738965460492,81.263273168923,0.04568282053388055
546120a1-df4d-4949-853d-683442460ab8,6723.961774930263,2.5800525143289863,49.60854529602018,61.90525437289425,21.597158220456002,5.075940651811729,96.67297236545903,77.97455081935895,0.05499022039898742
d92c5923-bed7-447b-9d5e-6d45400facfd,7672.63520035106,2.66609507064548,54.447456941543464,62.196575117296376,21.317189976171868,5.1778421106342485,103.54554212136657,73.63556023221543,0.0636752878527588
faa09ece-ac8d-4255-9d62-3d31ea13f800,7940.924556162949,2.4942698939735264,48.31173193708308,67.1444773013538,17.53024036760136,4.838817777914601,91.50418047105617,88.05776683333347,0.07664038372825707
e0e52ef3-0e3f-4a9d-bf77-3f35e1b5826d,7271.4431849851335,2.5159154448310947,50.102142441010756,79.5085210275831,15.056811743828268,4.719922782648066,88.82424002214157,106.26896508041133,0.07844172148271147
ae374ba0-e9fd-43c1-9541-dffec0b9ee62,6746.803592941991,2.331948967409237,46.77178869040915,80.09580018561005,14.060279314950398,4.493682899157276,84.24574869729298,111.25008771644818,0.07061202922202309
74cd5d4f-3acb-45d3-83d3-4a3dc380d9e7,8154.52344934927,2.5430641697567866,48.52742687147582,69.61951747182582,18.420871142487528,4.917873629474425,90.65700064644436,90.59705775811736,0.046084852149149334
4afbf286-23c3-4a87-97f2-a438df4da97e,7501.326612339345,2.5320465643531334,50.34267335893105,62.17951731175035,18.496002472183072,4.896069634090348,95.19066738234366,75.5144193178324,0.05005073413243817
c756192d-6b04-4073-8ab8-fa1ed21f360e,6847.845426735534,2.0383899821479106,37.46016783050355,70.30837658719904,9.655523432296238,3.9425919051203926,71.02749651861112,93.01763435753011,0.06672477207175095
9a5dc9f1-2283-485f-8021-ab5061bafff4,6904.491733005345,2.9619939320480837,67.55833610110098,74.56946786160074,26.655819728521532,5.896531713515333,121.12082351657031,95.25491162737671,0.04754508907802128
059ed639-f505-41a4-a4e6-343ddeea48cc,5952.496292881717,2.9348939102450085,68.1229661285652,71.20307670166855,23.687838401007415,5.776654951399174,120.84117876806172,90.12829570413399,0.06007558677020569
e5241eea-cd1f-46da-ba58-a08498f9f286,7182.239608885167,2.966922934304205,66.83689617539122,70.54351720432172,25.366415752390633,5.847590864488577,116.25324571626606,87.21224264384084,0.038049788821981075
2bea16cb-c390-4a93-b213-b1e32078f09c,5832.945376004017,2.851983422348091,67.56768485744843,67.14743183315495,23.087100903663092,5.58770506611125,120.54558893326221,82.02491939069833,0.060956829558591274
7ab9617c-aa84-466e-b4d8-b1b821e38cb2,5694.544386854541,2.673039796728755,65.14852882174998,76.28294016536277,16.83359638281952,4.971778858039505,112.861443032328,99.58301201742775,0.05747037825586528
0be6b701-ada4-4095-a7ef-251984472e23,5869.763239822719,2.9474065541662915,68.76392565444239,78.9252425236972,22.98064129616148,5.595322177685162,117.87946057811912,103.62926180207153,0.048227900712214763
77445e2b-f87e-41cc-9635-df71d2969c7b,5917.431079240928,2.8310261578452853,68.47615242222031,67.23045732182156,21.881050464974503,5.443394146182888,121.52988786454708,81.0249853264811,0.04473123298410688
43918ed1-c374-4385-9764-101322c6d741,4214.711685846528,2.9230339743007927,74.70908344919772,85.7204769630621,22.093017330336277,5.615434333406389,130.2725634477183,116.11360565528094,0.09105956444170306
8c6f7351-f8d0-4d1a-9bcd-24989f90a0f4,4677.1449571826715,2.989847158829794,79.54574459385644,76.31195887673366,23.33625061405534,5.766128668684844,140.39888423121516,95.16259314445323,0.04876168798527271
d63490ea-61c4-43a8-abfd-0cfcd2f61e6e,5736.9477696332,3.008042429509499,70.77153114025322,66.40518540277019,28.19164526164119,5.964508892938004,128.12423222780598,78.64757820160138,0.03504208431470136
642530c2-c67d-48e8-8f90-fe3f26542571,5451.545329295917,2.9514926645436654,65.60374776692615,72.04913227058373,27.719314090019132,5.88689656999469,119.48064622469909,94.99426653488449,0.04669386254236653
c2d0f34b-570f-433d-a098-eca71fb963a4,4758.297118751492,2.998968951832538,74.59025918292154,90.34322017797439,22.99323280250405,5.789233669766611,129.8653493027158,121.43493166825256,0.09512642209780423
17d4f07a-bcdb-421e-acaf-fb9106737094,4625.2594957339625,2.85402814756306,74.78161021565613,82.46109981932742,20.892803692577097,5.370105658858708,128.67224571208163,108.25537149126998,0.0413489157359309
f24f9ed1-0863-405c-a7e6-92af07d14c69,3703.474761578948,2.8583576347074846,73.8815804419585,76.77263726944481,22.862883899185967,5.544660541789203,132.5423404660158,100.64675793518296,0.04428647472305649
2d6d8104-a1de-498f-86ad-1818aa3d33eb,4918.544380473031,2.916442226719721,68.05634512958235,83.30601063554403,24.869722332328752,5.736045190604525,119.80796697321423,116.52985216145001,0.05650824211567167
2c88307d-6ee9-44b0-99ce-4b4508e77056,4069.9045540685374,2.7967608036797045,75.9188905300783,76.94320256072974,20.536508056086387,5.366054326992176,133.98336394254176,98.00622304963606,0.06548025576462299
ea3f0104-df52-4ba6-b299-a4633652a79a,3667.578515579314,2.8017294077768957,75.17696427289573,85.76333923111774,17.797718933559224,5.189358427323205,130.10003242218542,114.97934743782712,0.0804103058800868
36d82e03-0870-4386-ae32-0b8a1eb736c3,2340.595054022089,2.6789483776580783,74.41324900469048,83.61049754584359,21.19127529879428,5.315538670270008,134.39623328668273,120.34287108448316,0.08945650217740528
b11855c6-1ec9-46e0-8487-68fb8afad480,3462.3067811596675,2.949631931392896,78.35406494123191,87.85293457572507,22.27208205679655,5.650758548740368,136.91915003132613,119.03380243894154,0.09027843207929358
5f2b6aae-b3ed-46c1-af09-58c3865750b0,8765.548943230688,2.5576267736853113,55.40868170742199,56.615642285582204,18.81525831819644,4.956550375555837,101.30802609515477,66.47872729050866,0.08759205999449274
1c48ca77-fdb9-4fe7-8051-5660327ca78d,8477.492980326826,2.6743199837403284,56.555869999037895,54.56256806964099,22.420062891379565,5.202115598947145,103.86149574748433,65.63822469208216,0.15970661784269652
5e5b23b3-051d-44a0-b3ca-867a899e2e82,8712.082079196285,2.6298238135758707,55.503784426848554,56.355273900857796,19.81157528166931,5.089924831445639,101.6263074833806,67.03682061727923,0.16363127413211337
095ecddb-c538-4ef5-906b-47cd0e119d9e,8422.562502755554,2.6409921290152383,57.78579263361762,57.282890419831006,19.785306526449613,5.11725241757434,106.70844490911077,71.29507712180008,0.15206479576587104
02c39c55-543c-43ee-b8eb-bdc9adf8396c,8089.316048323415,2.694841708361672,60.785175477588936,59.097394807617,21.30003240590316,5.230352529630304,107.2928018957352,73.14626252996894,0.1596829660993635
af139760-ef70-463c-8a33-98b86fb771e0,7978.4632558259955,2.6528975239377766,60.618660399592315,60.73001152321996,20.221243185163736,5.142811494664782,107.65892733075523,73.72818023469938,0.08535009504818589
eb5db723-9537-4885-9176-036692d9d41b,8761.08401342738,2.485599680330221,51.85299944027027,53.17761139398466,17.465128462605737,4.840107553668869,97.03641915752232,63.13773890799636,0.14551652031119805
4257970d-18ec-48bc-8dc1-398c77ac481b,5969.410781837437,2.539846415768326,61.042552935109924,78.25423155869574,13.987896427857061,4.625188901357748,103.20791730810897,99.03883972247846,0.053309765611084914
0c52f92e-c904-4c4d-aa33-f28818a016ba,5325.678427973522,2.9450675689781454,76.96600707498801,84.95871918714725,19.885516740937156,5.67002196171018,128.3755581276097,109.19215022462743,0.036463822794935354
d9a6ee7e-28bb-42e9-9d20-a100f691a511,5517.911993254842,2.9076125907083523,74.10188954328409,75.54525197472451,20.92486026046145,5.469974526906752,124.43418638446273,92.7257379906693,0.05821397109442875
e9c9b116-fdf4-42b0-8f80-0801006634d9,5350.010050946425,2.9421063715694045,77.03147481625925,90.0124699197279,19.28929739213046,5.571467411945941,128.74312391460393,117.77276427586352,0.07824643892511848
aa2f39f8-b995-426a-8598-2fc405bb43f0,5519.501439219693,2.894418466031836,73.62629333001509,92.58870800620619,18.26707740950247,5.420639171074088,124.12491617449032,122.65334674918549,0.06723463878605067
e968e0b5-cedc-4047-8d2b-1eaa1aa8018e,5911.53339906172,2.819040725368807,73.09187852814803,80.39598432955731,17.364480120139092,5.1210082966037795,123.06426423277617,99.80410991891767,0.026883896717741846
defdbe29-ad35-42a9-8d60-d05b3588a5c0,5621.457162310295,2.9304647853116235,73.39398501428239,93.35570907370654,19.128274423259615,5.5166487900997865,121.38952376706918,124.30058093864679,0.07838505855131009
9c8ff667-f7e6-4d81-9195-b58b000a6ba5,5851.040207812682,2.709821122998917,64.54310992086846,77.43374693802657,17.49209865873891,5.050842699399486,112.64283990775375,97.85305132406354,0.05506664126533756
3a99ca44-e5b7-4cd1-9c46-1af5bde3b4be,6204.843739216494,2.91085985093659,68.03617190342764,88.71669614084217,20.159346393980567,5.506900843716831,113.55200251447953,117.38356895374584,0.07577199332128552
1a9fe392-de5c-4fcd-a461-e084c8fcf53c,3382.846638289941,3.2879519213971475,110.72025864018383,93.64935209639523,22.77284163277671,6.066398969982345,179.92182851695543,116.1745557247107,0.052743524562476926
fab51c81-34a1-45bd-93fc-1563b785950c,5090.788946947051,3.2534087551131408,107.12602288229141,81.22913787901496,20.326012741190162,5.6184392211054135,168.01651805630854,90.23198128727662,0.06925220620082476
d74de943-6286-41d1-b9a4-c947524fbc42,3801.2418973209014,3.360677410093641,112.70091606846086,87.49305536882858,24.739942568693454,6.195118041423875,181.26607875517502,110.05390988041287,0.06100293675057322
ef7421b7-a9f0-46e8-ab4b-2ff58f5ff80d,3919.1337396361937,3.2142580461965737,105.78419429450176,77.34604141274755,26.329321855966363,6.170368881509531,176.17735695328105,95.27189800645837,0.05730078318484684
ca711898-25f6-43bc-8e13-f0cc941a6421,3599.678879257851,3.001548077245488,102.29719492084467,90.63162356692196,15.436013256859932,5.3064720086292825,162.86689582023607,115.08875887026109,0.09934224957346785
73ae8801-ec94-43fe-be3a-74ac6857dc88,3355.9014434795863,3.4285204960051283,112.07602717978003,83.94083800992438,35.57542830515606,6.758923587007241,192.9759133107015,100.82248652992332,0.03468950261480256
01d4c168-c43c-4064-951b-205ae8318275,3213.8142192905307,3.267539284184219,113.29525478663186,92.20640836593785,22.27702704858413,5.87891124519862,184.03598806729318,111.0926871689694,0.06381401865460738
a6c03632-c3b2-4a9f-bf46-02a759b68c5c,2442.587136360926,3.1978723759951477,115.57381918037522,91.3329663108126,29.541520009340054,6.374076387090907,195.9540619178639,109.62246292911107,0.07510698386904777
c9db22b2-8717-42f9-8003-8dbc622133f4,3366.384301023661,3.3303185751579205,111.36118496822527,88.28639928556947,28.739439201444583,6.331613654530836,191.32085901917,106.8983779373411,0.07030319405152641
35d467b0-2ff3-4436-8fc5-24855cb78923,3258.9022014435486,3.4552882812691905,119.46827380503412,92.08631943586661,31.028623390213465,6.635358430491938,196.586937549586,109.70003611659406,0.05940393892013721
8d329a02-f014-4e64-805b-bf2cb3f0666c,2168.622151563999,3.042782863441304,103.72186902196768,92.04314642638136,27.4379592290478,6.047209279415634,182.87555198001544,116.19072957654191,0.08158990193607378
7c0af9ef-6354-455b-adf7-8ca09ceb8054,2551.6579991132157,3.1227008914048775,102.43445983978984,109.21514420352692,22.437408436352786,5.7190649586451245,175.48556558037055,148.48207336321494,0.06280140714598147
e8889e10-017e-4dcf-bca9-03bca5c34b3b,2447.081288023426,3.2266320582296415,103.83176072621261,96.38941657790436,32.32780954183212,6.500057471262854,180.70409967843761,125.9400178290598,0.07640548627357975
631f907e-9d44-4f50-82d1-eb73cb6c785c,10304.27652616312,2.6157310198387913,33.3901210984033,66.6793166641645,27.650249108858965,5.363960772417622,70.49431286451522,87.3490896680199,0.12004755310881823
f570b1a4-8eef-43ee-8537-f2d47d5107b1,10041.945534125294,2.936836116656715,50.05029662325494,74.80937541279933,30.682818021872116,5.9236760650470535,90.09812547064685,101.72997737146893,0.10240479250241748
57321322-913a-4d06-bb90-4d07a6501146,9989.923081226207,2.650385029950212,38.107451459752106,68.83260891083373,28.784347240396794,5.392704482474916,77.28115174502736,89.43603065284546,0.09554004835620429
80cc07a7-a03c-4bd9-bc13-4ac9e8f5dfd9,9911.675438891545,2.664842179097898,47.71909792641187,64.96247214137613,26.453225157985496,5.339144258052566,87.85847995791764,89.46990878870973,0.11683951406409868
c4eecf2e-6fe4-4f76-8407-fc9308bc4012,10169.937853147052,2.5417683791584618,34.02989198730319,66.4001555109318,23.305397152306917,5.1596720028251095,71.75579870223122,85.42123263931119,0.09036739546800424
d39ad0eb-5271-4e1c-ab6f-8be1af7fe306,10206.524750518376,2.6248951211145135,38.098740417769406,62.83481892531783,28.23332717707823,5.361083954114856,77.08853827839145,78.1399588870431,0.08107562975974494
609a788f-e091-44e1-bb86-0541fc465cf6,9469.818305908766,2.64188269698865,42.54230454870812,70.65705772945118,23.042967607030896,5.233042181841477,81.03662540119036,92.96330757408123,0.0862893523088649
dd21cfa8-0ba1-4d1d-a4a1-60593b5d681d,6034.410936228127,3.261741994263842,82.21829297544691,85.88351413829385,26.14226237555001,6.136125598499782,134.67281211659318,112.5031953790525,0.07496534576576745
82f13559-4687-4e96-ba5a-fea4c6225d3d,6410.941755985167,3.340491942778982,81.88190434962435,79.39836626032746,34.628944415879424,6.623567442878818,135.07730037650737,111.46956176789918,0.057648390207125665
61e0bdf5-bd35-4803-90ef-f713cbc72ed2,8114.9909586164795,3.183178424669154,68.01648099439517,78.79130933972698,34.97840145262792,6.596056283614421,122.67262662883063,100.2086509761141,0.09087851015521078
a015b805-47cf-4e9b-956a-e3bb9c2e9d10,6329.911395272044,3.2662906749622826,83.15916786465236,81.1059461012205,26.745787234209047,6.0764022961866955,136.26989628985174,101.44756684462918,0.07108578420527463
ebfec1d1-8692-4df7-b698-c852e5913e4d,6668.976781098419,3.207681037430543,76.38791537226548,89.95123985661232,24.770479454189605,5.984029091674814,126.0258598621294,116.04565396863919,0.0741734403068949
91009fba-c761-4d5b-9d48-f5d363a94ba8,8236.35400175887,3.3700477348915596,76.65143210245002,89.62090134776341,35.26295896833246,6.671728448820014,128.66465916826274,114.28967282810072,0.0817958376313305
ea9b782b-4ad2-42af-9796-38e623172e13,5313.923819853656,2.8450879644229823,72.0926631585413,72.00733578163747,23.67519801792163,5.574036453669825,129.17460644152135,85.13220855810852,0.04142376330726068
61293000-f30f-4a6d-9bfd-8c950f1bfdb2,3260.5200085944734,2.778096201500273,77.41788577093324,85.51479087478978,20.575681453258884,5.343589979307057,140.17217544500974,103.1625250088046,0.09892315306920477
2188f465-1338-436c-8e54-6f806410a82a,5227.645505372607,3.736299664451387,104.35222416361667,112.89018981603355,39.2757210762076,7.251459362823931,163.06689531125613,154.26620689247184,0.07389892705295495
36285ab2-b292-4faf-ab6c-8838df270db0,5008.619802343423,3.7443191698813636,113.30024778014528,98.97273932881487,40.04273971845336,7.287644714912179,180.38304623534435,128.40781078657255,0.013595056736058158
8b9bb5d9-8b0a-4a78-aca1-966eaf6ecf3e,4046.51527754368,3.8028850497359854,125.26017735055572,101.02290879678965,40.82242709348082,7.352296948394338,199.79023353468128,127.56811266314347,0.07019400222924908
509e3df1-ef04-4e30-bb83-e090cce0cc55,8472.496262805436,2.117163581366426,25.98839568365734,63.254766222626856,14.961874697852007,4.1608200701909865,60.27892266862176,82.70914801076879,0.06906983946299018
f3748217-b8d2-4813-8603-6a7628d65486,9828.677187032006,2.137469362871191,25.25487308708971,56.89896879870385,15.898798610208587,4.2385241964374805,59.739837297397955,68.83382670337325,0.09666218385034137
930a71d5-c655-44ff-b288-e0c53999aaa9,8243.002700244797,2.103375913231592,26.158694475405163,59.77598965672691,15.28918139221958,4.13142173231478,61.396237252677814,75.2682905711486,0.05718389367323327
8f01b757-8853-4a3e-8d0c-2e0438afaa08,9139.279566790965,2.0564500186585217,22.19254245563164,62.163281126769995,14.345446720605343,4.059339123440159,55.13454297462101,80.91815470651427,0.0543033522365419
74701d69-e542-489b-8ddd-c21abed7f4e8,5985.5295356835295,1.587190792729936,17.31017459371259,60.80335093768419,7.74474551265182,3.176629032623819,48.92252028209974,79.01273951672796,0.07135312245744038
a27e2e3a-c2c8-444f-b053-8708242a80c0,3835.6741919176493,1.5190495598657678,15.22726565971798,60.71683394824911,8.192423365189658,3.0991682117757526,46.0381082438895,84.51679017872661,0.10214780532406524
efa1ee87-2156-4927-acef-fa67519b6abb,6556.185666702564,2.07553920466938,31.636562788146136,62.21452130539823,13.505559252463986,4.03254063405304,70.53335581514821,79.44606189620679,0.03449452988399833
42acd005-a6ea-484a-b5f2-735a1c8becc8,7398.226383562459,2.0954292050636645,29.34604345963295,65.12604304132658,13.43430597535195,4.08357055616727,66.69426869596452,85.44702118659401,0.03692280220612702
cc23ff06-66a3-4572-a9cd-0232b6f7bb29,6398.31130610682,2.04257500453625,35.98439968143881,67.29557573895394,11.775200405435932,3.940415110811773,72.45989357919643,92.47898473550507,0.05142749617777376
6afa65fd-2c72-4e64-810d-a9b3cc7b3ecd,4815.671721838682,1.4657823918812007,20.82395488150556,53.381158865014825,6.618462453784936,2.9283406126188423,55.57377934347356,68.38789953665317,0.07343568570399976
9e011b36-9a79-48f3-a12f-fa10e0f08feb,8330.995040665153,2.235162966572045,31.59455748797953,58.85005924416153,16.366789732834565,4.442141751638712,68.8656819067006,72.22413587393041,0.07814243611173013
da0318ed-4557-481e-9b98-7b5b67070a1b,5728.215324625116,1.9222141937948884,25.15375023138618,70.69225518624285,12.232697878437989,3.72132072165805,57.69551918874013,95.9748289351987,0.08451108039436153
52974ade-186d-4276-b795-c2747ae4ebcd,6847.832702941205,2.055473816558771,27.382571329153926,67.84197415552724,12.755621598860795,3.9585455760444495,62.18495814927576,91.40373179229894,0.048439590585908486
9419f134-2816-4222-838c-5289ccd5b8e3,6582.808915693888,2.1715320341369213,37.49732427826051,71.53444346788754,12.68720170566991,4.143813814245576,76.71826825103446,96.67934092376358,0.04247398646523127
56e20167-89e0-4b59-bcb4-d4d2d1239d65,5161.543092606886,2.2623632021054627,42.3868250515511,75.49077703818634,14.48587709818591,4.3989213009394845,82.54491933050448,104.877543301798,0.0575575366315549
ce5dd792-51be-4b6c-ac1e-0ee7daff46a1,5568.365440244176,1.84136936561834,33.1311235598274,69.53914525014565,6.798493268686923,3.347021057513151,68.00696571306283,90.52376875815247,0.0526037828182499
2371d515-950d-4e1f-9460-c86889d497fa,6434.240020386084,2.296952158833408,41.62641147408651,68.895825230714,14.682707937756797,4.472781270660371,82.71935060792357,93.62449740950726,0.06564466628486307
a84409ef-cf06-47c2-b338-bc38ca89e0d3,5762.525433232028,2.1782125765090257,37.43526174677189,75.238928871145,13.344673820299633,4.194284303694159,78.11939280566881,101.94843163815793,0.059111350955464534
a78e07a3-3566-4c4c-9133-ba2341405ef3,6506.853108320991,1.8690651801115368,29.1344767813408,70.79278998770576,10.01189024668751,3.662919219140702,65.01401189021024,94.5494711937487,0.05835274760397624
28e0d86d-387e-4179-9550-a0bc2921fd80,5847.30498493431,2.3151460643990878,40.9959070438706,70.22017470313429,15.929714935809887,4.592470406902473,84.71163335524567,95.7786937619966,0.04217212356290489
5f26628c-7dc5-4f4a-935d-871554d19b40,5029.564461102826,2.081217898492854,35.44268783819441,77.9733008336555,12.36115746224321,4.0495285319803545,70.04312020663379,107.45151567925802,0.1167971337931383
6c77835f-ece7-4861-ac2f-f27150bc103c,6438.998624534395,2.2533560903221486,41.01463565649279,69.18440385515632,13.854356995291889,4.387860748888457,82.9082919415473,92.87406579311656,0.04541145457270826
615894de-64f5-4499-bfe7-d81e3316cd28,5703.890820379382,1.955079668699275,33.800946648070614,67.22526551621348,11.029220047531215,3.8094348254295283,73.08258154822283,89.3376407464639,0.029890936025062154
ba83ca91-ab02-4709-8ecb-a7771dd7bf7a,10259.147617221179,2.1127508481480826,22.276589895886396,63.91295082262339,16.91267942797932,4.195944168852298,55.56305445190583,84.54777254325563,0.08294252938096822
3c687e64-5d35-4ce4-bbac-5f0222905918,10550.2875289501,2.0857221509350694,21.331749874233385,63.472080812831756,16.17484297552992,4.201354564085183,53.67438024863619,83.97143700582137,0.10025989323295811
846aa867-2d7d-438b-bb7e-87c955b24098,9895.261336542608,2.2951221381078177,29.67128228217961,68.35799821699322,19.36573225204834,4.662806375027708,67.33685668223686,90.56596455601482,0.06901423197552695
57009839-fae7-4d31-a8b8-a6ff64ddfe11,10504.482747673097,2.3574523580314435,26.997256689890463,71.32774426865299,18.9152605747419,4.689007486734345,61.55650540965578,95.48179087327875,0.07535908251179332
2cb47791-e50e-43b6-befc-8d5173a1d540,9394.297281428768,2.6633563525876633,41.066595021463264,75.57348376124921,24.57196527906327,5.300010196688374,81.83002772819111,103.21595241529133,0.03677601711584273
58466fb3-0ef8-4cf7-b450-0df721e0aa49,10242.872776746732,2.6434459224753306,40.05189889369656,73.62038244481313,23.853562485727068,5.273439045390918,80.55898896431759,97.15417870847196,0.06132388232152179
4587d9f5-15f8-49d8-b9fe-9fb78f958bf9,9845.511988197792,2.60941163461078,37.992210152060025,73.51802834501811,24.311046628625803,5.252423964309718,76.98177930617095,96.04602604599226,0.03791765560888377
b96c0701-ef70-48bd-94e1-7e2c51692587,10002.104118150706,2.647797481512579,41.45961294433016,72.45727842845051,23.858997086352908,5.295034283734082,82.31716856029934,95.07838077970669,0.07095087356280239
982fb60d-39af-49b2-b181-8148474af643,10098.18887307286,2.708895669140871,42.47733340731637,76.33101780388313,25.325156720260246,5.414533403650513,83.73859882820088,104.97079117178819,0.04233029138274761
931fbde9-9026-4eff-82e8-4851925ea34e,10115.806801059292,2.702536364252074,41.67344041308549,75.34476923443685,24.47077039485104,5.363650152442985,82.32914742673411,100.24465493958203,0.04696688014423027
b756e31c-aff7-453c-8881-ec4801370863,9554.40483167934,2.6229436673632067,38.776871673264296,75.65112379403351,25.042598558743794,5.2799428150472405,79.00116160469472,103.55774353001974,0.04415053960393564
b63f1335-7ef1-4475-a7b4-d66c2955da5a,8842.540032117719,2.6390143641049897,39.83084893252398,75.41178406288418,23.0045404761968,5.247250747767758,81.26163438285005,102.45009912475712,0.03982000319370289
072c6ecc-5788-4c40-b48a-1a842adbefad,9925.693880732262,2.6483456058798036,42.57069729188038,74.05689895824737,23.4159170730761,5.257258958204433,83.32014114372296,98.40758555741243,0.06678234897053088
0d41037b-602e-4fd0-9e46-821bdafd67a6,8475.719403072279,3.025440199142484,60.705675060259196,88.10291130656022,26.8577389912253,5.917637265449485,108.2964455498274,114.93078818073016,0.05885634422188417
392deee3-c490-4bd6-9995-7361c509382b,8510.790447394735,3.020148947258449,61.09273328725071,86.3766945467305,26.875395299791553,5.983769200818183,108.70485924673349,116.44494868625377,0.10534386771377864
1a1910c4-b0d5-49c2-b32c-214f18a3728f,8263.649230414401,2.9625627474015115,58.34552598784891,89.29798405329612,25.073426332592092,5.822336005038538,103.87113889087432,122.07787818189658,0.07598237370142066
900b0fef-8fb7-4eb2-b187-c40491d600ff,8525.129019700904,3.0760266540910632,63.20174040496528,89.54724626789091,27.60820250061841,6.028278568138975,110.82313201079467,118.11144769382467,0.0336416140894894
f369672f-5677-4e37-bc06-5efcc4f3723f,8892.711864953711,3.155392467943072,65.36007540109416,84.8070025724609,31.79227795078731,6.303708632611641,115.10603755813786,115.24394268761867,0.08586955863585317
51ea6d35-2586-414a-b0bc-0c975101d9bb,7799.873224777194,3.0636149500820347,63.58073780606367,92.671931930097,26.47473574887033,5.949285787257012,112.27344594217405,117.45229618998837,0.10205217968340896
39c3ef48-0d03-4581-9e9a-8e490b404a63,7775.382871058619,3.039668883286809,66.46182374474128,87.87775986091383,25.88392398211253,5.895560844928717,114.45640718524177,111.24223870133453,0.0938330206706969
596a5ce4-a65c-4e74-a3d1-4362bf16d4e7,7633.7863230543835,2.946255467300998,61.20716640496477,89.50010434820008,24.939529480396615,5.773361796076394,109.44382647960772,122.51427863121845,0.10004146096074382
a474b988-0df0-4de8-bdf5-9d617a73f66b,9378.103093748558,3.1516626178023976,62.57972502522127,85.39106766646512,33.55922857403574,6.355770046526399,111.76677877857897,112.09440689969907,0.07636486560465286
0d741a99-1000-4a69-b8b2-354eca5d0b10,6417.763417545002,3.0700090447515036,70.38953755054575,94.87620097126042,23.46151384261631,5.8044897960399755,117.8364081420129,129.60340325553847,0.08061137966628817
1ccdee45-c53f-424a-870b-c2a65bec6dcb,5949.901384644769,2.9472923215710516,71.45497522248343,92.89105182512317,20.191763309762727,5.588231852056917,121.69787895327424,124.37068027813989,0.08843110275335593
5975039c-e41d-46dd-a2f7-c7d10c000fa7,5908.310894327386,3.161848090478723,77.01204629571768,88.16627323660532,26.189566174767954,5.960725773408152,127.81236490090592,119.04443766460831,0.0940187547832467
56a80258-dbaa-4c20-90a1-417753a4eeca,6270.483078793552,3.2578330579371615,77.57112760158188,98.73450172283884,24.904631211378632,6.116733073248798,128.20111367248657,131.44466691960577,0.07284833549222051
9e4fd99e-59fc-479d-a2c2-9e1bf17835de,7108.588575242136,3.0452401879018853,68.3740069445655,94.60403310629464,25.56102368655828,5.920442892337,116.33504545237898,129.7881477758023,0.11634484059891212
3042dea3-33ed-4c82-a90f-ef831805235c,6836.652792491698,3.224757220512413,76.49536771766707,92.11561881653978,26.819657558979326,6.179142568472066,126.45276987950267,121.15103469818496,0.0960695420229408
8e61b37a-77a4-44ba-b63d-e1a64e07700b,6320.1321356260505,3.2834262249773163,80.04811611079302,90.52305739518354,26.949765897251133,6.29942092599895,131.62928565502466,115.73166833641679,0.09197467776152712
dd76aa75-40d0-4a57-9755-d2ff8e380d88,6983.196005442436,3.122386248202421,72.65774736425439,92.64387814290724,27.853096284691457,6.132342310123762,123.6720379275722,124.11037922757984,0.10395545216847382
8266c0de-77ce-4a9e-be8a-021fde5e26de,5819.775505730913,2.9818769232843416,73.74217976153986,93.9773720064875,19.095704785330348,5.52196747334218,122.30360443142315,122.3437556607668,0.05230915504022197
3297a58e-3ab8-4e3a-8ec4-454e598aae6c,4491.258185189771,3.68402835232407,110.22763399207986,116.35103468230253,29.045708662984406,6.877821321979556,163.21571638040095,158.85880313740526,0.08510883704707384
63f731f7-03bd-4859-a2fd-915e6a43411b,4698.829809535389,3.8234168935643758,109.09893191500002,117.14561573655764,36.191057047475866,7.251087462823333,163.9188403970896,161.84266197635966,0.1161085951414585
f88c5300-4dbe-4ada-8642-8e45ea1970e7,3543.9904052568513,3.382686103534753,100.72561346717468,116.5283727542444,28.79702804518165,6.351462362840177,158.2498351863547,162.8371317552025,0.07598625543468011
16a8a7bc-0241-4aeb-ab70-ebc097db6d39,3778.5203503791804,3.5040651224862955,113.39587243163137,110.14384665207804,25.805369272804075,6.3836011160561075,175.34251501345142,152.366203018235,0.05182247652311082
d72ed3b2-96dc-437d-aeca-55afe33ab099,3146.7736759166824,3.3721622765479387,108.45855389635526,113.19830047856813,24.521532833397117,6.192724925960564,177.68691427646596,155.62563855514526,0.052937286152689875
d62b3ef0-9834-4b7f-8d69-8584461432f7,3967.261355909143,3.1700267217693527,93.44892637813265,99.7745528566766,21.580979072860984,5.778523379217843,150.8270148719211,139.5676731008642,0.08968317092420919
61454d26-5fef-4051-bec8-660fc18b1577,3374.92080742027,3.426509533176963,106.66097135529154,120.4708042379101,25.799875484376503,6.3808785847535905,166.07621675258542,155.4735184850499,0.1046627926467755
10c8d988-14e1-4079-96a9-6ba39c2c9540,3589.3088045906397,3.619977723693141,118.96999790112224,109.34030759411453,30.985888149125124,6.8256885550155175,188.8669650677491,145.39717570573032,0.07430032872725503
f80cb97d-4e02-4a73-9696-e21ac0e6dc8b,3541.5726056065987,3.385178765411056,99.34923060186073,116.9851120457729,20.713247624834732,5.990859721999368,153.4030915766577,162.43361145887687,0.0678792444449908
fade5de2-e4ce-473b-82ef-1d73fc82cbdd,8683.658121189908,2.340575949733142,33.60102057216308,55.617968565142554,19.767721779343226,4.630470656013484,68.51548489250989,69.33525188020188,4.114035268755178
7dbd0dc9-fc0c-46f0-9bb5-3fdf1313fb91,8559.324393437108,2.6127002171966303,42.59133219820061,59.95192691570617,27.58674473556121,5.267876956214221,81.50547350530228,74.52389671621648,4.060740232330498
1d90733d-6801-44d5-9529-db295dd562e4,9450.3742142525,2.9563817204969,49.36998308611169,72.18015464193272,33.48133939802833,5.919430270293874,90.83066370151347,98.99108419043877,4.0399424365432015
7b84f284-39a5-4594-bce3-d2b812bf19fc,9492.383106595998,2.9179538330159374,47.61260907541953,70.02942256939637,33.83578512054946,5.901850156417433,87.80449771375734,94.19155225317641,4.034780047753535
7a51955d-d58e-4698-8a0b-d47097a5888f,8050.011311975893,2.528661366851405,37.91408588754975,61.737300173938046,22.831936219093272,4.995136916973264,75.03993004637489,77.61691369588125,4.071307004458414
a60a1947-dd7d-4f68-a9db-f32f1241dd02,8174.488689085522,2.697946179595246,48.069994582040636,62.57161973687804,26.42599470486988,5.258700750593766,88.52792799500426,78.83140137893305,4.051902713001904
6078548f-a169-4a41-b05e-0af558a807de,4305.148507411743,3.1639268281468915,85.92586889534752,90.20953805610668,27.14328330178905,5.862404699841695,142.1622099859023,121.51235157240244,4.168426139720255
3a83209c-7f14-4ec2-9d52-c826c47f9fa1,5724.015813936746,3.4451698674437417,91.63259178602438,96.58659761589445,31.97692310068104,6.4869538892565375,141.81873549588508,129.1903168928377,4.087324885257558
9b710395-2f04-45dc-b0ab-94e4e0b27522,5662.908325749637,3.3356378491577336,87.81016085290102,80.21387557340827,25.046602526903747,6.068552202455107,140.11817575799796,95.99856035653593,4.091065810013882
aa937a97-49b5-4b95-8abd-784dee1699af,4361.973258543005,3.493835075570142,116.87726939694987,87.02230465493537,26.33252898960102,6.203708083259265,173.2082036283431,113.99522284439013,4.169577003304115
680d1f5a-f99e-4b36-b545-82a13e106f11,5585.347830008283,3.745461726433002,116.11460370016957,92.558099968017,34.7090628704455,6.974359595631169,174.23097080838207,106.89099513347003,4.128288012344392
6b2586de-63ee-4c87-99a7-fb83e5104b28,4985.364217429397,3.645552103786514,115.20598632568138,98.01488671284017,31.0926118611037,6.560861969617164,174.37809267361442,120.19737433499986,4.123724256659033
807b6aa5-a7f1-4368-9cb1-c53699650f97,4583.964034063467,3.805982203490511,115.85204872927588,103.67822321142152,39.39330196145291,7.268118044363443,175.56340691434787,136.2841790496441,4.1558602412361765
c5bb9717-6414-43dc-ab15-bebdeb8b3c80,5163.116290711474,3.7819729492361582,117.81091848053532,95.7651248131671,36.47429148634251,7.1287941899625835,177.15135820871365,117.07053423648567,4.140465454986355
cd29903f-6706-40eb-b12e-4f2b3ba7f6ff,4582.6296276421435,3.7130620603404765,111.69724155668246,95.03297470004959,37.1046040565495,7.06621561361789,168.4063258596505,127.22763419048488,4.157028782350073
b7a7f1a4-aaba-4817-a760-48caedc7d56b,4742.929690746586,3.6265028746676187,110.9944542821374,106.45758269952019,31.09581709099399,6.558966287297028,168.5290319945087,139.4554263348523,4.13106198927539
39b802b7-e477-43dd-9f93-b2552578ef58,4292.2733996138395,3.5427601899013808,109.93280663121234,91.24881278856884,33.55866349860548,6.689815111631475,176.0825715866411,112.77538780261234,4.132115975358099
64d3d8eb-e603-49b4-a5a9-e3996a69dfe1,4786.589389737992,3.845511506271104,116.57760331666005,113.73672888452799,36.53246127240992,7.202567091584667,171.80038001763904,146.8927622177104,4.136999923073736
0ca3f1a7-5d11-46cb-a691-b2730333385e,4460.932792754317,3.597409104419806,118.13418877813419,103.40701658754878,26.712816272199678,6.269561599406623,177.71495683373055,132.79018409442642,4.098595722863591
4fff98f5-f6d1-47d7-9abc-55fb361dad8e,3691.0261524644147,3.7884421491358147,129.05472323442638,97.4069084810292,38.72708292808071,7.21359169483369,195.39840946054818,130.3496502185226,4.179484178588465
a8581d22-ac0c-4c86-b6df-c8b461d63898,4025.1922569206386,3.736153510732815,124.9863110116211,110.09672146644326,34.28230982926107,6.92855780743474,193.08319391288924,139.6580766473523,4.178207389040334
94e3ed32-2e8e-4b8c-aeb5-0091d18f55b9,4479.6495199652,3.9394407761724453,126.63853583186639,108.13637524935534,42.577096388615,7.525069253045513,197.48658403499067,135.6407063866538,4.171379449270386
af256994-3c1b-4370-8675-53bb506c6bb0,3752.1489105512956,3.7772221372113206,121.29627085290046,119.54347719519387,36.69526860111273,7.100741381210204,183.05251039924525,162.0918090976043,4.113882263804013
9d0a5f17-2db5-4831-91f8-ccd900e01eff,4755.915183676293,3.951715409337548,129.43478577985516,91.7781886036878,43.80702483930128,7.617143915372767,199.77400178880373,109.13348290675351,4.156140058412629
e8d19c5d-392e-435b-abb3-f99535fa6bc4,4455.634088099142,3.92567061357306,127.68135532268775,100.27525244337997,43.510792990569264,7.571311985528399,199.40471803371088,126.11872045817029,4.132074256233407
1d42d407-cc60-45b8-83e7-485b7deebe53,3884.339058769999,3.89010265190815,128.05523143132996,108.50613148034908,41.71456867511966,7.444020505296112,196.06298656336375,146.88637947249717,4.21082441270435
48e00cda-b004-4b3f-a8a5-dd066dbdf245,4514.1278685234665,3.9463920777887993,127.56272710282376,101.68211219664794,42.80986328869125,7.549836875169101,197.51582526662105,127.29238449550363,4.210892969104927
3116f18a-c042-4e5a-93a9-ae42bec025aa,9801.485678616871,2.1654653304996914,27.47832918388922,48.91205570613177,21.07023781355516,4.323766263662212,61.93680079088473,64.93301848758279,4.0872401714759325
0ed7f60e-3a8a-40b2-b6f5-d013913375c0,9990.043386751664,2.5216127028264403,35.21986702465963,50.15008347111999,27.44454914799079,5.152183862170599,72.40449359623797,66.76197764048473,4.128783441450808
f86ce1a2-98e0-47d5-940e-33d8d1db8c2e,9464.422001891795,2.0131602428258084,26.71368027631336,47.169401547433054,17.949025249179478,4.085258608783312,61.72015084500778,59.873297405906044,4.008577922647558
a5027456-4585-4760-bfc1-007c1058e2e3,9667.86382350635,2.234152946628316,29.56097542504974,48.2192078000851,21.804613904013774,4.3946985494283295,65.88312360631751,61.949327140189745,4.065455586082727
da503378-8adc-4f26-9c4b-5261dff587d2,9466.794315776406,2.1972613928243074,30.21168298767252,49.75963883410589,21.024106180760736,4.353588943222645,66.26450062632675,66.93336934344381,4.1053709353766745
fffa56b9-f854-48f0-9949-318c7bffe27f,8986.96523156924,2.4846784132724196,38.219660908986796,49.9111549026852,24.997338802881295,5.05861124848471,78.09247642794658,63.51072284207423,4.047581821660155
71aa0826-6635-4f90-88ab-8e3bd8aab795,9180.257508563798,2.628274320904553,43.15609803033567,55.04768478139206,29.95072402155936,5.342358247642247,81.98475620491392,72.57319992496727,4.146321943125796
1ac8eb89-ca97-4d3b-bc32-30b1af1400f4,9023.363357152526,2.5640132627054997,45.61813197984281,52.95497191271865,24.67422676282685,5.127876090493652,86.39501126818047,69.13638552375767,4.153319975720381
3ee5e30b-44ab-4b3a-a96f-d35585ec7b40,9605.69181656711,1.9969076658420601,24.53607489128796,47.21383530067867,17.72641462074043,4.04175081493746,58.39606692968789,60.69719871469929,4.055821370722652
270e5d94-4c6c-464f-953b-76c068793478,9060.686293660841,1.9728714754030658,24.67650096004944,47.37812569069498,17.85186787620387,3.950385420352356,58.88704394580867,61.39828745363784,4.054877558830981
6b70a892-6770-4486-b162-e59c6f59ae6d,9575.752822307888,2.6743054745997705,41.55445871902984,52.78129301456731,33.36837551906513,5.460372225951948,80.6876147388866,70.7657693595168,4.097267680289324
9161ccf8-430a-49d6-abb2-293c4c3fbe80,9314.945394757468,2.8808459395688537,53.33273020402711,62.63235455265508,32.47457833295228,5.827299579089577,96.73849959444115,83.51744518658981,4.156041145215151
90c61e41-5688-49bb-9ca2-b73fbeb3288a,8615.482940667294,2.90713914831834,58.054978645512435,60.59023750480718,31.65477921322333,5.8123402739613255,105.91503849935694,82.80609954577055,4.157158264632374
3ea51f69-2eb9-4c2e-a1d9-4d816aa97b08,8391.036558457214,2.56626299429423,54.6468637693081,55.42349725185478,22.810699772715406,5.024434531854236,98.73402356595452,71.37433869698881,4.144805615170073
99c79f28-5771-4e5b-91f4-aa87bf51e2b0,8920.316771114536,2.8810791785887635,55.642526525623566,64.1091247661413,30.986712119701117,5.813981987003515,99.43763387219117,85.60169292966528,4.153231630938173
f9733a91-1cef-4b0f-90dc-ddacfd3f9207,9301.643745072444,2.9795597309883277,56.37735343258034,65.61893620845248,34.45882375398496,6.02737707729827,100.85398185293656,88.96172410749205,4.152332192866749
210c0180-08cb-43d0-b5b4-1b1117611dd6,4778.262860229539,3.503285852525601,105.53308743861419,93.0002151027919,31.616257151077274,6.503305035081725,162.2996149379307,122.16443277487183,4.150299245178583
0ef6ca24-af21-4658-8e19-20bf8a0d714b,4386.374306427536,3.5804685901541555,109.1454007514159,93.26274577265514,34.674043502368384,6.795487608510962,171.4292987475519,122.4512308179962,4.190695078939657
7a7ccb88-710d-4fe3-baf9-a8d33c3cb064,4927.777717090625,3.257581580977617,99.64060632619147,84.46450241191512,21.87196013706849,5.784051369587267,155.15943982226054,106.37745864532341,4.112520113386011
b8fc38a7-15f9-45f7-b883-c1ca65414d22,3368.0502339362633,3.143268506321701,96.36891474424397,88.89288488634239,26.628062624966113,5.736531341666246,161.82477032214922,122.28433687173465,4.076317268495105
8d2048d1-4db4-4c67-bc6d-e38a8cc2ba1d,4384.723467498436,2.630495448527932,90.62891018103434,77.35590168795699,11.829235705468744,4.438406752837767,142.0202225393134,97.1784680484084,4.096054027943782
99511564-6a31-4de4-8aec-33b83ef2e4c0,3972.147744275414,3.3908054808100316,104.60709087660203,97.32149088763758,25.680334787398863,6.086885339667359,165.04248800712327,132.06612932004995,4.177778481604127
b3208d98-2e86-4acf-b357-8b77371876b9,5267.13927977496,3.573306657549742,103.30268834440956,93.88257475885672,33.261665589265505,6.63621266164037,159.71340949007603,122.20643277252016,4.121910898280249
c43183db-63e9-48dd-9136-f1570d5216a4,4870.156948740715,3.4848072788941864,100.16018654577617,102.58786455867023,30.73075955169304,6.488730008386265,154.08689110101082,140.35667338995069,4.0997147869704635
4d3182e7-7d29-4145-ba88-9ccd8807048a,5091.950462928581,3.685880262098503,105.38599698206801,94.5716353063558,38.05449994297246,7.068305857567284,162.842860986674,126.1295391604242,4.147756304989542
4cf9d11f-5bf3-4d1c-8fe8-abe6f14769da,3799.3051769037133,3.320697174326763,99.57974330090337,104.2409148525023,27.157781439649447,6.097454441487278,158.42568567869398,144.43056547358424,4.123008187005518
1a5f7f11-4001-41ec-b10f-8e2f52146861,3698.4505577112623,3.5680680318104487,114.11499352886774,104.78490182726978,33.20735341635363,6.708849091657557,180.64134984186686,138.08992318856758,4.147692008513697
a1a43564-7bac-478c-811a-d8ecdc43837e,4760.976891382032,3.5220851849480903,99.92718828567554,112.21610244395546,32.56667627257097,6.580822177252013,159.8456025940996,141.86944136580064,4.081333213483238
d0ce896d-b9fd-4e7e-8ecf-665ef6dd7398,4222.894602226564,2.661581176738758,100.327323849774,87.69070170248972,11.402668665554678,4.440488198423641,149.21008845908486,112.45382410410654,4.116340067097394
0c00be04-9b09-4d3c-8f6d-3536c0c7bc98,4819.486728144237,3.6789730268281793,107.70192264107246,112.12539735575861,34.73473190046012,6.92774086229678,161.41041770214756,153.09216978660515,4.1104919157809885
eb3e29fc-4cb2-48c0-92bc-7bc525aba2b6,10009.29160229245,2.1574976155524896,18.35313984405939,56.911274563773205,18.761877158048396,4.222566250539661,49.11795319543582,73.19832991153706,0.1584964954940015
be945669-39f9-44ef-88da-a875a15f7dd6,10006.92628599565,2.2313495632005846,22.31096775513125,58.65107037728076,20.412550117798887,4.351178334334671,55.37304635490805,75.78940652677994,0.1518769146681376
7748d859-330f-4220-a66e-5712e6f1833e,10195.557355392393,2.2368796628152454,22.558541343952015,57.91708131849862,20.79538622545844,4.358053151473831,56.265448679025596,72.59997838269831,0.15491190813854439
28f8fe40-2262-4f2a-8925-2a18de194548,9401.274597520085,2.7816180292819035,47.26712919312669,75.65236763054689,25.18817153659674,5.422077168100252,85.34424095918253,102.63528380634155,0.0982764575045408
7ef36a5a-1f4f-4aff-ad34-2f32ec108530,8768.574295805942,2.994092897768989,54.39484993527211,73.10653442553203,28.078670863908968,5.945078274394139,94.81986922845371,92.35486225667289,0.10377355824859975
47081519-e5dd-4ea2-8da9-7604be165720,9590.767917922803,3.043067254714186,53.17174517567995,74.41262758063326,31.094429715699142,6.071582962489235,94.46005166650833,97.67545714322412,0.10955278621993987
a7ab91ef-722e-45c9-a70e-24beae43e747,8192.603116781038,3.209310294472195,66.89639084973467,81.84894030711317,30.305592176697665,6.323672215840539,112.71137065227326,105.75265862559033,0.08074848203035907
eac4fc68-4622-446a-b55e-4fd0e7db6473,8390.815952261722,3.1792529192799988,63.33828805138239,87.18926510733968,29.470353536334198,6.255408382075949,106.34396661182726,116.39377318022339,0.09956808848753025
d69e8735-c51a-4f80-8d66-63c8e23fef6f,7304.6357590020925,3.2317834542726964,73.05179996123466,88.53207295512352,28.83361644416532,6.25909263094186,119.94658017095091,117.09439533122557,0.0723344331892862
d3ad4585-b076-43ce-8ab8-7d9df7e9d735,6954.632774099683,3.3635362569706744,75.07880255816306,94.1424527824294,28.770141446823988,6.346544428132127,116.96629535835723,128.32439599243114,0.07021965603856928
18f46bea-9fc1-4519-9887-95d53b249f39,5535.8870423074695,3.492444808260678,91.74637784746986,101.35724406720803,29.75386635726311,6.611642117565177,139.91160219580883,135.65585267553945,0.10983694989833877
00e6272e-7190-42d7-b728-1d4ebe0da1f6,5450.59777751213,3.6213762570819528,94.9758171377874,103.28791217316491,30.871401307295372,6.79703715140604,142.3788212277586,135.0793925345351,0.12546343083231687
808af5e0-507f-4727-8d1f-496f1b4c805b,5578.17302925692,3.4257342493056733,86.9470735150537,101.42586060564597,28.3787182288517,6.496892151238194,134.15410140071043,137.95668196445814,0.10469541934088573
348e026b-1bd3-4620-b060-1da8943477c8,4276.751176431511,3.469652350456413,106.76711184266826,96.54985858407494,21.16719070352879,6.339823034123405,165.65159899689655,129.52535971429165,0.11903178267053496
bc99463e-5e92-4b58-b64d-66b0a94e93b7,4914.506137025596,3.7094793195696596,111.59065601442732,99.76805717629018,31.38558505241273,6.960870259872666,168.0195389143258,128.32259147621676,0.09791054335641958
faf3ec28-791e-4095-9bd7-0d9dca8a8832,3653.0607670338345,3.8620136680245976,127.49701638096637,103.90402938092711,35.41399111764598,7.24586764574043,198.2156019410451,128.36809347672232,0.09198506835977663
167da78e-a12e-4dd8-8fe8-7e62e0915e57,4365.322924321263,3.8602905496905975,123.24311465541557,115.40544922665113,33.86990552020362,7.2381412425025164,186.6587233207651,152.40523525571876,0.12083713845251971
60c6fe7f-5150-4189-ae56-78ed311f81e0,3792.9795400933945,3.9644841991489392,127.19091705880287,113.66249710832713,39.41425799514862,7.536591599295041,190.12905944021412,155.64083994097837,0.11864620880443702
042ad28b-091f-4fb3-8cd2-9d7133d9e535,3387.8643960880536,3.6290652457252635,126.22502411683922,101.00717531880993,31.66748865812027,6.709507599248655,197.28445929755088,126.98776739789241,0.06514029772623085
81c11031-1340-46d0-8b71-6b32bbb43c1f,4003.3085402956303,3.8522694359418104,124.59747341469372,108.04959239407567,33.791679761895146,7.202834089151,194.09542335286855,134.66758790802146,0.11770277314775926
7df4df72-67f4-433a-abee-cecfcc264974,3409.2571022454213,3.797881457313791,126.03364227306108,104.56373024568651,35.70218486359969,7.236746203066781,193.75754157001995,141.130376006901,0.11240771514308064
b52b01c8-1b8a-47b2-a709-e49800573069,3506.171738985111,3.9237317636448674,128.85543813399107,105.86507884684423,36.00312312211828,7.369579077224079,196.34501878285326,142.14307544224724,0.11079963028358586
b79cef20-723b-440c-a2c7-48ecb20d2165,7013.422903296337,2.643256467630929,43.14348905605751,58.01017579563446,31.855170920810856,5.335184489792528,88.83500561518856,72.21608525216494,4.060096747813686
5acd70f3-f7ca-4b58-aa64-be5f2abb9a25,7969.058992239862,3.0311651370250567,45.75688245179917,68.16798918507725,36.527462172788134,6.158807153245824,88.48269307388975,91.81687995159322,4.020231973961213
708ac8aa-37f7-4fdc-aeea-76cfe5b0b62a,7582.831736531931,3.0766579811160475,49.34396504581899,73.80519087642429,36.359279391619374,6.227011307894348,94.68329823898392,103.6901042083424,4.060324156350017
ffe4c588-b136-4411-9060-1d2de4172e25,8232.352002307362,3.074735978459608,49.74520117847927,69.01031811579075,37.0522480365394,6.2150086609767055,93.38872877674808,94.62140236445825,4.083772352348243
5d5bcda0-c3ea-4ebe-b5ba-a013554dd38c,6889.014149761424,3.021713758773444,47.91422590103615,68.33436703438656,36.96568232307932,6.17805500406691,93.88981895857552,92.44197059487816,4.0748569595858815
ff8b6352-94f3-4e73-a3ec-410842278af1,3980.025889381738,2.2150183997586006,54.183133229897386,51.26215449625602,19.41006858936401,4.451287010317698,107.52236234124939,58.169374469188654,4.027044918698353
04fa2d91-e66d-45b5-bf8c-2db0296c8d7e,7455.241629475016,3.1928077161656736,72.40845350153113,70.81566657688549,36.321488565427565,6.42798881864543,124.51715785335796,89.92181576496829,4.107474502062103
595a1cdc-a5d4-45c0-b278-25f27af37c25,6366.357576449084,2.876584052670064,62.21796215968088,69.97783648714987,27.295518255496916,5.591964431302447,110.48105935944518,91.37081688265054,4.079380298233798
0219dad7-2f40-4586-9ebc-f078807d5538,5132.840579337104,3.3610847176107157,94.60049403300782,86.30382624343528,31.959839431075704,6.395569979380776,154.17840615388693,105.8983988105967,4.121376075797787
42d18064-1646-45d1-978f-a220ed940cc4,2832.416458164732,2.412163757930478,72.15588663766319,86.27619921999596,17.437013701035276,4.474039297603262,127.70274068457107,116.69008534429813,4.128535472444622
bbbd0550-79c6-48fd-8613-2f923fd4a027,2535.4565732833016,2.888960833644969,87.79470131738032,77.35403075720942,26.014034568795967,5.506482576491549,153.52232949575804,93.21529909963135,4.0741881916565905
387d398d-5304-470b-95b8-e4d4ad3c3e65,5670.9837480973265,3.486459928544484,96.12367571293495,91.61189836482811,29.810290325404196,6.48308333137591,150.89232505529287,110.2720100135271,4.094284431096881
491c25da-504b-4c29-9f17-98607be848ad,2736.712912238977,2.236845217375488,62.55739504623803,89.80187827374534,16.277513231093497,4.309631630196614,109.79969694786158,130.3406740324301,4.076185004564145
fddd9b0a-0445-4d65-8cce-6fcdaa7e5298,5320.166935122574,3.3436257470633515,87.52108000091327,86.34346897775538,31.007255353879053,6.313440335450174,141.7164736303697,113.49162261272556,4.134652914569761
d091ccc9-7f22-48ab-ae96-3cdc399163e1,5551.46768112358,3.5368010052998735,100.84413623794998,77.24727248633188,37.499474561726096,6.735143183455358,160.41418512500996,95.3664581262351,4.121771381465757
591f4c71-dc15-4ad7-b450-409f3dbf50f5,2736.238647584042,2.684150636394681,80.88997896450894,87.31022988627737,20.685265267529932,5.106382880817721,139.85085034024365,118.91160632776533,4.1584347411601525
6bc8c5af-d8d9-46f6-801d-4765cefa91a7,2643.4424849992924,2.9305356250668355,95.31644215332878,80.32163878637735,25.903363395818435,5.542064084766515,163.72931765722745,102.00402326753303,4.137064291324488
d2265ea0-2f5e-4243-828c-4431af3429af,2920.8379538106537,3.129740956825264,98.69240066358347,90.34995787191421,28.439297877630725,5.826069918144498,164.96221173108538,123.00769422083674,4.12781332814243
f8ff0e6a-2414-44b5-b415-5594239e2e81,4014.139315906598,2.852698561071904,98.07133957934111,80.6974059265644,19.35230848247725,5.168936583633947,154.437191501283,96.89352985289025,4.106933149064309
bbbb583d-a9ae-4bc7-ad3a-62107a32b771,4715.524712573095,3.647003391365382,111.57442110213458,83.27646551256672,37.622683228599875,6.971466842775223,178.7020774232104,102.06004303493536,4.139637177423627
cc0c9073-20e9-4ffb-85d4-1179d04fed1c,4986.787511775852,3.5103523197473363,107.72802265349408,85.59316893538121,34.37130909272294,6.684098072014784,169.40910444601667,103.7724209928114,4.148704169512262
3608e3e6-4f53-4e8e-a08b-c9464da81b8b,4443.935595634898,3.4325387432208068,101.81526466611405,110.18562394082917,28.579883756378187,6.304936765141804,154.46055076171075,153.0362882403892,4.113570464015302
9b2648d2-03ec-4b07-b910-91ea102ca3e1,4932.264599432067,3.5166342286648793,110.01728810147696,73.62872765914935,33.79471159796298,6.638284677804973,174.72024439092584,85.99350831351705,4.11985042935167
227c34ef-7482-4e1b-8d29-a96940a950c9,4325.198592889904,3.439055035282565,108.0401792712449,81.02579112659268,32.54589650026247,6.497974046167052,173.215997533741,100.52938830617606,4.145416059805458
bfd40641-dd39-4d60-b3c6-8ea540ffb7c2,4563.608561018339,3.455509047396453,109.77049239027399,84.86096178748451,31.896272657111997,6.512474950106151,175.50036215880274,104.92863509154313,4.17667991140234
f89a98ff-1ede-419c-9276-f4dadb7cfba1,3644.921452649722,3.5066126006071885,118.12951499090158,92.69849294205082,33.28183667843342,6.553763725052806,192.32028906967207,117.21193487809448,4.13497971234095
e29d220d-e583-4824-91c7-73d521f11409,7357.217418487906,2.4307466872560863,42.18322491780629,67.01383490428705,18.12249736838963,4.59886093649565,81.60136093921166,91.98198080334498,4.12227601371505
c6059c9d-5215-4341-a6ad-ad081e0da71e,6541.478274994503,2.6678352819098072,51.63776405426652,83.76404999836629,21.259448778183685,5.084490792743944,90.42681609110608,115.88481353859206,4.044994032996868
96279f8c-eb40-4710-9a52-f0d150473447,7092.264822642188,2.866072077913892,57.84498265219488,72.42891981278615,27.566715306206966,5.509636771026548,100.84551355405017,95.36052107738794,4.074428899276485
7d8cec22-fbdc-4bcc-81b7-7380ef4b91d4,7241.302430799003,2.782467617945931,54.322244098381006,76.93271057014996,25.705978109490264,5.419634123715004,94.28380193849723,105.43179389977008,4.069600978045733
ec8a1dab-ff8e-4a63-830b-8a16799149c0,6570.529903059808,2.945111229154855,60.65520383918151,78.94085771957111,28.59661362936684,5.681532266371951,105.74250422812072,107.73213964030131,3.9934530433944895
9561dced-c1f1-4bac-b6c2-2454d4987f9b,5088.896179660296,3.5458994635130665,105.78849482744798,90.7527788832235,30.940973922551432,6.520114197258107,164.55560693812419,109.04024809829396,4.145446645181442
1f783b9e-43cc-40ed-a2d5-3324c0f5bec1,4363.715774030383,3.4331196972889018,99.17516963061396,103.19723819500976,30.54547856824228,6.389625104251397,156.6872372452614,142.18491252395498,4.118979171526965
166fc52b-0005-4970-b280-95d6e19d12ad,3699.936579854849,3.2241288129195325,101.33232285904509,100.09572573266692,22.38955158677461,5.677659655187566,161.89562719737538,136.49662143360837,4.092933788947862
f95d6091-d194-4724-b1d9-155dcaf9048c,4634.489309359566,2.485185671580098,88.83311082504687,95.22624762514663,10.429644173428105,4.140268855091261,143.0670949615526,115.33798251298431,4.09708717624016
811db87c-9be0-4f51-8953-0fd927c44651,2701.269276699102,2.908549252962522,95.63395112425516,77.81781460774532,24.450407415365966,5.458606919803035,163.61381180329215,98.22506326212968,4.157119879301132
d5669555-031c-4757-86e1-d6c5c285c902,3808.2631201477134,3.3999113856374827,104.75053116546228,94.04384381984312,34.27370429040882,6.485108870480865,170.76071715916558,126.34233037515423,4.134391989913377
3fae5f8e-a463-42af-9f8e-fb0397ca533f,5588.93527856717,3.6996123977233766,103.83824517584144,92.06304553844471,35.78565053154707,7.019747756311119,162.72458197964275,106.82447188604628,4.120113777148037
2edb8b56-2630-4abd-b98c-0ada0f8d6549,4749.205508585066,3.463209168334314,104.62846856752105,98.94230231514655,29.661106109452042,6.43024247392575,161.5614578645496,130.45864566955566,4.145200408709
e41859b7-40f3-4c2e-9d3c-4301a98063b5,3528.6346409381504,2.9576344716258633,93.27196623851401,103.84653341336923,20.18465472603395,5.330945792703172,148.2480266193193,149.4554126331539,4.046480147517421
d88fce3b-9ce1-49bb-99ce-7e5c155ce981,4097.745621434212,3.275504739490227,93.75875058561307,78.37707472740854,35.998069824637845,6.549883269950395,160.31992674280303,95.05991344385907,4.018895223190759
0b6818fc-92ab-4810-a8ff-9e03122846a7,5394.927750607093,3.7264568837416077,115.4998720603785,99.29855571980917,33.88978780113715,6.9241306819627555,173.14882576246376,115.9511815761387,4.162058024492517
bbc18060-daee-4624-9223-0a230f154b1d,3799.7971053968095,3.493226278750626,118.16719278215396,109.73475296102818,25.60706094478856,6.101081156605142,178.67048613101096,141.36363285620578,4.148974899540669
485535f2-191c-4dd5-bee6-fbc97986dc8d,3759.341058112395,3.6648508041600096,125.05601159540997,101.63389290258473,34.99240365370818,6.85528762928314,195.63838518897776,129.53904517569964,4.206551302489587
6f17068a-d1ea-4395-a482-131531421b9a,8689.879746821447,2.929304641312992,49.23811695260059,70.5769357319353,33.03364522201705,5.878460611569642,94.6768768054077,99.48317053161796,4.101577594259488
5569d48e-86ba-472c-b33f-57d4f7845077,6794.75668606823,2.927333414196743,46.69196254292986,68.03809347023697,36.26154883608608,6.017778941399136,91.65851947961308,94.82531463424284,4.1000916340977565
379df2fd-4350-4301-b0ee-43b3bfdae90a,7570.382249559196,2.543279114236177,42.10114032185601,66.02228089538696,26.871882266707786,5.126732028243813,83.08921743747939,91.48786228554576,4.121238183687799
286594d5-5ce0-41fb-acf4-3a50aab61c28,9071.062783338119,2.8089847040627762,49.50015179493961,68.345714081904,32.07625673467416,5.703925993933953,93.85314469617283,93.7820666561456,4.146303495215907
c002673f-c3f6-498b-bc95-9a573fca1598,7441.5549460092925,2.912152993842978,58.37739913183867,74.34927342095924,30.442813514560072,5.707784239073982,104.13747593114695,101.38252151624087,4.111377089190816
029403bf-f42c-473d-97c9-4a47b9b3dded,6766.612375637524,2.7977342962022287,56.15056237730494,77.7695582443929,26.23514279021823,5.438757548036699,100.19429289224568,106.57999128056053,4.074145535424138
5df4f306-471c-4def-971e-2b2157d673c2,5020.487599331147,3.110217497105483,80.68360184910998,88.44501929435766,23.458733820061536,5.698159366410273,135.27343074804403,110.115879135265,4.07840104386368
c2955498-d3b9-4610-af2c-8c0c379feacd,4995.306439448604,3.110068876899807,88.21418556766037,77.64200051708454,22.24904489462879,5.567231812197386,144.41533429083069,91.88527324604863,4.094859512591358
f8ed8e37-3d8a-4c66-a2e3-a954ab2d4bd1,4778.664809143962,2.0809826654208834,57.61782791416836,57.89381353158145,18.432752930538246,4.369098961646118,110.14072416295251,63.41412406612718,3.9758224924136427
79752d06-7b55-4fbd-b830-d54d5634a1cf,5200.428734708474,3.050193889369683,83.30877548914486,83.8605681476214,21.72645461636849,5.523161952654784,140.60370268765362,102.37542453477383,4.089132053458952
63553204-5acc-4f6d-af67-eeac78d484d7,4809.845293453688,3.396847306903793,107.04831691893341,79.05615174083638,31.51356729893348,6.375428661520918,170.78600348799608,90.84563204375237,4.10872467987227
3ee259f1-69f8-4df5-aa09-5e3bdb8dd3ab,4019.615316446639,3.3652872201834882,103.53599688114392,98.529459604009,28.398993451015542,6.299617973630804,166.99629666241677,125.5220494517658,4.139443851411004
a4b03367-53ee-41bc-8138-a2dddb1833a3,4499.801909600962,3.3877169909589866,108.03409082192289,84.22909615778765,30.000654380335227,6.2854476353442505,174.6245235435212,100.30063305035448,4.111163582690054
3996cf45-0a44-4342-bcef-adea687338e1,3683.082412566163,2.569223378422935,85.82587383196453,106.42651402626896,13.140929919955155,4.511553193915977,136.87268229465909,143.9976915053839,4.083245285714896
9bf5e963-e351-42a9-8e26-0afc9f4624fa,5129.262399173295,3.2492484566286506,94.55383700530767,85.83599857123865,25.708026105291378,5.908863709202292,155.4246074245939,102.56982506436039,4.107465326200643
6303dfc2-e2ce-4db9-b819-97a3f90e5cfe,4325.646258069983,3.1273233622845544,98.40119131999518,89.21514487923778,21.560749672559766,5.5884527906396935,156.30644498200036,112.32538614903697,4.145210570203021
34d6a583-17a7-4305-bd4b-f4b0c673e0ff,5003.922770668879,3.405669454317869,100.06999364985116,84.07386691010723,32.3300380325942,6.476404905553968,162.17685074952485,101.57351064903048,4.099679708148979
8f2a8145-2653-491a-a857-f19ca2b93e9f,3698.3706991752506,3.2900570109810117,99.72408784525228,104.71115102971108,24.68765048655241,5.95941561157508,158.2566163379646,142.00161309167046,4.041759965709798
1d8787ee-0e03-4762-a38a-681a0c2e3a05,5168.516057150228,3.2901810568769476,92.40688460981328,85.48543360790788,27.973005218594864,6.180548969237235,150.68406311098923,103.28759701166078,4.096983522840217
7f9df905-2312-4ca4-b742-dcd465967699,4672.211977893312,3.295396996034982,95.58083520466887,77.82022785882138,32.38100160923348,6.298844263345264,160.11530629836324,93.24251715133903,4.088402452616555
2dc7e7a4-5548-438f-9c50-b5ea5e5bbb41,4993.719150327814,3.3734372784308144,102.35762775879368,77.76815022996605,31.054612067963564,6.364721797018735,163.8205563973237,91.36395925844201,4.109248303497876
f24295ac-296d-455c-8300-3e3d5947a900,4758.112079633038,3.3110543132446217,94.10739876653962,89.85445590010715,30.982406246020084,6.363987595920598,155.99373172132462,111.37066048079112,4.122498103620975
a90bc9cd-f306-4a7a-bb50-7b9617fb41ff,5237.375164413275,3.182348192402589,87.7986179894851,83.59105754445787,28.882171151319586,5.985826642442603,146.5868025669334,101.57672292555216,4.095635675604934
a1a1829c-eccb-426e-bf45-7fe8f2e65950,4897.666453132364,3.160023970988861,87.63056230510975,92.87125604044982,23.944389775983783,5.813004875665079,143.79516444516315,114.79564365013582,4.087511644873437
a69b387b-ac13-4c6a-9789-5aeff9854fec,3732.4876045932833,3.107677257439111,89.98010138613319,90.9690522812954,26.680383864945867,5.845726556414125,149.9679428832768,112.9572423815072,4.105169962982423
dd130ea0-e49f-4f7a-960b-48d5e4e8f1bf,4246.214981627543,2.9415434467598605,89.00609890567429,91.6788539446704,20.920248476736568,5.41998850170203,145.23175896344867,113.93438235869462,4.054532392709975
c4865936-3bbe-4c46-bbb1-db779a49134c,7900.638337719662,2.475962606853808,42.40764821307175,52.935075402421695,23.3285831696296,4.938694602681682,84.64969359060899,63.154325298797495,4.0988658119638695
ace47790-7e1f-48a1-9fd9-b22a84ea9439,4249.777086144313,1.3784891683477976,20.22442208827102,49.94277479848256,7.777850430387159,2.694822714481626,54.99949078004651,60.46570353628259,4.057745256368375
8a7a551d-1c4f-4644-8ee4-91e7a36aaec9,6330.405240257939,2.341276610313023,43.0973709163857,59.11360768785005,20.06644385899714,4.68236038303205,87.42675602043781,73.35236718210167,4.101975539325382
1362ef9e-4c69-4709-bd50-68f4750d8ef8,5442.087095665867,2.1852121905366495,39.9668838162585,63.796443967158254,17.201935569196504,4.242285805940023,83.84337001312846,82.06792888926914,4.072389973707262
4b0c1c33-2414-4135-bd7c-7ae14052ed55,3603.4245729856484,1.5940820890665397,30.43067495793978,56.05324828615801,10.067738046186754,3.131433405473212,69.9535669829909,75.70527485662701,4.145804969432246
1da469d6-983a-469b-9a9f-93027ff1ca95,4550.12209925405,2.4068999866284218,54.40185256578843,79.89147043597781,17.51467917324069,4.505246254555184,101.555875991972,106.71352815501889,4.100734083934823
6495043a-2e64-4ca4-97b5-128e81f1d2d5,2165.34319609867,1.568664100978037,43.53464536224136,66.7124017561022,10.120310120220195,3.112485134843419,95.90016225679395,87.9397291298319,4.119214483266294
f2edc6ff-e04a-41a2-a0da-8ca06aaad020,5031.747650969194,2.5685336347407945,63.47753208694801,69.3354678097706,19.953710387147257,4.868419805489564,114.47124615650486,84.40396380272207,4.053918877001118
b3554123-233a-47b1-930f-49fa88126ec8,5283.111950629796,2.8298517786835484,71.90551795613393,62.164454347613955,25.756211068445015,5.48882699759613,128.2240861977233,68.50367918570996,4.043884825097729
851e2374-69ef-48c0-8918-c56dd9de72aa,4872.369144362172,3.8061276415098737,123.67653937408159,113.4552118378112,40.6794897600385,7.371743252153793,196.1693822322799,139.03776231029263,0.05228067520051789
60e6b712-3a10-48dc-a1cb-ac2db3e3ae58,4825.293099501809,3.727460253905181,123.3681394309303,112.41517377613079,36.14855668692611,7.16615152643499,191.06012182574744,144.6146324465562,0.11187014571966691
7daaab19-bd10-430d-b424-4c2008668d1e,4810.275939775687,3.7128940970829567,119.44014358415862,115.41205327112648,36.40887015838987,7.135146935946592,181.07998749714153,161.8203392097269,0.12087547602756463
347aa17b-d5e4-4074-8b0d-7036091fc7a9,3312.4428224284775,3.492952702893922,114.64417451870877,114.60091415960355,39.07437439041226,7.006940691100056,179.92470256837606,165.06489581895858,0.1118078486918376
5fc579c7-6d2d-425e-b38d-e495b218ac53,3173.296158188502,3.6470976029564675,124.99380817193386,103.73847458365712,39.825659897626835,7.203290890283713,200.1708724034147,143.69022607644564,0.05888490498271939
de23190f-d0ff-443b-b9fc-68efc445b715,4889.15856034565,3.7108416699532745,122.3062264822845,112.7844454601832,36.35785917279746,7.096765979261733,187.98666702557483,149.98037496520797,0.11609845028348147
6ca86998-660c-409b-87a1-acae8bad44ae,4627.440664623738,3.7489438164639814,122.48585298156465,116.21704976724808,36.49345874610157,7.194415578786109,191.94721191629483,141.52631706036848,0.07026235742153197
69e4503a-38f3-4e3e-b9ca-eb620e387fff,4635.309053749862,3.621824638831287,119.25811246476124,115.02647230145308,35.536739945813274,6.962579869664649,187.27083100712937,153.59978729285152,0.11783531509204448
d54abc12-1e8f-49be-a86c-6c5d555cae3a,4243.51901089758,3.6386419811835573,121.99251392232841,115.33783252002051,34.685971055420744,7.051368497841354,192.82509363000025,150.70053072576357,0.10486639173706738
a6e1adcf-d688-41eb-a713-e440e01e173e,3141.895221281281,3.597194137306998,118.02781254077868,117.66735185805328,38.69086099566603,7.097826554846927,181.76500325613497,169.096046399637,0.08628782949330709
76e725c6-2f8e-4877-8df8-b34f03ae16d1,4928.66710833218,3.616879699575737,121.4753067061636,113.10251082430105,36.064343568379535,7.010367112995041,189.67132620761248,142.5384628387764,0.12404069672439295
405a6fb9-2db6-4127-849f-7dea62d17501,4206.0828478294525,3.678886850134538,122.84225689096665,115.94630432891333,33.58768623066544,7.028687313216153,187.6676846374042,158.65368701139386,0.11116751414484498
1be2445e-9a13-4964-a602-e068ce13a64f,2826.350910119342,3.2132044412629526,111.17907590777381,119.14246965115254,31.12925197886397,6.4823485254060245,174.85466734863195,167.91002874486344,0.10375057846206348
bfd1e299-a9ef-472b-b544-822722697fb7,3526.166230829024,3.6841635911149866,123.8428761822212,104.27808700742371,39.776692189049584,7.205130982203945,199.46309458972237,142.94066610848444,0.04387381802805354
0afdaae2-9662-46ef-baed-9e77aaf0eb88,2949.1395522452417,3.3794932022984794,111.84477805316155,114.93304347509984,37.63090099599977,6.878675465031391,178.3601329117244,165.5232639891322,0.10297144033736057
d5b5058b-acb6-4bd4-bbd7-afeb1edbdfc2,3830.839149576107,3.745953761955588,124.10956509436289,108.02417917150606,38.955208442734275,7.247393405820544,198.7997521142843,142.65051676670856,0.03768244554325585
c35d0bab-985d-4a75-9f79-8b44fd27130d,4047.815766328774,3.761727625220466,124.13489000978862,107.86468225469939,39.759777510022374,7.285716012138383,198.01183939540982,143.36000364464226,0.05091424647410412
7ffa783e-965c-4643-8c84-d2cf859172fa,2981.8032167004394,3.4812203264072266,112.83651102495199,119.77283680321644,34.15660517453919,6.777473926621307,171.19728534130095,168.68220747158986,0.12462072643030689
a1b943e3-02f1-4714-84b1-2f3fcb2468d8,2963.769150124797,3.6897717856182233,125.67057818667558,96.17850120914616,37.12531209374165,7.1298008318319095,202.81676042773353,121.31672434738803,0.07973557651479804
d3147b70-2db3-471b-b241-37756cdf2501,3033.811182684984,3.157609808841972,112.44658928508883,113.29720628001276,20.207463973810746,5.662119027850313,173.21518874773034,158.73538572804372,0.06133322152373507
3e2d983d-b229-4378-8d0a-1049484eb1f9,3543.0794986922024,3.4795354796001825,118.38922939414263,114.99925350788848,27.36387441338984,6.445228988609282,185.67217765225215,153.25690614264383,0.03156678640731338
227c13e9-9608-47b0-9b8c-fabe34383242,3334.28346706124,3.555830612884661,122.3147669415356,106.40835231374176,29.525216652913862,6.658975237173709,196.98042297172293,138.34665303819494,0.06076364896420485
62dcf590-db3a-4014-85bc-04d72264d36b,3206.770474105354,3.216157944498595,113.16686724431119,99.52582362765445,17.9319949373346,5.722905696172744,173.90794132527193,131.30125636758353,0.06006584824595327
c252aa31-3768-402d-886c-2e6bb67e485e,2390.6694993925053,2.8367314412236806,105.14256908625535,111.74048918383588,18.123343563920823,5.221205990594707,167.18691864775255,158.04173193447377,0.0863764719277477
6df1d589-c1d7-4b59-ade9-4e1c9e967629,2293.944562522448,2.960058849552603,108.86150272126822,112.61886758260255,22.608981862745416,5.709625718834135,178.9364106219316,159.8455343070112,0.0773280026422886
311c28e5-5ac4-4d95-8d53-050421b7292f,3732.824067732004,3.1548679565185305,106.89653722892533,110.12701147528158,17.366097788137274,5.579382283008762,165.2054971852321,142.1398657263672,0.06084738668451258
416ba33e-dca5-4e44-b05d-f9e25eee659e,3676.8775400631775,3.5265558413852305,115.75514631408396,114.84884499606794,25.961196079393183,6.457180964232444,173.790279713781,155.8762272060107,0.08901514776320396
dc110172-4456-4667-8529-f7edf6564400,3368.2606617322563,3.1351539944714846,107.7367168912142,112.69889843323128,17.60381762112799,5.491234876213885,164.6580131663434,148.93039717060617,0.03930060250488544
e3ff7edd-17fe-4333-b60d-f5c4bffecbf5,3537.285958104579,2.6671940037308404,101.32888981969452,100.95090823967647,10.613753774382522,4.661590883505424,153.65411423791005,121.78800357882126,0.0672607744819589
cb1f53ae-386c-4938-bca6-99916f328488,3303.987347846846,3.361407356971199,108.89486368874414,115.95069111734202,24.33935264623937,6.13017670973157,170.97332376627634,158.49941578175475,0.04613644325826936
4e538e1c-33ea-4a43-b6dc-0d7e760afaf2,2939.361162273713,3.101135156345968,106.8546784407657,97.39416153862855,20.09300491930244,5.556642378968576,171.69487540974617,137.16872147312526,0.063137613180931
5a3cdfe3-c013-4d98-828d-245dd1f5b0ce,3444.5394789992106,3.575499733538854,116.21307174717614,116.96600778257482,39.582104012115636,7.043881416825949,183.58104809456972,167.88775538019644,0.12199729130040249
864cd7e1-5e91-412f-add3-ae35653f8f7d,4562.97176922182,3.848310936045311,125.8157886772811,114.78599366946278,41.501284138794276,7.447563716263535,197.27858900665433,153.00092577317847,0.06757064461568399
c4372eb5-50ec-4372-a394-098eaab69812,4247.797079951443,3.8204670105679774,125.6118984197964,100.59950190653751,41.25228230660864,7.369016297342336,199.31923736097542,129.65328946694885,0.04857382364983452
c25df907-32cc-4938-8e4c-8d228ef822cc,3994.071152913582,3.8608815523467728,126.29195802206038,109.2963544086115,40.760578906088696,7.468963147191177,196.9120611914513,147.97604308919983,0.065785419104494
990fc215-2fd5-4e68-8037-afdc660311b6,4770.401173773777,3.7990449418718995,120.55496400044846,119.43282668002571,36.353857045986516,7.226652312929332,180.99514236144432,158.91662347384937,0.13209935147392257
a9c2731d-7a6e-43b4-ace2-86f3cb5eefaa,4687.646857548888,3.7100373257649464,124.14871190759247,102.14685320600226,36.39262456241341,7.085212369102474,189.97883612035065,137.59687619143432,0.09656062475771432
64abf681-cafc-4f68-af57-125b415bc450,4853.558848100436,3.7043980749940233,121.30040168253018,116.75786630219814,36.108815062732575,7.07829436789059,183.81239138548972,155.80423042955567,0.12393537067796431
a3839e74-4891-41e7-bdb4-2a718a72535a,3457.3410196230084,3.495923348363309,120.29879896256548,99.50750535646246,26.877493117858357,6.399228515144249,189.70215668881582,131.79577528631822,0.04148348531294299
894f976c-480d-4764-ba55-770951d5d556,2915.0500692804903,3.1458672921372575,112.50172397261254,115.4368375524731,22.19286911208203,5.762199224486889,177.4183238874202,146.67870580340113,0.07911913542879667
6af62c35-cc57-4fb5-8ea4-672768514a66,2382.1379452261317,3.308478743084059,113.7162439248126,116.93329175368478,27.876145747791035,6.162782138361813,182.38973260513902,164.80509701891083,0.08171901187235074
80f52efa-6fc5-42c7-95e9-89c460443161,4586.391033282058,3.8787263931937543,124.33799826291079,108.71209098864115,41.192577263099096,7.4442908175842515,196.53608448823135,141.73998854747364,0.1219524288964288
ff20120a-5d99-4d52-abcd-a89d19e0c87f,3329.5761669194812,3.787465216510379,127.55745559641291,104.63579695250667,38.3068240357242,7.31596450689875,197.77865820084224,144.01100453451485,0.08870117763714573
c4eb3957-ba9d-4a03-9f71-eebc1cca3ceb,3877.0425172853347,3.8230939169510605,124.88774252726303,114.22119995371244,41.407332067064644,7.34353081118649,188.53341917479415,158.28333930128355,4.075276911357017
0628a224-40aa-40c7-be33-5474d65709eb,3658.5319309784654,3.430359791826252,122.00759951237062,97.34099983664505,24.634258302092736,5.886873431253042,181.19841843646813,125.87310572417773,4.142882079007018
c36ee690-e1c4-4785-952e-2929c17f6ca5,4286.741556250976,3.604246163002737,121.8859714335099,99.5954072079423,26.86476316992141,6.3834186664688195,182.67715704486938,119.8111039767359,4.1268412369290415
a71992b8-9943-4961-9e37-7ec4a61dfe88,3689.0531950739582,2.000117802439538,102.19948280502385,87.02280429141207,11.902449195032608,3.5605082428319648,147.67241916363534,98.39506292216849,4.056662985964454
07f45191-4573-48aa-b44b-e542938ed53f,4140.643447245993,2.7289500643779028,107.60737126803824,104.45901553482838,14.266910126248675,4.724950901886823,154.97798201042738,128.35053603301475,4.053506225708991
8e900e33-682c-4bb5-9ca5-829ea083352a,3751.668008831154,3.468329449863657,112.98298667682536,111.27164760282187,29.95287148227435,6.44127042304352,176.63379250881948,150.59591313217538,4.1489170318496
05bd697b-7c8f-4b1b-9e3c-8587ee0080ed,3857.670342142776,3.4196386477987772,104.47281868690789,113.95009580944183,29.053936995857423,6.288041753329741,158.3599751080248,159.91748176180832,4.123455319129865
09e9b37e-b5f3-4814-aaaa-641dd5998ae1,3669.2725281079593,3.2945098473196746,102.58969826147154,115.59637310706505,23.37807213578279,5.747031770542689,150.67109457187306,161.21207487708983,4.021560702807759
d4939765-8d27-46b1-bf1f-753405e43fed,3721.1483240211746,3.12083788481423,103.32837778791873,107.6534248704701,21.51341906177832,5.48027070731986,155.39236230463948,150.6871038083326,4.0309852474867505
2fa09330-461a-4a40-9af2-d8ecba7b129f,3972.453219719365,3.5996713572123022,119.01461347314516,112.6901450137686,27.997518362969277,6.5071797948997725,180.99502403904722,146.4135681842594,0.09200129218351065
e678370c-3939-4c29-bc29-65d5d4adc30a,4316.899149938299,3.682512694430469,120.25940470803513,112.4062970949752,30.772543519024623,6.914821014400933,181.57867944882042,149.2420749575346,0.13147700019449157
5040c351-6a33-4f7a-9178-161e96da08b5,4132.19002249891,3.6893981238212312,123.22817958538913,101.68508738263522,28.826531275445923,6.694007785253012,183.7720922447818,134.10584003156703,0.09263104514114066
0d3a645c-ead6-4ce1-b85e-4b88753d342f,3698.021563137759,3.5526069318135938,124.13584535926915,92.69150502374899,27.40961069204126,6.368563224481848,187.85676625964066,110.67816949476,0.11121810462966901
10c1bde0-fbd9-4a85-a68a-5b55bc627290,3391.854345001733,3.8085996891954936,127.19894910328355,103.36289815108253,34.50747525060028,7.110931535920405,196.21399398864716,134.18482702976257,0.08732224125877665
18abc46a-4cf7-497a-b6aa-853f74a90402,3880.283439019803,3.5434788121947633,116.83337969697479,109.80490143274794,30.488160908605238,6.385594165580781,182.72979299565097,143.5200704842685,4.11373684587691
dceb238b-6ade-426b-bd29-8910eda606e4,3760.557584698562,3.4940178313779633,115.59208882012744,114.2455494904026,26.272553237626777,6.12781946194926,170.14665982034268,154.32272739128433,4.131300166279316
bd49cfd9-436b-4286-a64e-df1d557b5477,3723.6205439822697,3.631552582235339,120.64882878715996,112.38987923589893,31.84010447881085,6.698215512746858,187.30243249285292,147.71091189110837,4.128640532976922
8fa22e69-a346-493c-ba94-050d9af80dc7,3995.006521624489,3.6066171451560924,118.06024812043322,112.4713862102931,29.33381850110066,6.46326514277788,173.34523279625967,152.32135682435006,4.120612370523808
8132f0f5-37a8-4121-ba19-620a1fe5f5e7,3571.6100497938123,3.703180624313319,122.27210185646054,112.15618263931738,35.864050342041196,6.952002383905838,191.32934029172355,148.8407358969469,4.160014270825231
834d3684-17bb-4ee4-8da1-cfd4b1164b23,3611.13504629604,3.4529816045743997,116.2843154063415,111.19289322183378,26.157395158638565,6.100836395908135,173.96943441122372,149.1930468767659,4.122546371765675
645e6b14-7346-4b24-864d-839c843cc8f3,3614.35522083939,3.1359927057764447,104.04358551478052,115.19552527434018,21.840932513297492,5.43852118602822,149.36402862193805,161.42023485653462,4.00651214524525
63a9936a-ef40-4cfe-b5d3-ea1c1c697537,3648.965293915591,3.465342194914789,117.96236124102742,110.20390861392391,28.37467964276728,6.28448902705203,181.63533798608236,146.48493912510827,4.093494016070079
4095f85a-bf18-4685-9e81-fe4fdec68981,3608.3459695742204,3.4113415273594923,113.16503386357684,113.98816004357005,25.529469813751025,5.945449068758325,165.32735838057548,158.78530642541432,4.110303922854598
a933165a-174e-4bbd-9ff1-1cf44885ba79,3641.0245225510166,2.8293395130621515,101.99720394880019,114.07411950422804,17.150977352583578,4.930660790708032,140.98906113209455,153.91013069342426,4.07277821164759
bdc3e3a0-7c93-43ab-b135-7353cf6fde20,3653.523864394602,3.5524923391420935,115.52060357306411,114.9394570377383,27.954417821829622,6.383689795760004,172.94579203730376,152.45109515443897,4.090983952916193
