track_id,launch_spin_rate,apex_t,apex_x,apex_y,apex_z,landing_t,landing_x,landing_y,landing_z
065c1384-11e8-44d2-bf1a-db288c0ed636,6980.061240159075,2.8000000000000003,46.236903936498905,96.05124591378676,20.888284055687077,5.502991349690478,78.89705410395663,140.5714114663726,0.060999999700865226
a97c3116-70e1-40b2-afd4-1a00b7147363,6133.347200779107,1.6300000000000001,24.579442793110903,70.90163263347688,7.9045212292756695,3.2528944403994107,57.2492216057782,104.47289397361037,0.06099999971055566
c2dd368c-3e5a-4ed9-8e6e-db8551dd47ac,5990.290300195365,2.5,59.122164110331504,80.68143839588681,14.991265445965569,4.849320134203468,109.6755007444274,111.40921903191315,0.06099999906798648
dc80735e-d8e3-4716-a20b-73c189f9895d,10938.178762443977,2.8000000000000003,37.699603605058314,56.541537340590764,30.374098276253083,5.799859392400713,77.2641744805586,67.30270872676003,0.06099999901406064
9552ec97-ca7d-447f-8d11-5b17bd3dd31d,10766.408918636424,2.59,30.910866595903503,61.78400484978253,25.312180762557958,5.331947474294971,66.5653600267709,77.44389635455066,0.06099999980525277
58f8ba48-c1f0-41d4-acf7-5f03009f021d,10867.730754617509,2.7800000000000002,34.825104490595116,65.03265870720294,28.357336817958466,5.685787635359499,72.21731514791195,83.05025858576296,0.060999999421236864
d6e63f52-a798-467b-a0f5-f99e65bb95f2,10899.794149250254,2.7,35.839133047772044,58.464505461549436,27.626321220871052,5.578011781648592,74.91041395394704,70.20519676378564,0.06099999919882221
29a7d003-5dd8-4bf2-a5c3-b43a0e62f453,11500.0,2.22,21.974257840057692,56.51258576391657,18.168064653965036,4.531322655704458,53.75364986300931,69.45791897637666,0.06099999986773433
2557cc62-a469-4998-bd82-3ac4a05b6e1b,9721.447146312332,2.85,36.51315032826672,75.77940261285188,28.13971233079435,5.790087779481756,73.22149625584808,99.745947122033,0.06099999999122155
acfa182f-177c-4d4d-996d-c573e242e566,10405.677828263604,2.06,26.11783025103542,48.79492022047007,14.4649932921955,4.167019430517005,60.93759422849338,57.44931986018069,0.06099999929805665
0486ecf8-2e97-49b5-9e21-5da6b7780770,7572.620571155909,3.49,72.55136334541685,85.30675019545252,35.384396703554394,6.9421240631081425,126.22904461260704,110.69229808802466,0.06099999978759339
ed127a2a-c0aa-4757-8860-ce5f98df69c6,8050.38194905595,1.7,24.06899958966915,46.023193331297186,8.666158181342936,3.3886190048990446,59.46175887406207,50.97425475874125,0.06099999913809971
d2bcae15-56d7-4a9e-90e6-95799e3a2a35,8502.933874078433,2.66,50.509482928546724,64.71565481108077,21.904481262147232,5.33050799889399,101.28212472999944,77.35675133107657,0.06099999994920051
72c0ba08-8f1e-4565-8717-2324993544a9,8568.55014457873,2.67,44.408232843450776,68.58113524260642,20.49563045179772,5.297256015929285,88.37263764174016,88.52304380085847,0.06099999927439831
de5c76ee-26b0-4d84-ac1b-c4ab47500671,7937.91148193123,2.7800000000000002,51.77992837673565,76.09448180945935,20.342943131426026,5.448269648373341,101.24973988781584,103.47785807248542,0.06099999917303486
f129a513-86f6-4729-b8b1-18d1e4e43a56,9190.567966990271,2.61,42.48408241747153,59.49867380114663,20.805928690734135,5.21311787098988,85.8594812128265,71.58885101358997,0.060999999688213104
73067808-1bfc-4cc6-b493-4c447f40270d,7433.992300183638,1.6600000000000001,25.09002611528732,44.974799862940166,7.534633941878019,3.2837510269471206,62.31106212572064,48.223249091108165,0.0609999996248975
285280f1-1f6b-44bc-a2ef-476010e16d49,8499.619567433583,2.22,36.42024302769601,48.65897320496156,13.980374115503976,4.391765033608596,76.39382085354559,54.43651146365683,0.06099999982349654
be4dd272-b23c-4e97-9d12-f5ccb63cbd29,5822.782237030897,1.31,18.08037338458513,60.31988388200121,5.308446573646672,2.6103878411360197,50.38880325909673,86.55368836588028,0.060999999961215384
019eccd6-c8ec-4628-bbea-64799279497e,5678.356380294739,1.33,17.433367608056066,64.51169249830495,5.3807872880203504,2.6502254286278544,48.43299438077844,94.1894151706462,0.060999999977457336
76f72813-9fef-47a9-9dbf-e4b5d89c9186,11500.0,2.14,18.512236856881692,59.31520319415389,16.689710185232133,4.359106302253354,46.38618005135931,77.8473387527322,0.060999999089369455
b23e2488-da48-4a9a-ad0d-d4a4cc9471c5,10587.020042353273,2.0,17.698665143808277,59.8981915406689,13.448064357021064,4.025606461023359,45.25539934862684,77.62093620053203,0.060999999439353594
a3a794ff-3a50-46fd-8b17-56a2068e39fd,11162.402122610503,2.06,18.33085602657577,59.48268619027016,14.790715088408302,4.170907232109244,46.410448494393805,77.16889811806342,0.060999999909277194
f2165cd4-8627-4dcd-b620-b54cfad875fa,11028.828904621698,2.02,17.1617541322355,59.42401563656473,14.061974669741435,4.073850604301985,44.38875881805802,77.21793727410282,0.06099999961493947
804862ed-3f03-4534-9db7-dda652f24387,11500.0,1.77,13.104149386704163,42.29845184379746,11.651824409620225,3.6024739797521805,40.27397005190601,48.65948968047943,0.06099999975260112
fbb23eb1-79e5-4f5c-8fd2-07d12590f9ab,7396.428391980928,2.69,48.98808285428106,71.07752905900827,19.42530033130404,5.262796415944317,89.79608695758073,91.73976001552523,0.06099999972035861
a29cbdd8-393e-4c90-97e3-00d9624e625e,8304.865054694003,2.85,45.72331336905881,71.92644711472086,26.26314556642463,5.728027999287041,84.47773386795687,92.81350751909241,0.06099999919719998
0ddb7709-d9f7-456a-a227-71c9aa57b9a1,8396.055399783056,2.74,42.8808389262236,70.44225596011117,23.802888247313284,5.48259464851955,79.65933658078306,92.67178144862432,0.06099999974053505
9a4ce044-d674-4cb0-a8cf-e330fa857125,7551.516381327592,2.75,51.88170754785924,72.93735511644434,21.069990241098346,5.42832978748299,95.53889572828679,96.51704820016049,0.06099999916702166
d854cda9-05b5-403c-864c-f6b21d9655ec,8310.379421371235,2.75,43.318902544369614,69.78343468626274,24.09505090333299,5.500670838355766,80.37494657645104,90.93508464745122,0.06099999993291586
bd004b3a-5a67-49ee-b5a5-afdfe08e5aa7,5837.927580920417,2.58,62.99006049882945,79.52620786846494,14.766532036431439,4.938323556151902,114.58392124266555,107.0531545125669,0.06099999916764458
bd39aa44-4555-4e73-aa42-1757251a92b1,6402.111454969154,3.7800000000000002,94.4609178155901,93.6031494512868,32.391055592897594,7.214508831650814,155.15695027717283,125.64811032921762,0.06099999954911703
9d5b81cf-3435-49b4-a8d4-7f2ce906312d,5513.003428246392,2.5500000000000003,71.05667069370206,72.153149436093,14.149604376329972,4.87066084201252,127.51352279132925,92.69468617616275,0.060999999933916
9fbfdeab-f375-49a0-b030-27aefcf4ebe2,5988.814781651967,2.66,65.00295881697937,74.92014587770544,15.41027273814816,5.081392190715586,118.44195674683056,97.29836832454819,0.060999999860780835
f9636e73-ecd9-4959-91b9-20e36e651231,6319.136244054384,3.43,84.34009046226087,88.3566264481709,27.069107903696136,6.569835636059698,140.12369349212432,117.69929281510863,0.060999999016436574
54c5a503-27ec-451c-81e6-d610eef73666,5325.78960448498,2.43,65.0301308837902,81.26907688278773,12.420923972654965,4.635707377035152,119.90429981122863,109.21281146144085,0.060999999429262416
87679773-3eec-42fc-892b-b143d4bd5d6f,5195.762550284807,2.59,81.18419864271257,65.09227528272122,13.142839270304282,4.880923161937355,143.25949341399033,82.44069079078534,0.060999999907684004
cfe21f1b-2c25-49b3-8b18-447161bf8e12,5658.163851724998,2.6,72.56671529517644,64.86330484422388,14.244763515116926,4.952419976517666,130.8893219247513,82.16494866120823,0.06099999975800245
5edf441b-901c-42b3-8436-39c6fab563bd,5169.035533953757,2.0,57.790152763921824,57.39058860123,9.245867407984308,3.8844874752407517,112.85251798259465,72.79615444412303,0.060999999551252376
71979658-b314-4131-92ec-87529509adb8,5457.101422259709,3.04,95.3505899459581,66.94959249327361,17.94209826048122,5.7029135858171776,161.85757242960142,86.13490144554589,0.06099999970864162
271b6452-9b23-4e6c-be3d-8e30b0dc4910,5586.970974503326,3.0100000000000002,99.54895735642017,93.719329343208,22.48302411237869,5.857784326504692,178.7390628542833,133.76928980468873,0.06099999922156754
67f65d63-9f7a-48a0-b120-910512f23427,4717.534454840388,2.65,92.13959985624129,99.43113535885568,13.741471529328763,5.01714622639093,163.19949251104075,142.14083762954758,0.06099999928537726
95b1bfbd-c166-4b6c-a980-193fd0dc2ab0,4909.436949406823,3.02,104.02477472610119,102.97583545863685,17.140105825055947,5.650957938501408,178.55808013855213,142.49139759017848,0.06099999990420605
e50f7ff5-2575-4026-b5b9-6cab680afe19,6638.231603849693,3.43,95.49785282901836,72.21781341258936,27.706244293411714,6.613579457500289,168.87055627172685,90.64996013396726,0.06099999964205415
5d2114db-21d1-4805-becf-69734cf00391,5378.432613388555,2.63,85.45435248132581,83.90360589111229,16.68125534481918,5.109768123066829,157.54120396784654,119.38947709548592,0.060999999023187396
042454b1-8bef-4869-8efa-95e7031f02e8,4539.384358215641,2.35,81.26768880075346,86.96069524394701,9.88871843809598,4.418824366529056,148.89084421036054,118.58503469936004,0.06099999911756346
a2cf6bc9-2baf-4ff7-bc0c-267104b6d179,5115.739288226602,2.57,93.30303254932569,97.3016688023011,19.961896712795248,5.143319675525161,173.46193168988017,141.36159104527604,0.06099999966803285
5ead2d3c-28cf-45b4-80bb-517f787c323f,5395.380298839509,2.66,99.16536104958892,85.2345451833056,22.29363226497114,5.340062794269682,185.48483065920357,116.99346979088651,0.06099999999372077
205cadeb-9451-42c6-8aa0-70e053b96fc6,5701.2563664825175,2.44,55.11571531964199,70.78182423878665,11.609934359834503,4.582613245299763,100.18385813709435,89.96227176534329,0.06099999973867567
94c42ee3-5858-4f12-8bf3-4a6c1ddabbb4,8868.67620100316,3.06,49.59495379131745,73.5199577012018,30.994384544571144,6.1765736889435745,91.46919136501886,95.5038439866072,0.06099999934263102
aa1d0fd6-5e2e-4832-9565-3f6b32769e92,9096.989881879988,3.0,46.33309751207919,71.09868837031269,31.470821036139995,6.11940147057305,85.97042645879623,92.99916114240308,0.060999999059852844
667ccd2c-9b5b-4a22-8411-90cbff82d9e2,9867.003526150318,3.3000000000000003,50.544101157053866,72.31386250408134,39.70636479543349,6.785404225113651,94.37270485373821,96.33756080941403,0.060999999459577195
18cbdb71-2f67-4e74-8702-b88b142b1a49,9236.489573233213,3.18,50.80191496781493,73.38522541498602,35.54826335893817,6.4999258635527655,93.22912134662442,96.52569758407512,0.06099999900741351
046ef719-e596-4bf3-a6d2-0efdc7461188,9225.843177108827,3.2600000000000002,53.57302848762556,76.18898857631599,36.38330682092006,6.6367064537642735,98.61560358748936,101.2662530049229,0.06099999932935454
f667e2cd-1546-4a41-b21a-ef797d0a4a57,8652.310272299172,3.29,59.2511381273446,77.000209819719,34.35148868343783,6.618833454799621,106.85263668234573,102.88539940768578,0.06099999911665441
fbc599bf-8339-4657-a7ac-0e086d546b67,8802.304491590463,2.83,41.09808719074097,72.28634524143322,28.018153558881636,5.76391211731683,77.68598398828324,95.0452018438831,0.06099999960878777
8b516507-24cd-482b-8d16-8a57ab38fbb9,7843.598564804557,3.58,77.62624390614472,84.328085438998,39.47794870616561,7.191358464226733,134.41800582795153,114.31360564944883,0.060999999864153484
5d5590a7-36d6-43ec-9055-94f1da1c36cf,7892.620883665621,3.86,76.47881323141111,88.28231318891893,46.321294994317626,7.723186746463183,129.06506652834975,118.42253770763928,0.06099999968132555
7f1e8c76-e15d-4af0-bf35-89ca627d3452,7824.378702049974,3.64,77.97675673686739,82.70437947970541,40.11888608156055,7.2906978021763855,134.21164671630268,109.99340297565834,0.060999999930219685
26b6cff3-457d-4337-99cc-331955df85a0,6373.455216885459,3.7800000000000002,114.44909281792559,88.92846892426893,37.45624299737659,7.389153857871391,192.4758616591613,117.54688263539825,0.0609999990846144
79e47389-8820-44d7-b7c0-6e950b4f2cb7,6280.586172480134,3.93,117.5621553325774,90.12738701361506,37.87965922065875,7.597538788253664,193.84879740723784,120.46018414079418,0.06099999924612087
d74de485-c6ab-45c5-96e9-f83f4196b7fb,6184.078008677459,4.0,117.76329790083254,106.8333401183698,38.104772748262064,7.703304984432546,195.60579353602128,147.70941702903153,0.060999999669501745
a8f7f150-6b4a-4d84-81d8-6a09a2ae8f69,6120.387350998437,3.86,117.68992856888813,96.96288489407941,35.773830882861006,7.446528966630541,197.50231196867313,127.56215132920923,0.06099999934710354
3aaa3f0d-ec85-4e13-9f07-68441460bc50,11500.0,1.69,9.314223781556244,48.1184828643526,10.535482940279186,3.4284070656103394,33.99022407077041,58.398723990533185,0.060999999159294244
bbb67396-abc1-42ac-85d2-30ad28fd17ea,11500.0,1.83,12.892700663692295,49.867248761577386,12.260015586867032,3.713175281315133,39.46106955156536,61.109948607824776,0.06099999968247157
78560113-cf97-41ac-b047-8f39b6ae460c,11500.0,1.59,8.65824303898989,49.0130072799746,10.874076826033331,3.2952775300575015,33.939134174092764,60.09341390530383,0.060999999472248684
5ea7a8c1-23bf-49ec-94fc-da69d28234f4,11500.0,1.96,12.873961283940796,50.62468409107377,15.017475600580003,4.018274990594855,39.8171526013124,62.361582135206724,0.060999999172500444
6cc72a91-913e-4736-bd40-ca013a3e8295,11500.0,2.02,14.064342780062201,50.0470766444931,16.131081152610697,4.1486801467366625,41.57169601425482,61.73819017502641,0.06099999913198552
2f1acd30-2a59-4ecf-83d6-e89931ac79b9,10466.273615667598,2.31,29.76113813832734,52.618555560953226,18.811907057597004,4.698333681631642,64.6526427973869,63.565017249627104,0.060999999166632235
ba506784-037d-46fb-84fd-bd7c55df4847,8806.869093808931,2.39,33.67293445050499,60.92096493108431,18.375551423285085,4.78565257858315,67.7168767418204,78.64179266778534,0.06099999943474205
170c3371-8968-4128-962f-7d9b5ac27875,9753.795303769384,2.35,30.248720060829626,58.15633701573421,18.934683211617838,4.757138812494865,62.915885975303965,76.20401365674417,0.06099999928611845
7a4eeb50-e853-429b-87b8-c58c1da17c67,9966.928479020711,2.37,29.41362533348591,60.78470803837963,19.41024866867172,4.801683557582384,62.78766318681182,77.7842304173253,0.06099999983164414
b6887672-1f22-436f-83f5-6e7b747d4e1c,10318.237522581489,2.47,32.253944830919075,58.52017792615993,21.807946318862818,5.0371416108217755,67.58969507291354,73.50853560199437,0.060999999285839324
2b2a55db-60ec-49cd-93ca-27fa33037678,10049.288096648408,2.5,32.535936917049824,60.47214514268281,22.096812383474806,5.088224015581413,67.05246955899149,78.1469736362577,0.06099999917759863
ea1553c2-5c39-40ed-a770-03abe6f267ce,9263.357917970312,2.8000000000000003,44.70061574610804,61.41201400944025,25.51549344006395,5.620252201618196,84.94891515667005,78.81189022528245,0.06099999997478064
559f9387-ec7e-4f4c-a9d9-d7fa83de59ca,9240.521930741663,2.58,40.621802925252375,53.717388090471,22.879316188606722,5.2338588065112885,78.92848583731661,66.3139179486109,0.06099999961411925
491227e2-47ad-445d-91d0-74c64324e7d7,8274.396309914717,2.63,44.650565815543075,68.67311230915527,20.363219421287457,5.243058444464298,85.50535147649407,92.04997303993657,0.060999999694155455
89cafbe6-859b-4c09-8326-7f78a2a35b40,8972.530697680351,2.65,42.82557409172369,57.24099655815173,22.54443142794468,5.3083229315467255,82.61105185739011,69.4331143660341,0.06099999916770704
77376e26-4b73-4547-bc89-7fc10dc9f8a1,7816.821476895596,2.96,57.80238492667945,70.08063121665812,24.268354828567052,5.833523793431812,105.19843478887047,90.87831030943373,0.060999999647620554
01436dbe-011a-4f2c-9c8c-ad0995d3deaa,8947.173777440927,2.75,45.502522508257265,57.25085178933047,24.81672273061928,5.52200671194011,85.85389950278098,69.80843051476411,0.060999999799329206
b62b8713-0c07-435b-9587-bceb41783ca7,6177.770440352799,1.86,34.82398876966177,64.79487564967319,8.73577893233978,3.643654781581077,72.47084757858055,92.68196343234217,0.06099999963452195
3b572fc0-c712-45b6-a54b-a211f9a1e855,5931.877969064561,2.2800000000000002,56.520411006872536,61.33705639677702,12.409914264535397,4.4225773753920965,106.52421135172652,79.12585081459527,0.06099999974226267
a25aebd5-1d5e-4a2d-a6d6-bed151114428,5651.378386772965,2.22,55.87959553456372,72.08706687791886,11.728332879574126,4.308304134780377,105.52730214263465,101.75987000915954,0.06099999916958672
d7fdd9a8-1d80-4ab2-90c1-479a24ca098e,6223.815204419843,2.59,59.85194233423753,68.4088089487409,14.851109945462433,4.959752166747376,108.20236091327567,91.4288316499895,0.06099999902478323
2fe63d5a-bf78-4bb2-a686-be1f39339798,5539.026022089785,1.99,43.9191549335572,66.06488818520957,8.427544986413805,3.8104961513482967,86.34249373212926,90.48339911490312,0.06099999995038477
d7f8522d-0158-4495-adb1-59ccdf051f06,7174.54696332676,3.0100000000000002,72.08903794356283,74.35832251598494,23.366642906149988,5.87979040412726,130.16623307581094,106.45288911826077,0.06099999902095951
4149f908-5895-43d6-9d44-703a5079ba00,8342.917864665287,3.12,61.30058187183452,60.55539992938054,28.514905120179563,6.168638917697535,110.73418878849401,74.32157900925235,0.06099999913610843
c452a8df-fb9d-4b2d-9bbf-7d9acfac3c64,7021.484676946999,3.31,78.48132685564865,85.6190600628196,28.412539818319765,6.469583612422819,135.11457423197007,123.03342090746234,0.060999999041639164
460f06c0-b95e-4241-8a71-b501e838bc2b,6084.844906133043,2.7800000000000002,70.74557963576876,79.60489309961052,18.598690363799456,5.384259694624264,124.30025183804521,110.34581785941866,0.06099999957402983
b39e34f9-1029-4c25-8cf1-6296b79fc83a,6795.566326207374,3.6,104.85529844604312,71.14528892282114,33.80289866425093,7.039595724558597,183.0763581315869,88.79838453930209,0.060999999040427244
bdbd98c2-58aa-4bb0-a104-e10b74b644d7,6786.878866662219,3.71,106.4436443886002,86.1221375235948,35.11057499127443,7.223393747573417,185.20972464892282,119.47430770279678,0.06099999966062514
4d93adb7-e8af-4862-941b-ade9eea45e72,6071.307762100664,2.98,91.87504513735092,85.74047671976378,23.15959755733918,5.842895608967443,166.8308404429618,126.18516964218787,0.060999999710439505
3879122c-24b4-4286-9e3d-8259524ed42a,6334.52763553962,3.23,96.43454255203163,89.59299322397645,27.720571431741185,6.33631493837143,170.10455382408625,130.23109567439883,0.06099999936850606
6ec38a2b-eb4a-41ea-b66f-05fff95cdbd6,11500.0,1.96,16.253647769775636,55.48336697277857,13.549717091918279,3.9656635235963815,43.81225209150757,70.56783596216958,0.06099999943364784
e91a8a1f-defb-46cf-99d5-5811bd73963f,10553.53589597181,2.31,24.877193863425386,62.04648996936591,18.89119155920433,4.692486646761655,56.43068533494626,79.88642106932758,0.06099999975133572
3eb9384b-5a9d-4ade-ae62-a7c1be2558ba,11500.0,2.11,20.767495355224842,56.25687183802569,15.8190538646636,4.285174309320706,50.87005971679558,71.15846305854761,0.06099999948256926
ff3b20c6-b531-40e3-ad06-01a9839661b7,10187.251319143166,2.19,22.82121479569857,61.210144976239064,16.52919245650258,4.4345203094262855,53.07485757830914,79.25549338466573,0.060999999547968954
f9a8bdb0-87ad-44a1-8750-8afb20b99747,6968.012423648364,3.49,78.23648418709759,87.01728023556649,31.73480516994427,6.810265715761424,131.90388108403698,115.51877394003444,0.060999999973428524
4eb60dfb-095b-4be3-8253-45b92fc87274,6189.803949134819,3.56,93.45498960898885,94.7471661179438,28.213006408652156,6.778435994701288,156.66424378676237,127.91487383633292,0.060999999156400725
4bc6499a-d45a-4100-9e40-08df54b338bc,7236.7474248407325,3.75,79.81274683642506,95.31847513906929,36.9930079416405,7.326287629958984,134.8607340831898,129.8333318508545,0.0609999993712369
a7665d5b-a238-46ad-a349-e269d1e8c226,5489.18773116763,2.5100000000000002,62.84409827810209,81.96526434017012,13.173733491495456,4.777311809638294,112.35662162141101,112.40026243299741,0.06099999926881894
7acab961-836c-4b84-99d7-d58b988ad51c,5608.645191068366,2.56,65.78764665772502,83.0670086556065,14.433926006030577,4.902642825127617,119.25635138840512,113.78444445363122,0.06099999973571719
ed976902-152f-416b-adea-46b5302bac36,6242.124758325246,3.3200000000000003,86.36247603637034,94.39555827965803,25.47331083368403,6.383317936744658,148.78190878917727,131.73354151676958,0.060999999668206926
c704d1f4-814d-45dc-9d8c-735336b227a3,5780.3451204721805,3.77,97.2139339978168,106.40344275803503,27.78895776848137,7.018916440876083,154.01190866769576,145.83976802837552,0.06099999910835571
fc739e37-5ca9-4c36-8da6-e50bef08d2a9,5508.0689142327465,3.58,104.20882875608619,98.47330395729364,24.30324320595822,6.641374662987775,168.20834254268252,131.16359206814704,0.060999999862533905
89c23458-250b-4b10-8e94-8d499bdd5498,5883.888426695034,3.5100000000000002,92.79643649602203,98.82168250070377,25.667261197546193,6.619591340221588,152.37287283945298,135.5939415884677,0.06099999904086609
6c86624c-abec-490e-be37-360da0dcd20f,4923.713987400239,2.07,56.68845913001205,76.32455058934394,8.85273930216934,3.952389258447323,108.57637089185907,103.65102623561982,0.060999999761073856
44e63caa-fb51-44a2-b544-aef1dd698946,4737.4519900088035,2.04,58.0316314938623,71.39801962591505,7.633883767112628,3.836937244661221,108.63395445129004,93.81470291113472,0.06099999930627573
864c741c-d150-4079-b123-52069dbeeb30,6183.9948064914315,3.38,86.55195563198659,85.66887063952072,24.82151013056439,6.412109273691444,145.76022385463455,113.03010853386847,0.06099999978907253
db7c1bcb-9538-4ef6-af7f-fd9eba7f0139,5769.860850939911,3.5700000000000003,101.13101697270166,92.13191102940878,25.771634654822325,6.703258036590599,166.61071489490158,120.89507876823721,0.06099999967419645
2b7f70bc-cf60-4da4-9c52-4ed5b08cb0af,4947.200460274219,2.72,98.60735417522429,100.26993125536904,18.23925331445759,5.3020463524636785,178.50406222313114,141.93647867461175,0.06099999979536455
10f71e6e-98d1-4f04-8381-4e7f9a582ee6,5384.124110350063,3.0,99.94752378651786,106.74446810271328,22.915417850404967,5.860531036759624,177.8809321137273,156.14159554904845,0.06099999994689673
2a249c7e-6731-49f7-8ae3-67a6bb53fb71,4830.106867078913,2.96,111.79053292862443,100.18148461018839,18.218884742549424,5.633167867235395,194.20907840674874,136.91803442814222,0.06099999968321297
bf6a13d1-20ae-41cd-acfc-3fd6ad892592,4233.46307900657,1.9100000000000001,58.13656100435513,96.2619446788532,7.0192022040179864,3.641403452699498,110.64180576416504,142.09628505620148,0.06099999985965483
2b8d7290-83a4-49dd-bda8-8eb6f71410eb,4782.846415368928,2.69,105.33509942756469,103.66438606102093,19.190076627189377,5.29611260022295,189.710827317244,147.386187803184,0.06099999938873987
6d33bb9e-d366-402f-a5a8-5b9c19aeda14,4712.101760758873,2.49,99.63617704056448,95.17295282525264,17.435235543520957,4.941009354329833,183.51309005273333,133.80247172381394,0.060999999899064766
a1bb2370-76c6-48db-a018-98e3bb26cc6c,11500.0,2.62,27.411269825941723,64.1620436553378,27.065833738793142,5.434125052749737,60.50414110544316,83.77036318936686,0.06699999958749443
06f8054d-e9d1-4c6a-a16b-6200fd544c10,11500.0,2.74,30.008008852644632,64.0584281590766,29.754042696155704,5.6885795996996755,64.75683479046477,82.98927551594929,0.06699999914204022
dceb788e-62e3-4b24-bddb-e1e3efcc7010,11316.266786739563,2.62,28.630710098054106,63.03411198729189,26.898289176300768,5.426666382491211,62.34364975656624,81.81754263331557,0.06699999933336126
dcd41b17-b669-4514-8e82-93305548c3a0,11160.579983803153,2.62,29.18915712298093,63.67021462241698,26.78156969425524,5.43405709032658,63.27083086089454,82.65149354344287,0.06699999959429116
dfd6cc53-b67f-44c3-8a77-97ba2d3f1bce,6441.903997642972,2.59,53.65824154572829,71.03370407686401,15.749596026030222,4.992716162599011,96.66598347565323,92.717053075471,0.06699999972838364
762a040d-a259-4d69-9844-94150ab0e1ed,8325.39053330274,3.49,71.0747669443169,78.55106191278242,36.05777344445135,6.9487871567435056,125.58824062505438,109.93227036423332,0.06699999912128404
db76eae8-da8d-4001-8d67-9d50c99819a6,10009.521649279217,3.08,47.41160977384024,61.508666514369615,35.606078492241785,6.36578405163884,91.26473489602641,74.20252233347593,0.06699999942159475
23b9b837-159f-45de-b5bc-748959019e89,8389.262965256996,3.6,71.14827059903511,82.50490019550497,38.58114441289776,7.182106646099877,125.5722346627389,115.1490964617793,0.0669999997893358
0db70d1e-5497-4cea-b8c4-e1b100526016,7039.870668650143,3.39,78.2034474136843,79.66653330331644,29.537131531822244,6.61250430996208,136.96981696749484,100.0157798831006,0.0669999997495692
4db51cbb-615e-463a-9850-9bccaa3325c7,7394.849400033795,3.93,87.67592812501144,84.27974694785921,42.58155958522441,7.702438212045544,147.14655577628574,109.87008670031778,0.06699999975617871
6ab3a8ff-956a-4a64-a439-6d2aa6461706,7334.25693874697,4.16,99.67883959911546,88.00068390183338,46.68772371543537,8.16238270118198,165.19383311600708,122.76652823435816,0.06699999976173007
f99fec61-1540-435d-abb0-ad2e9f347880,7323.338253394957,3.62,83.99888410951036,76.2759325632762,35.30826699674305,7.100945642101289,144.7109955582857,95.04983243205848,0.0669999999054357
223def40-4905-4699-9354-7d96880c3974,4441.9267913424255,2.77,95.51076999836167,76.03527240224315,8.379933258162266,4.786260975572434,152.09016956720285,99.19220554589913,0.06699999937390264
80b8fec0-f656-419f-bccb-0998a044b4e1,6444.496851048367,3.8000000000000003,113.05307581981262,82.5430814173284,37.64849535595877,7.4270838775491965,190.97209695651273,102.70986711457218,0.06699999929161174
ac6aad21-2318-48cf-a2d5-6ff48c1dc9af,6838.945917227903,4.01,102.63081184049719,93.76466856593137,42.70211880863724,7.8566769200951505,173.18108293795504,117.48586934271982,0.06699999933230841
877c21ea-833b-459d-b98c-beff651c2d12,6461.401434314869,3.73,109.77451782826017,90.18801654967845,36.94538200881869,7.314418062883788,188.57604351086522,114.39577540658999,0.06699999955819322
f93fc728-de04-49cd-bb21-24b9ef3f4620,3661.667130867753,1.09,35.18683461823642,59.95280380163829,1.8319627592538428,2.060658208107458,79.66417993801379,74.74707625529965,0.0669999999341792
37e236ae-9cd6-4e04-9f31-bb7c00142f2f,5821.243470685789,3.88,127.5640424615978,102.10662352165645,36.14903138661102,7.486537308616498,212.59868172142302,132.15264816050046,0.06699999934626935
9fd0315d-0c9e-46ec-9548-c818337272d4,4818.4702309525055,2.9,108.19403957884727,98.44062072742526,17.307090124697037,5.511457431011649,187.2307630165187,140.174221915913,0.06699999985425681
55341300-11e8-4ef7-80b8-8cf8fbc54acd,5798.5658111544035,3.74,133.05834902517915,94.9884689148192,35.06978577545446,7.2713761780816535,227.10762054314839,130.16159548469207,0.0669999998623821
71140f76-70ab-4870-b3c9-5f74b80272f6,11500.0,2.4,25.264515369255676,61.63964075628086,21.42495420694752,4.918691308656598,58.32938903780382,77.65162864708913,0.06699999913086865
ca069d1b-5211-4b9b-b2c8-8aab251ff0d3,7987.507190575968,3.0700000000000003,49.484043287051236,82.16371236078722,31.080403034051265,6.194281716439785,87.84659457726269,108.2023772624025,0.06699999957182826
eb8aec0b-d07d-4bf5-91e5-edfc4fff488b,7982.360839241797,3.13,54.893735853233814,76.16025285589186,32.608567109957434,6.3371233102290105,97.18534699394566,96.97053769768635,0.0669999992876689
967fd4fd-083c-4b39-a0c7-9dd119995cdc,7961.5924770870215,2.92,48.24639039128361,75.12221891251802,27.40503150561485,5.857352898804365,88.44252764995635,94.63452234742326,0.06699999926470981
495268ac-17e3-4fed-ac7b-5c3b7c8f5126,8302.463558994445,3.19,54.49163886262965,75.59020884067976,35.10000227829855,6.501373709968192,96.80765981050678,96.93887275461556,0.06699999986262892
e0c7ad92-dd11-4ada-a34c-bb3cf98d0f3a,7738.493584110318,3.2600000000000002,57.524202558923974,84.58972067006643,33.18792686523617,6.5155160981933085,99.15399296652117,110.72727924149129,0.0669999994483901
88ded410-842e-4fc0-94f1-499f68f62fb8,7544.2456098600305,2.86,50.21980633891316,72.57745969425956,24.666538922735402,5.660517973004846,90.0241889349368,91.30107003581239,0.0669999999482026
f4ae1e4e-8966-4931-b119-8e390bb55724,6210.954943183644,3.58,88.90099252911321,89.72766686023058,29.20041905489594,6.829115610660923,144.1449955801898,115.9266428449885,0.06699999908843904
86c4f33e-9fbf-41a5-a4d4-c7d8366b1fe3,6055.347559235945,3.5700000000000003,85.36459415172254,95.69971713577397,27.252749208615786,6.718801890921045,136.88951071994774,124.98256358972097,0.06699999911981072
8e951d08-e6f0-43bf-a1dc-31eed5bea6c5,5733.080547391951,2.61,62.989778545096684,89.03377491956721,15.257169571428944,5.010473869555372,114.15451676048986,124.20352199999226,0.06699999995261324
91e95fbb-0a1b-49cb-aea9-812d8802b36f,5595.499478344918,2.68,73.21695807873621,80.525560018341,16.305537655724027,5.141064416652165,130.5291097783197,103.74231135521057,0.06699999989355825
b6d48086-3fca-4523-a362-5fd2fafe9af5,6340.17318432934,3.44,78.90780174597589,86.30139595568409,28.514869159207883,6.544312659902762,126.72030635693207,107.02913251114619,0.0669999995687342
77e23cd0-364a-4071-8377-81ffebfbafe8,6202.477242356245,3.6,84.52666103457224,93.53840387607393,28.804285484464497,6.789018357669982,135.80794708884716,120.44770369124352,0.06699999909816454
e8688d9a-0af8-4481-af88-b67708bbf6b2,6173.844875246509,3.65,86.84533144166173,98.23278703188119,29.797611390020705,6.924155710847749,140.04804132010716,127.70126597526576,0.06699999958442862
b8e8e782-a1da-466d-8457-27d261d7a919,5331.680013324712,3.3000000000000003,99.6281221087217,102.62847104044896,21.84344803396405,6.192949292533607,163.7702159200503,138.60264237232946,0.06699999970507065
d7080c73-1e15-45fb-9636-79ea9fc439f4,5950.774815675093,3.88,112.5107628700144,98.99840304828699,33.97916540421223,7.392686526954825,185.3005758555864,122.07164981904256,0.06699999973134771
c30c3fe0-b9af-4a0c-a026-8ebec1481e32,5359.005643213222,2.84,87.46697159492716,94.17681906407714,19.15224199449798,5.496607118980017,153.71101213116486,127.69108522968001,0.06699999933928781
0cd3e601-f283-41f9-b53a-7836482e7aa1,5864.773302911239,3.97,113.40127497922644,105.9908464523938,33.78658131456319,7.493720998193376,183.1512856143128,139.21498809741698,0.06699999962790079
f76cd753-02bf-4a46-81ff-8c71bb56a120,5093.584918277477,2.99,91.12763746160483,107.20005557330671,17.716397458443677,5.629669691101893,152.78777678604976,153.2958315220657,0.06699999903303078
f0dc4061-86b1-4433-be8e-59da36e77308,5431.908947472205,3.48,107.8229170847809,103.02595642895368,24.873177670323795,6.553387720601875,177.90809950292876,137.14983796774848,0.06699999966122813
b3289e23-5efe-4fd5-9f2c-1231bf9de538,5356.453865061358,3.81,140.97146514280368,115.18978178793498,33.437999265309536,7.312673495239424,237.68009354937303,153.962268716211,0.06699999973265067
fe3a1ae7-2ba3-4181-9476-8e1de59cd29e,5635.996722046914,4.25,154.4848420281489,114.32495178817766,42.75791084769485,8.182073253920217,257.0354947618933,148.96816214541718,0.06699999979267521
54cc812c-71c9-4f0f-a031-a05b54407cf2,5320.613794914061,3.2,123.158648775522,104.65017387738972,29.14466086261226,6.353803765311911,219.43525952553156,141.86981487061135,0.06699999961962408
e880378e-9e40-400e-850b-d9dec4b015b3,4822.084534007816,2.7,107.83626902393182,102.22045031147242,20.484605534916167,5.357742856166305,194.76013318027353,145.35406336190448,0.0669999992257148
20c008c3-2215-492b-a00c-1cdf2bba7032,5454.624964776191,3.75,138.02293480862082,118.07139482273742,35.38494223969306,7.305609207507366,236.4179038004212,159.91677737508994,0.06699999943908035
7f49a623-084e-4d6f-ba8d-066245df8cd2,11500.0,2.24,21.905551514269202,61.942959869427334,18.020794887597567,4.565397788817316,53.5739205301796,77.63238924682751,0.06699999946022102
4aff5ba7-0ee4-4c57-84cb-16e5c9a2026b,7642.695778397403,3.04,56.54028071061082,71.80351747090725,28.867292857737063,6.06729748900275,99.94531095265417,87.78374995465725,0.0669999992702515
95876682-d891-4f8c-b902-67b8682e96ca,7062.014742803906,3.0100000000000002,57.619501824869985,77.8212548059874,25.46755505216043,5.894645684104998,99.9177591141511,96.76897369854075,0.06699999953543129
263279fd-49c2-48a4-9b11-daaac0ef68b1,6781.6700981019085,3.14,58.39244344792493,90.71451616661196,25.851696560802758,6.0689456504218064,96.66271285493497,119.92112855030813,0.06699999910543475
23652c18-a3ce-4963-b1fa-562453bea92b,5729.543177614807,1.9000000000000001,38.627505264447535,53.29241586825213,7.684704784592079,3.6321548846353235,79.66722494580812,57.76304240516556,0.06699999978451174
ba7decbb-a3e6-4f9a-85b0-8ed8c4caa501,5698.244908239444,1.6300000000000001,29.427262896895673,42.673370928886975,5.8611028021163865,3.141521909560768,65.27788874015074,41.52718622109435,0.06699999984780945
f48eea87-e3b6-4451-bf6f-14335b65061b,7386.921608571792,3.09,54.10884612563375,84.19197066818319,28.631646869641116,6.122092631234053,94.1186561887096,108.63175189734048,0.06699999979073708
71ee2300-f1d0-44ce-8e56-c919d7b773ca,7032.111644762617,2.58,45.6896288306023,71.03866205478923,17.66352155165928,5.014581856884671,83.64767407250747,89.65868740178409,0.06699999954181401
02fe4056-4d61-4f86-863d-0e4614466ba3,6930.473385406605,2.77,49.151905951534445,77.18110668973573,20.825719852015197,5.381463968061747,86.9371690035552,98.32721422175216,0.0669999998536035
51df82b4-70b5-45b0-adb3-a073f2c3e7c7,5302.927549375735,2.54,61.73698733302225,95.06352656800885,13.5521638132342,4.828247278020638,108.0415757068646,132.94388349995072,0.0669999991752721
bcd96b77-ec44-4cdc-8054-26bb619c57e1,5348.2227612148545,2.47,56.9789788855939,92.77349925337634,12.359270497072789,4.678320015359964,100.22598477127366,132.50367329292104,0.06699999916799826
ae0ba863-329e-47d1-a47a-972d535b7652,6120.462708618483,2.86,69.5828641743576,76.7007842877914,18.422810970340947,5.470094690295818,122.82619908388125,98.00086769907654,0.06699999999053066
31106ff1-efa7-4bb5-8531-97d19f04de65,5162.81693201434,2.19,53.01216415796703,69.37808570245892,8.801990973610657,4.091949517407314,98.63493169038922,84.86780643767926,0.06699999980504856
81a5bc84-7c43-4d11-9614-aa8754ae85b1,5184.034420933982,2.18,52.409597549533224,79.77843682629643,10.433552918690824,4.172243880257062,95.25231357255484,106.28705902479784,0.06699999977561148
ae807e2c-d76e-46b9-b941-d27d08544e62,5978.970302740572,3.24,79.5242855573726,90.3649542700604,22.790294086406085,6.13840333461454,132.0425698932139,118.40478174305747,0.06699999915966642
b90f5ff5-b2cb-4531-8f34-ac812e86d988,4869.612121895958,2.05,49.88073990184824,79.99864289705381,7.734563386916581,3.8512670654345857,94.91741555916983,108.02883474049389,0.06699999987329365
948db47a-3142-403b-ab41-1b1a02f773cf,6060.170673947165,3.45,87.92103615135899,84.45035122788596,25.660606201809347,6.522435185292148,144.95481191268212,104.88115287484169,0.06699999975648116
9ccf9715-cc19-4cc6-aab8-ae69991d8edb,5238.32290768631,2.7800000000000002,73.25617798366329,97.4422708222202,15.128493372826863,5.223194098726731,124.82585833690212,133.55501500614218,0.06699999968059003
aaf1a57b-9740-4f35-b205-02c9bd6bb69b,5049.7065334123645,3.02,95.57946485382858,112.5058979529894,18.824831020482563,5.728540308835732,163.00102867501536,159.51932143360153,0.06699999914596902
9f89738d-a8a0-4a0c-b7a0-ce30327fa0df,5323.340004244679,3.2800000000000002,99.30484095583985,96.10065463100706,20.826159461124185,6.12762864752004,165.95189022209118,122.2220237608356,0.06699999923713505
b2e7a90c-e309-4ae4-8118-997c66cb919e,5308.997421409563,3.5300000000000002,117.17663171406865,89.24560130851735,23.49267267859677,6.566054010192926,194.80757364300834,107.86984690721853,0.06699999939459879
bb96f6f8-498a-4994-9008-967db85e054f,4342.4918190937715,1.85,50.79957896177179,87.90510620005792,6.154966595201705,3.4829162554057183,98.327424204896,121.99671732597376,0.06699999970837466
93f4669a-8f1d-4a84-8e70-2c44bf565055,5312.334664368476,3.45,126.5161098384138,100.04200504504223,27.277086122209912,6.621598449340375,217.53808059970984,127.11478879697223,0.06699999984015526
85965b86-1adb-42cb-8603-1dae57f5d73d,4998.364998690263,3.08,110.27178448140414,109.07120706212766,20.73599608450471,5.899460596852324,192.5181240120989,153.07066868162394,0.06699999905394025
446c296c-d6bf-4073-8cf6-0f5087d16573,3902.139590289923,1.3800000000000001,44.823143358018726,77.91796080611051,5.396547142634171,2.7541088378028795,97.20204961360592,113.26908537501038,0.06699999958911643
5404be9c-1027-4f30-8f83-47da33be7f08,4376.34749935136,1.9100000000000001,63.30049930219367,96.89739420487177,10.31329819699161,3.804708377240252,122.75376999736238,147.02172915359697,0.06699999952916247
89947369-b354-4f95-8fe1-ad0ea17d5cf1,4690.355039519089,2.4,89.15721974566672,93.91651905419494,14.507456194476056,4.706150984956572,166.27930301556924,131.86334209290666,0.06699999938490141
f5d26b66-e47b-4ad4-8f84-222bcc577f25,5066.24411754338,2.88,105.43879033690887,103.22099848490261,21.172965120623832,5.639357326712792,192.9311970644865,137.78942251086806,0.06699999906426721
3e8f81a6-724c-431a-a914-838436a976d3,3593.5563218264947,1.07,31.77507448552927,69.61718435256951,3.3119623242824012,2.1383476954418854,76.25403022903463,99.19400561102964,0.06699999916523036
d30ea4d6-c47b-4538-8210-13fad38aa6ba,5914.151309084012,4.0200000000000005,142.2877141258947,113.29120474486297,43.9972488977314,7.9188015462040005,244.7922248231118,151.2695098541303,0.06699999911984528
fe3b4167-144f-4bd2-ac65-fb6417e021be,10284.915841690063,2.23,25.037598739741096,58.37233182390107,17.146730901276158,4.506370403451195,58.1191548283743,71.13463343897808,0.06699999936295986
ba16c40f-17de-4201-b87a-bf3b74ca72da,9742.52003252973,2.15,25.031248326523446,58.27641380178872,15.032914567946289,4.301491933662964,57.50365162035651,71.18010815575926,0.06699999985080683
68823c62-5812-4de4-adc3-05ba88f5e476,9889.365577267443,2.35,30.355549068492397,58.476342242748416,18.651189617358835,4.736511228105555,65.6284136110427,70.50187321544102,0.0669999993488771
4c6be0ce-9e5f-4158-8ca5-0b6728f630ea,9763.657164315491,2.38,29.273490665506877,63.51175995594044,19.2472651579706,4.8089742223589065,62.9582707160736,80.61095720343728,0.06699999910257795
0bb3dcff-256d-4050-a3b9-cf0288787932,9425.279447526296,2.52,34.73039468667778,60.96333618751908,21.931628294988148,5.110679595733677,71.49573935318055,75.16005821191345,0.06699999993204013
546120a1-df4d-4949-853d-683442460ab8,8720.937447429686,2.88,49.03372158296618,61.25080651978884,26.433834821150082,5.7564987810731,91.71192030807414,73.66496598260287,0.06699999935012209
d92c5923-bed7-447b-9d5e-6d45400facfd,8239.478271434098,2.9,52.23226162810247,59.3196237145955,26.630802574861963,5.794239939477596,95.76708021227012,67.74055270759636,0.06699999957600596
faa09ece-ac8d-4255-9d62-3d31ea13f800,7919.7226937816,2.74,47.307974991804926,67.22440963626333,22.391315848988537,5.429972500791698,87.31517443830415,84.54257482465928,0.06699999900275011
e0e52ef3-0e3f-4a9d-bf77-3f35e1b5826d,6194.4770745966935,2.56,52.31400842508972,80.12958983414764,15.511810156712134,4.936893596362479,92.39321554693821,108.91280193433836,0.06699999931064006
ae374ba0-e9fd-43c1-9541-dffec0b9ee62,6073.804919900091,2.2800000000000002,45.54466927590593,79.90627700525896,13.137205738465003,4.453154794516938,84.33258704306049,112.05578945070987,0.06699999968452044
74cd5d4f-3acb-45d3-83d3-4a3dc380d9e7,7735.988051102471,2.69,45.13253701318772,69.16104886208647,21.336563814904142,5.311293428179143,84.02817589507734,86.44315077787805,0.06699999987065738
4afbf286-23c3-4a87-97f2-a438df4da97e,8153.956014945043,2.7,45.88966163553772,61.55173729241226,22.437108351637598,5.365579162117806,86.53882245356175,73.07793400721698,0.06699999944208349
c756192d-6b04-4073-8ab8-fa1ed21f360e,6441.939358234906,2.33,38.82287001245586,71.46049238957134,12.644770362918551,4.422682075656544,70.93472734260358,93.24095321154249,0.06699999973179263
9a5dc9f1-2283-485f-8021-ab5061bafff4,7627.3820808239425,3.58,76.41739612878453,77.1228812108465,36.40971897762617,7.063058267527613,131.9647795465431,97.30612048185074,0.06699999969417315
059ed639-f505-41a4-a4e6-343ddeea48cc,7365.95796848786,3.43,72.86466261348659,73.49963422268641,32.53228933503218,6.704590737616901,124.38787594425045,90.36237959559598,0.06699999954092643
e5241eea-cd1f-46da-ba58-a08498f9f286,7633.14921979746,3.33,69.19138411395177,68.76645032124134,32.925773648218566,6.601635315676841,119.1385513154749,83.08259545282695,0.06699999983646814
2bea16cb-c390-4a93-b213-b1e32078f09c,7444.008320224171,3.44,74.97910841611065,69.941264850493,32.732937462359665,6.7494529547106135,129.33390580122085,84.09010300927963,0.06699999905470444
7ab9617c-aa84-466e-b4d8-b1b821e38cb2,6069.907869069197,2.74,67.22589184370834,77.42914829455319,17.38337278775552,5.2753245385740515,120.77580882234696,101.13503309208726,0.06699999946754605
0be6b701-ada4-4095-a7ef-251984472e23,6833.4971993590325,3.34,76.66819963689886,81.15650531599502,28.309524296366483,6.498875825199665,130.9376886737443,105.44821030695333,0.06699999911241739
77445e2b-f87e-41cc-9635-df71d2969c7b,6880.453208831638,3.27,78.4136800242189,70.57901616431826,26.905748848350367,6.357521182827671,137.00816301628745,84.6514514309007,0.06699999924788162
43918ed1-c374-4385-9764-101322c6d741,6337.30349450313,3.66,95.48801224482321,97.38194624006145,30.277031395577982,6.998418021700798,163.10358658828957,130.69510261893038,0.06699999915819821
8c6f7351-f8d0-4d1a-9bcd-24989f90a0f4,6231.071409478476,3.37,95.59696436727167,81.26192886181428,26.828612865103015,6.49061041324769,166.61215743636583,101.3952438045304,0.06699999993895858
d63490ea-61c4-43a8-abfd-0cfcd2f61e6e,7391.457228063009,3.5700000000000003,86.84157677283179,71.9536188825989,34.875745207127814,7.025989858368028,153.00935962680822,84.80084002015255,0.06699999940101367
642530c2-c67d-48e8-8f90-fe3f26542571,7836.886447592433,3.5500000000000003,76.94334859261339,78.08557400662315,35.988749529731095,7.0295219487205065,135.70641187489176,101.4303949333765,0.06699999904780501
c2d0f34b-570f-433d-a098-eca71fb963a4,6356.060682555344,3.71,94.84284514596914,102.00346601899287,31.548923835904343,7.105641790359309,160.290596500603,139.3415489257897,0.06699999943582116
17d4f07a-bcdb-421e-acaf-fb9106737094,6110.714380849144,3.0100000000000002,81.62475057635059,86.52780035152074,21.952921283254472,5.8319909373460215,146.1977153376972,115.86440689413377,0.06699999980090576
f24f9ed1-0863-405c-a7e6-92af07d14c69,6680.742031729262,3.27,89.02565915086151,83.3803106815723,27.88531987622071,6.3931701270388785,160.06238639121557,110.69823461230921,0.0669999996829875
2d6d8104-a1de-498f-86ad-1818aa3d33eb,7047.082951954126,3.5500000000000003,85.29489337728333,93.94291988763095,33.10543247799315,6.9484204811498405,148.65246678364463,130.60395921701402,0.06699999915795207
2c88307d-6ee9-44b0-99ce-4b4508e77056,6308.464833477848,3.46,95.23684926105834,83.26028761816256,27.529676067221004,6.634149725227411,164.71923706998106,107.01072896229353,0.06699999958502767
ea3f0104-df52-4ba6-b299-a4633652a79a,5618.934253796024,2.95,83.85803425318949,90.55843152279874,18.54212491670694,5.614937917042445,149.59925083580265,121.66104041409628,0.0669999995062085
36d82e03-0870-4386-ae32-0b8a1eb736c3,6238.811489421956,3.29,93.18438810180741,100.37456757761198,26.65827991830652,6.389542802779198,164.36154418675454,148.6261672382224,0.06699999904571963
b11855c6-1ec9-46e0-8487-68fb8afad480,6056.087432996982,3.58,99.75236202477333,100.15992262775646,28.066378385321364,6.822019132429916,171.0103794582265,136.75890196583882,0.06699999979808696
5f2b6aae-b3ed-46c1-af09-58c3865750b0,7637.865082454662,2.7800000000000002,53.64484841444147,55.97875505870327,22.580101706907577,5.480943199160669,96.33386360763323,65.9610117595672,0.06699999990568029
1c48ca77-fdb9-4fe7-8051-5660327ca78d,8087.338741793673,2.83,52.693591941303794,52.26507739055948,25.174414171494448,5.654070748336083,95.72698072207646,60.431312391111796,0.06699999959292507
5e5b23b3-051d-44a0-b3ca-867a899e2e82,7985.849465267866,2.71,49.06757298400329,54.0166991510877,22.880361592316458,5.404413292225175,90.44160460221856,63.72512702696849,0.06699999955867098
095ecddb-c538-4ef5-906b-47cd0e119d9e,7826.186581356059,2.89,55.47853207156333,56.27920524361504,24.95888375170046,5.71863275497483,98.7866230555074,67.6424534732274,0.06699999913672419
02c39c55-543c-43ee-b8eb-bdc9adf8396c,7753.879786986858,2.84,53.96416795314865,56.306512702267796,24.572221757908594,5.636896563361481,96.37338221852943,67.64241926940808,0.06699999931034356
af139760-ef70-463c-8a33-98b86fb771e0,7821.5932171687855,2.9,55.03340443530262,58.386766506627424,25.704372288188626,5.756897732723444,98.00778190758935,70.04297487678066,0.06699999931022664
eb5db723-9537-4885-9176-036692d9d41b,7782.295559055138,2.62,48.453008198569286,52.23677648864901,20.27308782102852,5.175918854541806,89.66694843090099,60.183223014866,0.06699999940811474
4257970d-18ec-48bc-8dc1-398c77ac481b,5676.693640258353,2.56,60.08104203198405,77.3194069307553,13.621144808045164,4.845761499967121,107.55903203796954,98.25515577601473,0.06699999942385021
0c52f92e-c904-4c4d-aa33-f28818a016ba,5960.339065004437,3.59,91.96900478486793,92.56056221020393,26.601361628678486,6.745876070709973,149.4535643773752,121.2720687426723,0.06699999941239322
d9a6ee7e-28bb-42e9-9d20-a100f691a511,6053.146404070997,3.35,89.1339386598806,81.85878841688145,24.33399152657437,6.362327957485863,150.80158802235042,103.1400626588572,0.06699999976720444
e9c9b116-fdf4-42b0-8f80-0801006634d9,5738.083823020634,3.47,92.90829202616737,96.92556526449508,24.20957583694651,6.4955616739560735,151.73687013920508,129.49285089375635,0.0669999994438328
aa2f39f8-b995-426a-8598-2fc405bb43f0,5815.166366778945,3.34,84.62342524632506,98.65549407872749,23.073493855555498,6.289091967606113,140.36409870461196,132.41610629293217,0.06699999909080345
e968e0b5-cedc-4047-8d2b-1eaa1aa8018e,5502.89629538306,2.65,72.23290151098283,79.88675233313256,15.16075618958777,5.0514462478246935,129.4711630570128,101.5749364905898,0.06699999985537501
defdbe29-ad35-42a9-8d60-d05b3588a5c0,5762.72575617201,3.38,84.46084402979277,100.95665350518682,23.06649022061748,6.338145544869291,138.29600220174984,135.98564570855112,0.06699999918544572
9c8ff667-f7e6-4d81-9195-b58b000a6ba5,5760.679676844402,2.6,66.21760090546462,78.50799100780905,15.29104471418557,4.99037211705289,121.1968811676994,100.54852753396776,0.06699999996278849
3a99ca44-e5b7-4cd1-9c46-1af5bde3b4be,6274.719052581178,3.5,80.38380936770763,93.7687985109614,27.15114471266844,6.636505026910574,132.0702368759854,122.74033561436845,0.06699999934949771
1a9fe392-de5c-4fcd-a461-e084c8fcf53c,4820.6713253971775,2.68,100.7417884161555,90.00462428731541,16.085829355740234,5.1674521830078,182.44827737754176,120.97343958781688,0.0669999992547812
fab51c81-34a1-45bd-93fc-1563b785950c,4662.37997421748,2.38,89.62415247380459,73.93071236223832,12.526227579505088,4.583219348505206,163.4865739816409,86.80257039459141,0.06699999967806555
d74de943-6286-41d1-b9a4-c947524fbc42,5019.88089841568,2.96,112.12373183535128,88.53847079393275,19.690455913891167,5.687485703508476,197.38148652499962,118.00365573665925,0.06699999925142935
ef7421b7-a9f0-46e8-ab4b-2ff58f5ff80d,5548.01025352891,3.4,120.61226721885042,85.43394758645113,26.536366081984784,6.531667615443428,208.18379228216352,113.62716481430414,0.06699999983323865
ca711898-25f6-43bc-8e13-f0cc941a6421,4616.601363027031,2.5100000000000002,95.82553582293815,87.31698488111081,13.245371598332088,4.803913254565288,173.03245260707124,118.26720890602549,0.06699999960867474
73ae8801-ec94-43fe-be3a-74ac6857dc88,5606.332467389146,3.04,116.63653501400583,83.852904396832,28.697829856970586,6.095353807344603,213.85564947917385,103.31091705103032,0.06699999946461878
01d4c168-c43c-4064-951b-205ae8318275,4681.341460877793,2.39,93.85907092643058,85.40389122283676,14.839257539610523,4.69770198594557,175.81929862682694,113.68026158357526,0.06699999922980161
a6c03632-c3b2-4a9f-bf46-02a759b68c5c,5367.6343100606755,2.93,111.73851640559049,93.36093485632065,25.857278387121646,5.853550558768691,205.2779346281843,122.69266255059523,0.06699999964494402
c9db22b2-8717-42f9-8003-8dbc622133f4,5328.301973689773,2.95,111.17826206019127,89.30344911622063,24.03639354970886,5.835490227846794,203.1541025863902,115.13148800499965,0.06699999945097782
35d467b0-2ff3-4436-8fc5-24855cb78923,5338.2736246706945,3.2,121.00102244599027,96.89134731381607,26.905541968016774,6.274164703789639,215.71354447801932,125.78405977008529,0.06699999958352983
8d329a02-f014-4e64-805b-bf2cb3f0666c,5661.300269010751,2.87,101.70447000374507,91.82609910318072,25.53318760644613,5.750062297351708,189.73815435829422,124.89081069713407,0.06699999999377017
7c0af9ef-6354-455b-adf7-8ca09ceb8054,4660.28193500444,2.16,77.25259306700822,94.09150351097544,13.699532393136316,4.314864383173045,151.30884556506828,132.85771314523444,0.06699999951356139
e8889e10-017e-4dcf-bca9-03bca5c34b3b,5738.202961112614,3.04,104.86888051116254,102.39939410550605,28.458039567545935,6.097865475045055,193.56131780655198,142.8667686837482,0.06699999921345268
631f907e-9d44-4f50-82d1-eb73cb6c785c,11282.497617855044,2.6,28.037320089779172,65.08275780113104,26.343009382695584,5.3914894201178605,62.45587069477645,83.07878658199289,0.06699999985105679
f570b1a4-8eef-43ee-8537-f2d47d5107b1,8687.898352510165,3.02,46.43592057222166,75.41708978625309,31.92176790886635,6.167784163381759,83.6247476365786,101.51889864315207,0.06699999922158337
57321322-913a-4d06-bb90-4d07a6501146,10187.945678361895,2.67,33.298512469791795,67.05314866641893,26.564428366658138,5.50046349196686,69.77931206121791,84.84890006898094,0.066999999953651
80cc07a7-a03c-4bd9-bc13-4ac9e8f5dfd9,9459.086974365317,2.83,41.919381049096245,62.931193965802535,29.301417520705602,5.820445039837965,78.21674769298461,85.56106893111318,0.06699999995549662
c4eecf2e-6fe4-4f76-8407-fc9308bc4012,10556.739560855183,2.54,29.829188754173277,64.4056678000384,23.855094281167943,5.214265554236493,64.93746039786656,81.10366789777889,0.06699999957344387
d39ad0eb-5271-4e1c-ab6f-8be1af7fe306,10806.508390942372,2.63,31.76311737822224,62.11387702927241,26.539509996224286,5.441004577288485,68.64075791078554,76.32111747876144,0.06699999989954178
609a788f-e091-44e1-bb86-0541fc465cf6,9087.304383858707,2.57,34.89033693200442,68.29414029207743,22.236514676065536,5.1883748571483705,70.59997746713103,86.81716243192177,0.0669999991625142
dd21cfa8-0ba1-4d1d-a4a1-60593b5d681d,6058.326141147454,3.73,99.51080784529468,98.90723094347831,31.459565809562562,7.111455483619071,159.49023689354664,134.79873222603914,0.06699999985445154
82f13559-4687-4e96-ba5a-fea4c6225d3d,6596.884516309292,3.84,106.09253954058047,92.50477189781972,38.68878311749503,7.507007201281251,174.42705932400207,130.6862312473223,0.06699999929927977
61e0bdf5-bd35-4803-90ef-f713cbc72ed2,7872.102767900355,3.91,78.14922556933833,85.7805986032325,48.17852366985495,7.828576717261931,133.14689073977613,109.46086967205459,0.06699999914232846
a015b805-47cf-4e9b-956a-e3bb9c2e9d10,6143.638731222356,3.5300000000000002,97.90014396656083,87.3128260463088,29.67674282560225,6.794360227639557,163.39672444320644,111.14549968716963,0.06699999956397715
ebfec1d1-8692-4df7-b698-c852e5913e4d,6040.564902286322,3.5100000000000002,89.39546377058653,96.39731544540058,27.078559105984844,6.660782355069263,147.88867635048362,126.22586110328281,0.0669999999217647
91009fba-c761-4d5b-9d48-f5d363a94ba8,6950.666421384509,4.0200000000000005,95.73208521342039,100.43017034055187,43.920143779249855,7.908590254941046,159.37931691564506,132.81830845496327,0.06699999914097421
ea9b782b-4ad2-42af-9796-38e623172e13,6666.946788084957,3.08,84.50502791635625,72.21572488985449,26.142578851674504,6.083695865902694,154.85719933579392,79.55596892284035,0.06699999963041361
61293000-f30f-4a6d-9bfd-8c950f1bfdb2,5719.004377804685,2.86,89.80277728453623,85.8709646139126,20.463604275535253,5.574076639055654,170.03224446622798,100.44288483435672,0.0669999995923363
2188f465-1338-436c-8e54-6f806410a82a,5709.51473590494,4.0200000000000005,129.14970550148456,131.55337947335454,38.33984413766964,7.745075335338581,214.58058233947966,187.32974468481802,0.06699999949246666
36285ab2-b292-4faf-ab6c-8838df270db0,5755.769568370258,4.0600000000000005,137.83607051976557,120.11372876319584,39.85876160146674,7.845383823072857,232.5486738813712,164.559059139494,0.0669999994616174
8b9bb5d9-8b0a-4a78-aca1-966eaf6ecf3e,5590.8866155137675,3.8200000000000003,142.94990639918882,112.55263041293749,38.748663899193026,7.494143664741771,245.00547195057374,150.55651978706263,0.06699999958563323
509e3df1-ef04-4e30-bb83-e090cce0cc55,9774.02737482903,2.21,24.41912525294025,62.50188226435591,16.20031684082311,4.438996976651593,55.94567190854007,79.10319189557808,0.06699999910030253
f3748217-b8d2-4813-8603-6a7628d65486,10990.524891541949,2.23,24.171077417257592,57.40496214271655,17.666149069407968,4.534848173563438,57.43460658966338,69.20607379153925,0.06699999951518235
930a71d5-c655-44ff-b288-e0c53999aaa9,10475.105515060466,2.23,23.920383151018367,59.762285401544204,17.425378946891772,4.525581126110177,56.71097482698711,73.33922343029836,0.0669999994418873
8f01b757-8853-4a3e-8d0c-2e0438afaa08,10432.083867005094,2.14,20.66352429032404,62.069352562960724,15.618231790641058,4.314775687439847,50.90173489613394,78.42757217522195,0.06699999952243116
74701d69-e542-489b-8ddd-c21abed7f4e8,7434.925732113064,1.94,22.161098373193187,64.19143863877687,9.740378735417973,3.7421243871770633,50.7838072359741,80.83341045591754,0.06699999978756148
a27e2e3a-c2c8-444f-b053-8708242a80c0,8099.776322419468,1.86,23.42630764106498,67.41175446451382,9.85291636561574,3.682988733689428,59.45904331933361,95.05620593505343,0.06699999970112683
efa1ee87-2156-4927-acef-fa67519b6abb,7946.0627097976385,2.37,35.578071553979804,64.66261830830685,15.761286188567853,4.637882366324359,71.35062259772556,80.23972813999438,0.06699999921176326
42acd005-a6ea-484a-b5f2-735a1c8becc8,8216.846384463852,2.3000000000000003,30.647195515423558,66.10930315841203,15.685354938265855,4.537772814280973,64.11076937257776,83.21924715729774,0.06699999922271827
cc23ff06-66a3-4572-a9cd-0232b6f7bb29,6815.165186602142,2.42,42.07748767694115,71.77432749562149,13.945715532114063,4.675364890873635,77.48771606999874,98.52491407502654,0.06699999946351061
6afa65fd-2c72-4e64-810d-a9b3cc7b3ecd,5798.912473752156,1.78,27.904001040949073,56.3508544478771,5.955202934802769,3.347252614013213,58.7583896177718,72.07809433988551,0.0669999992747387
9e011b36-9a79-48f3-a12f-fa10e0f08feb,9941.96160274373,2.33,28.96296486388893,58.50117326874464,18.587333411933848,4.70768684986931,64.02392506283337,70.02058921327841,0.06699999923131522
da0318ed-4557-481e-9b98-7b5b67070a1b,8058.202608865535,2.3000000000000003,26.870113879038207,73.92938516989724,14.896929323040553,4.506433413373301,56.016179416994824,98.34929922529703,0.06699999935665857
52974ade-186d-4276-b795-c2747ae4ebcd,8923.963438713025,2.3000000000000003,26.6249848763696,67.89693212894062,16.85030396514309,4.589484611518496,57.815843361186744,87.91815679623369,0.06699999905153875
9419f134-2816-4222-838c-5289ccd5b8e3,7149.763154440667,2.63,44.93905349413718,76.26503719479061,17.180323970089766,5.080914800536563,83.26249906556757,100.87816640388989,0.06699999990851964
56e20167-89e0-4b59-bcb4-d4d2d1239d65,6783.51398932688,2.67,50.89982667273303,82.36688492034908,17.25679430264431,5.176700243255808,94.23204817771833,113.42921069049179,0.06699999932997587
ce5dd792-51be-4b6c-ac1e-0ee7daff46a1,5930.6402790137345,2.35,40.88243112601615,74.65098986209075,10.58702537629884,4.338431223329776,74.61126191719784,95.8269189853943,0.06699999915687736
2371d515-950d-4e1f-9460-c86889d497fa,7399.219173096813,2.65,45.89367939272105,71.63022729324378,18.334982343056744,5.1382723076538905,84.88126074055634,92.48560296237689,0.06699999917276914
a84409ef-cf06-47c2-b338-bc38ca89e0d3,7079.027940063384,2.7,47.2080284428019,81.6202401220444,17.637139768958836,5.227743782505503,90.2324948015671,107.87355746798545,0.06699999922562166
a78e07a3-3566-4c4c-9133-ba2341405ef3,6442.751602802973,2.2800000000000002,36.79410924265145,74.96833109557414,11.707760715059713,4.36936305179073,72.15429003986863,97.55522350426051,0.06699999906369462
28e0d86d-387e-4179-9550-a0bc2921fd80,7792.134828622471,2.79,48.77791652982908,74.87693994791,20.67273925865195,5.460984174036227,91.99850056099794,98.89248927378617,0.0669999999015823
5f26628c-7dc5-4f4a-935d-871554d19b40,6666.453927563998,2.42,40.32650118018259,85.74171349731415,14.280231209814598,4.70126354061331,76.90655412078883,122.07407781224383,0.06699999987364563
6c77835f-ece7-4861-ac2f-f27150bc103c,6995.2702075053785,2.54,46.79505475118201,72.01345090417975,16.157740013719874,4.939337798093607,88.40839613871911,93.45058985138088,0.0669999990662204
615894de-64f5-4499-bfe7-d81e3316cd28,6493.329882902472,2.38,44.970005171960544,72.60595946410677,13.275908915753831,4.594285294191892,86.37995989641283,94.91140481807116,0.06699999957147028
ba83ca91-ab02-4709-8ecb-a7771dd7bf7a,11500.0,2.2,18.065288224484938,62.86634560995628,17.83311979501143,4.492223239974604,47.45371602037931,80.28105433118326,0.06699999977767529
3c687e64-5d35-4ce4-bbac-5f0222905918,11500.0,2.23,18.705633820406874,64.04984065534559,18.36301167145497,4.564805842672219,48.16162412067753,82.57424334356467,0.06699999951941593
846aa867-2d7d-438b-bb7e-87c955b24098,9600.109600409041,2.48,29.38144854037417,68.09516935478892,21.387254243102326,5.039400855234555,63.450361554121706,87.03292853399306,0.06699999905991469
57009839-fae7-4d31-a8b8-a6ff64ddfe11,10415.30934205125,2.41,23.76381348611093,69.94771472472434,20.747545619864123,4.9110661778948925,54.825275455444896,91.12222933129284,0.06699999989338191
2cb47791-e50e-43b6-befc-8d5173a1d540,8977.963723818324,2.79,37.767481629149685,75.28999292780107,26.59593973534641,5.65380229045543,74.05609027956878,97.66291179561551,0.06699999961977086
58466fb3-0ef8-4cf7-b450-0df721e0aa49,9184.399067674996,2.79,37.45523962732567,73.55769607113557,27.56675959551294,5.700954861634606,74.58769244414515,94.51964520792772,0.06699999990451375
4587d9f5-15f8-49d8-b9fe-9fb78f958bf9,9565.439433318097,2.66,33.35909852722389,71.01640429707675,25.35797177434582,5.440839377523258,69.26707929365713,90.66016129552125,0.06699999991606216
b96c0701-ef70-48bd-94e1-7e2c51692587,9607.757244232198,2.75,35.842578578078076,70.40714211344415,27.663199316747992,5.651184268415067,72.86269556499997,89.85766793939433,0.06699999988157286
982fb60d-39af-49b2-b181-8148474af643,9014.63618719626,2.96,41.38027590542632,78.91488415769503,30.11546550679647,6.016279874363076,79.18927088588273,103.31645260468078,0.06699999937201277
931fbde9-9026-4eff-82e8-4851925ea34e,9365.001214115871,2.81,37.507165236944665,72.5951453517872,28.284303073248445,5.74423600064073,74.74840981902945,92.96262754981949,0.06699999957640033
b756e31c-aff7-453c-8881-ec4801370863,9232.190926540003,2.88,38.23226379208573,77.40655821681658,28.969210271621556,5.868931027224141,74.80168608492713,101.49021430196147,0.06699999910689747
b63f1335-7ef1-4475-a7b4-d66c2955da5a,9147.867338613938,2.91,40.12688983756453,78.28611618860852,28.801718955497844,5.903653725883264,78.23522939097931,101.93691657137877,0.0669999996346276
072c6ecc-5788-4c40-b48a-1a842adbefad,8727.52085391252,2.74,38.66414347751625,73.08915136887141,25.260679035166056,5.538323261657824,75.66872788784168,93.56623408423178,0.06699999916767374
0d41037b-602e-4fd0-9e46-821bdafd67a6,7313.268808416211,3.44,68.4938921893919,91.48313548198864,32.82880505228818,6.776209285895994,118.88450138567035,119.28135891806782,0.06699999937907161
392deee3-c490-4bd6-9995-7361c509382b,7648.978842079562,3.47,64.21970364602137,89.05790872777625,36.065798689801795,6.883595562954024,110.21618072969449,116.38956212048835,0.0669999996404439
1a1910c4-b0d5-49c2-b32c-214f18a3728f,7514.529444554352,3.35,60.31918292771067,91.35473149733915,32.369840895985455,6.609043390197711,104.65893682451305,120.1281326957205,0.06699999909566118
900b0fef-8fb7-4eb2-b187-c40491d600ff,7183.250707709922,3.5,73.26450395504298,93.56885394290777,33.5062339162869,6.889700208472428,126.26575664899154,123.60085022121206,0.06699999902997866
f369672f-5677-4e37-bc06-5efcc4f3723f,7721.886349536265,3.71,72.92923867522794,89.72381671186808,41.6903414054017,7.3913907168092186,123.68721315382865,118.93231548776663,0.06699999986092872
51ea6d35-2586-414a-b0bc-0c975101d9bb,7065.032284258774,3.5300000000000002,69.35767310782649,102.75735069018972,33.42323260840767,6.926411493942194,120.43924504746826,135.78543061278438,0.06699999935885051
39c3ef48-0d03-4581-9e9a-8e490b404a63,6902.955758046955,3.5300000000000002,75.71624892815944,92.15211138370898,32.29305294661992,6.864649135154081,128.04044373788486,118.98811616542629,0.06699999953508638
596a5ce4-a65c-4e74-a3d1-4362bf16d4e7,7322.685296405875,3.4,68.50788258836492,93.87115229066322,32.16139141565733,6.715703236318378,119.57608232897111,126.1720097454586,0.06699999942967656
a474b988-0df0-4de8-bdf5-9d617a73f66b,7848.935637063917,3.69,72.47981891888753,91.51354482323902,41.71371603488806,7.385126628579026,125.48582949094265,120.41016007674325,0.06699999948733595
0d741a99-1000-4a69-b8b2-354eca5d0b10,6099.788435588674,3.2,76.5316970538009,100.98264579005287,23.909975214951768,6.154115228535002,131.1900294000342,138.00142992431788,0.06699999958847774
1ccdee45-c53f-424a-870b-c2a65bec6dcb,6153.662283106182,3.46,82.65656520538258,99.8165394159498,26.55229390429849,6.5792213995661015,138.5372909637238,132.215582410386,0.06699999907785975
5975039c-e41d-46dd-a2f7-c7d10c000fa7,6336.134951969847,3.7600000000000002,96.13035766707289,97.51176168019161,33.15936831078393,7.213990851983588,156.63933533130856,133.20392184311802,0.066999999600915
56a80258-dbaa-4c20-90a1-417753a4eeca,5814.421303543073,3.5300000000000002,90.71757387003652,111.23313089810311,26.49103256167572,6.671034026937308,152.0304108763025,148.68068529036367,0.06699999989659701
9e4fd99e-59fc-479d-a2c2-9e1bf17835de,6756.843302445568,3.67,78.9087680789596,104.95893089731788,33.93106633115585,7.122192357864046,131.7487533504446,142.784442220058,0.06699999978076392
3042dea3-33ed-4c82-a90f-ef831805235c,6388.269031025318,3.77,91.78292735568492,102.96100872372725,33.9831485782612,7.255872975810486,151.93603468641192,135.79122000101373,0.06699999941270282
8e61b37a-77a4-44ba-b63d-e1a64e07700b,6330.622970773049,4.01,99.51786384427885,98.80273725721479,37.10505543549054,7.633838619777832,159.85999195028506,126.98732419088027,0.06699999961613844
dd76aa75-40d0-4a57-9755-d2ff8e380d88,6728.024151201038,3.88,89.75323642042909,105.28585510232246,37.50638797300221,7.512173020521677,149.93755289907145,141.87599593396226,0.06699999978269836
8266c0de-77ce-4a9e-be8a-021fde5e26de,5619.221087255278,3.12,79.54287495236122,99.18962172541512,20.065476484719337,5.886378261604486,135.35589229344615,130.4508165462391,0.06699999936217424
3297a58e-3ab8-4e3a-8ec4-454e598aae6c,5213.167732083156,3.72,126.13989013335654,131.11840358669278,29.189502127546167,7.035680160132573,205.5720533644504,186.7797350583265,0.06699999943198388
63f731f7-03bd-4859-a2fd-915e6a43411b,5604.768962842327,4.34,136.72595870405152,141.19291799030853,40.673484086237984,8.215987726227421,219.8184090907287,199.69986822279375,0.06699999940122708
f88c5300-4dbe-4ada-8642-8e45ea1970e7,4893.281211862797,2.95,99.58746392174167,119.14949008543539,18.826005261518812,5.637395421519799,173.44611683713453,172.80407549444632,0.06699999926045826
16a8a7bc-0241-4aeb-ab70-ebc097db6d39,4729.681491116742,2.91,108.02161048112717,110.72510155120258,17.547920853320583,5.531043531734878,186.9187757944428,157.2178384852418,0.06699999989564673
d72ed3b2-96dc-437d-aeca-55afe33ab099,4822.902168962198,2.63,95.70222035911155,104.81587586170308,17.458630268728857,5.152702038495232,174.82422641705654,149.30380285491958,0.06699999972979626
d62b3ef0-9834-4b7f-8d69-8584461432f7,4991.52227309172,2.82,92.62278469245419,104.20499206833846,16.98379978147995,5.387274965788804,159.63121616566067,152.46881957154636,0.06699999927250351
61454d26-5fef-4051-bec8-660fc18b1577,4964.612005439018,3.17,106.09696171088527,126.13196914851528,21.277776641475064,6.041465905116146,185.761526188222,176.9180853162123,0.0669999998534094
10c8d988-14e1-4079-96a9-6ba39c2c9540,5117.157476229685,3.3200000000000003,121.68872200744629,114.6342193035195,25.442663385894804,6.399072431245495,210.0933711950155,159.7465251778368,0.06699999909275708
f80cb97d-4e02-4a73-9696-e21ac0e6dc8b,4664.850363100726,2.7800000000000002,96.62394197567573,115.58182743340096,15.450166803157728,5.266436958647623,167.71886102843152,167.6021551245388,0.06699999935630382
fade5de2-e4ce-473b-82ef-1d73fc82cbdd,10247.62559851847,2.2,27.222691362309714,53.07574392371968,20.27536267727675,4.430637095537329,59.833018468142605,67.20385354690573,4.12499999993629
7dbd0dc9-fc0c-46f0-9bb5-3fdf1313fb91,10094.914923346125,2.52,34.91398067595988,56.958668520279645,26.459575648229766,5.136404638202799,71.31716060635993,72.01817659803116,4.124999999359536
1d90733d-6801-44d5-9529-db295dd562e4,9234.779476920387,2.91,42.320778992581715,68.18541275020114,34.845873785397146,5.982051872704495,79.27140407772468,91.71278256634992,4.124999999794813
7b84f284-39a5-4594-bce3-d2b812bf19fc,9591.147239470147,2.7800000000000002,38.897206767989594,65.1966824054262,32.24913496920273,5.7085492357773395,75.42906252330559,86.3172826919784,4.124999999145077
7a51955d-d58e-4698-8a0b-d47097a5888f,9973.871116098606,2.34,30.558069000979938,57.7337078555535,22.290664074025347,4.711861804668811,64.44825338640584,73.70110292400511,4.124999999813819
a60a1947-dd7d-4f68-a9db-f32f1241dd02,9392.759942221135,2.5300000000000002,37.17385581803585,58.90116734057592,25.59779821466376,5.11445391137284,74.03069033348658,74.33854892202794,4.124999999554609
6078548f-a169-4a41-b05e-0af558a807de,5737.604537886312,3.4,101.85422523080108,97.14131273072431,29.930375046594804,6.493822896219948,170.83926027671868,137.64407130910732,4.12499999961771
3a83209c-7f14-4ec2-9d52-c826c47f9fa1,5862.624258048097,3.92,107.52965448966158,109.4066577924898,37.623990203219975,7.424395383580656,171.4327122312746,148.74498860310175,4.124999999560462
9b710395-2f04-45dc-b0ab-94e4e0b27522,5580.031283800738,3.5300000000000002,102.84124419398671,84.98187951644026,28.743140104171456,6.579758600485041,163.72569951970522,108.10474087914265,4.12499999902414
aa937a97-49b5-4b95-8abd-784dee1699af,4843.592591002896,3.42,137.1249999500661,98.88189722576699,26.446441334861355,6.393897847120336,221.21477292037812,142.39506828141992,4.124999999610215
680d1f5a-f99e-4b36-b545-82a13e106f11,5420.640615112275,4.21,147.11613670011906,107.59667279902098,40.65638171518868,7.899443121654548,233.88176016379535,134.73130236443453,4.124999999055688
6b2586de-63ee-4c87-99a7-fb83e5104b28,5147.728887377056,3.84,140.1352404027995,110.21354203151648,33.21786703067396,7.184252665156384,226.12784403428645,145.79580964031945,4.124999999574733
807b6aa5-a7f1-4368-9cb1-c53699650f97,5533.8875017148475,4.3100000000000005,148.5476715141891,125.2530198046388,44.52465712775942,8.177641130521693,240.83853754250558,174.1814803145075,4.124999999235887
c5bb9717-6414-43dc-ab15-bebdeb8b3c80,5537.239483938197,4.44,154.46670213333687,113.2496145381866,45.85533558713934,8.362911197907017,244.27292601921073,149.40836401321064,4.12499999970888
cd29903f-6706-40eb-b12e-4f2b3ba7f6ff,5394.593691204753,4.22,147.06031606149202,120.61289356215939,40.6069562744574,7.922693217195993,228.56583046919528,177.73507468557457,4.1249999997306785
b7a7f1a4-aaba-4817-a760-48caedc7d56b,5056.859444096248,3.7800000000000002,134.06351953833624,120.99599373579194,31.10898452009777,7.027872166168468,215.90153637544674,167.29846247619741,4.1249999992127835
39b802b7-e477-43dd-9f93-b2552578ef58,5348.7816976362055,3.72,134.47319276731122,102.72851482252199,33.86752150685886,7.066572204078484,224.68509419305704,137.0422052640942,4.12499999934278
64d3d8eb-e603-49b4-a5a9-e3996a69dfe1,5233.079903702576,3.98,140.161949091649,128.44418170410236,36.88721738953994,7.502670922904808,228.45822398416388,176.7624256096116,4.124999999732908
0ca3f1a7-5d11-46cb-a691-b2730333385e,4720.0151478156795,3.3200000000000003,129.0109541668119,111.77648705076297,24.05070929811471,6.158708146535653,212.1922905771148,153.78189132970584,4.1249999991291855
4fff98f5-f6d1-47d7-9abc-55fb361dad8e,5087.5369634768185,3.62,149.19242903809263,107.08378428975035,35.392216792175425,6.998718999327404,246.08829171873668,154.54611154033296,4.1249999991281
a8581d22-ac0c-4c86-b6df-c8b461d63898,5039.112025037864,3.7800000000000002,146.31307219966914,119.61503960176057,33.865687618561395,7.152534854660962,241.56661726437923,163.27941002129697,4.124999999746515
94e3ed32-2e8e-4b8c-aeb5-0091d18f55b9,5423.851745130499,4.3,160.43163988331932,124.80452404277892,46.35633695079854,8.234356692669138,263.35867774243076,167.64303228808114,4.124999999564331
af256994-3c1b-4370-8675-53bb506c6bb0,4993.59065450643,3.48,128.12758255677622,131.8629799355852,31.882334977851983,6.683772805452944,212.9515849713451,192.8511300077972,4.12499999962272
9d0a5f17-2db5-4831-91f8-ccd900e01eff,5487.867949321593,4.24,166.41688807038668,105.86306694194899,47.28585263187045,8.18616848698541,273.78030660667963,138.93217026465922,4.124999999383151
e8d19c5d-392e-435b-abb3-f99535fa6bc4,5646.587407298677,4.46,166.27968874787405,119.42952603579828,53.039599657495174,8.637789512078607,272.64230122479114,161.4724095243152,4.124999999221049
1d42d407-cc60-45b8-83e7-485b7deebe53,5101.737399826232,3.61,143.86102417379317,118.20980948381198,35.861158013351556,6.997178701808944,239.10989023768067,169.93998336561998,4.12499999928213
48e00cda-b004-4b3f-a8a5-dd066dbdf245,5429.951124856735,4.34,162.64288547414867,119.48167793223286,46.12225018083978,8.27664370399934,265.0711995116665,160.98488411263688,4.124999999335629
3116f18a-c042-4e5a-93a9-ae42bec025aa,11500.0,2.29,24.44804832841795,44.790562583188986,24.56454071648993,4.725839592677749,55.68140353121985,58.969338308825506,4.1249999994160405
0ed7f60e-3a8a-40b2-b6f5-d013913375c0,11500.0,2.54,30.83551418926706,47.3058093061911,29.553700869621395,5.263272381149563,64.8643566710178,62.66675094379934,4.124999999672762
f86ce1a2-98e0-47d5-940e-33d8d1db8c2e,10726.178225641976,2.0300000000000002,25.18543300013569,37.83789090969327,18.19011443436361,4.102392141300546,57.59660858015607,44.41512780559712,4.124999999760786
a5027456-4585-4760-bfc1-007c1058e2e3,11500.0,2.29,25.83022381676408,42.79784853684684,24.241240827042763,4.709559066815272,58.871888343712584,52.743985114313006,4.1249999990440935
da503378-8adc-4f26-9c4b-5261dff587d2,11500.0,2.35,26.64174193311829,49.08487680399606,25.11905274934152,4.835925851018643,58.123118311210035,65.89110763440887,4.1249999994074145
fffa56b9-f854-48f0-9949-318c7bffe27f,10956.016316483552,2.49,34.331435285175445,41.239486302732715,27.469959765420622,5.127884336445057,71.26315137002794,49.74084903701574,4.124999999211567
71aa0826-6635-4f90-88ab-8e3bd8aab795,10316.955466763538,2.61,36.48209331653393,52.87354772319128,29.43378545791467,5.374514310255441,72.54364815771278,69.81652121947455,4.124999999548569
1ac8eb89-ca97-4d3b-bc32-30b1af1400f4,9506.034057302264,2.52,37.871407832191444,51.17523766162189,26.13616049740548,5.119862929370921,74.51554405520959,65.7761641021206,4.124999999013707
3ee5e30b-44ab-4b3a-a96f-d35585ec7b40,11098.874696502799,2.02,23.212182721548064,43.43688074020092,18.214079353214608,4.089741866413293,54.15500630006222,54.35663057714325,4.124999999025813
270e5d94-4c6c-464f-953b-76c068793478,11125.789757010323,2.06,23.13197981202492,44.68463737335119,19.06008588212474,4.181633807066745,53.350220394325255,58.07112513549436,4.12499999983662
6b70a892-6770-4486-b162-e59c6f59ae6d,11243.562524629626,2.69,35.416663273254095,50.70398540659217,32.672813131281806,5.59472900620673,71.65322764308789,66.69635052508747,4.124999999527099
9161ccf8-430a-49d6-abb2-293c4c3fbe80,9067.925941133928,2.91,47.38988256746122,59.47877308294333,34.19352990878678,5.9563016988639275,87.59253044828719,77.26107711000986,4.12499999936983
90c61e41-5688-49bb-9ca2-b73fbeb3288a,8556.469684583673,3.17,58.75703713151163,60.23581110916356,37.34454650299415,6.398392059560455,102.37060401228713,80.02561968341821,4.124999999160794
3ea51f69-2eb9-4c2e-a1d9-4d816aa97b08,7812.797159043798,2.74,51.288871146406784,55.480549497153284,26.519579517538293,5.425322922482693,90.80283164103012,72.77415448846172,4.124999999467708
99c79f28-5771-4e5b-91f4-aa87bf51e2b0,8996.117505290726,2.87,46.65426384293815,59.48507723798711,33.14846819188843,5.863394444725619,86.52042588855105,77.00755208740976,4.124999999660556
f9733a91-1cef-4b0f-90dc-ddacfd3f9207,8983.126175151756,3.08,51.408433391994876,63.00117447137415,37.70746537121384,6.2968892996364385,92.08938065073491,83.97891399112717,4.12499999931107
210c0180-08cb-43d0-b5b4-1b1117611dd6,5213.004758465113,3.54,124.33239749952855,99.88581308226867,29.53067471128677,6.663760830735523,201.64129176780497,139.67098474027392,4.124999999623917
0ef6ca24-af21-4658-8e19-20bf8a0d714b,5404.654198668354,3.96,139.9936709269201,105.78464994891166,36.612396194079636,7.464327940526565,225.8357766746617,148.25689168483635,4.124999999567206
7a7ccb88-710d-4fe3-baf9-a8d33c3cb064,5027.577767555058,3.2800000000000002,109.83375528881514,89.60762866715504,22.83329419429277,6.02750338605773,177.6205707853086,118.36887251773847,4.1249999992496615
b8fc38a7-15f9-45f7-b883-c1ca65414d22,4842.753558901588,2.62,98.2035039833472,88.1557246467546,20.320579994736036,5.090153928363728,172.96227032663694,133.71629480537501,4.124999999984607
8d2048d1-4db4-4c67-bc6d-e38a8cc2ba1d,4224.333350691717,2.12,76.63338407191347,70.42915027850196,9.832628844366901,3.7896568459085205,131.28633153836586,92.4765777089405,4.124999999034316
99511564-6a31-4de4-8aec-33b83ef2e4c0,4852.807438400151,3.16,116.42780043138069,102.36406228177017,23.039414606012244,5.9199576339179325,195.15606220315524,144.77000683429554,4.1249999990042365
b3208d98-2e86-4acf-b357-8b77371876b9,5484.727307075767,3.99,130.2813048038601,108.72193595255332,36.77174108923208,7.489934617985971,206.71802580990214,149.27671870215997,4.124999999006538
c43183db-63e9-48dd-9136-f1570d5216a4,5348.775387901181,3.8200000000000003,122.30710981188408,118.25915813897083,33.31197267664683,7.1625721852175825,195.37275458317944,167.4362486036981,4.124999999742782
4d3182e7-7d29-4145-ba88-9ccd8807048a,5720.018035554338,4.33,139.4010778909597,115.02226317051408,44.80250052860821,8.201654392773182,220.45780853974765,161.85548800151332,4.124999999834561
4cf9d11f-5bf3-4d1c-8fe8-abe6f14769da,5024.652207134329,3.22,110.51581471519921,111.66809944143338,25.078504768904672,6.087225955449108,185.74755095011554,163.9640837205946,4.124999999277405
1a5f7f11-4001-41ec-b10f-8e2f52146861,5223.212767694742,3.72,134.0359557142942,116.0324035371912,33.42829814892557,7.059135278244839,223.64421775376633,162.6624577664365,4.124999999086472
a1a43564-7bac-478c-811a-d8ecdc43837e,5425.863359487027,3.97,126.75880096426872,127.62379554221691,36.897064531053395,7.489546266723667,208.30363230374184,175.25648584880463,4.124999999045373
d0ce896d-b9fd-4e7e-8ecf-665ef6dd7398,3826.141690102033,1.51,58.27596273562547,68.15183063376283,7.209285633236167,2.7787482408952053,110.19078381870705,92.17066972464124,4.124999999125176
0c00be04-9b09-4d3c-8f6d-3536c0c7bc98,5341.667357091039,3.92,131.17172466133232,128.1631186407863,36.600068370403584,7.413371644676804,212.60163367154624,182.21022644484046,4.124999999662836
eb3e29fc-4cb2-48c0-92bc-7bc525aba2b6,11500.0,2.18,11.115608223872895,53.81754965360015,20.3939643529124,4.541197446230057,35.9482779357961,70.179249170143,0.053999999880256076
be945669-39f9-44ef-88da-a875a15f7dd6,11500.0,2.36,13.981131529847982,54.375541856306505,24.272200611249236,4.928191709807053,40.209501977259244,71.09311619163633,0.05399999918082843
7748d859-330f-4220-a66e-5712e6f1833e,11500.0,2.35,14.603605739244927,53.79119546153215,23.95759714876476,4.905129447336728,41.9132983184227,68.91102209387927,0.05399999948705507
28f8fe40-2262-4f2a-8925-2a18de194548,8973.880109856713,2.63,37.95026973494634,69.20075586415938,23.108495109457525,5.311605940922269,71.99946147177621,92.42128617478615,0.053999999839406204
7ef36a5a-1f4f-4aff-ad34-2f32ec108530,8648.515031099978,2.77,44.64052033583377,67.18366975057715,25.966487017607804,5.613228912320493,83.01853985892872,86.25979119439599,0.053999999677109466
47081519-e5dd-4ea2-8da9-7604be165720,9229.558005937917,2.89,43.45830594338234,69.07046641528048,30.36328050136981,5.9370105251438785,81.4852024058149,90.32487261422166,0.05399999929894728
a7ab91ef-722e-45c9-a70e-24beae43e747,7568.562151085613,3.24,62.46457128606997,76.88790413921474,33.6952386596378,6.5115052165178335,105.43878960382561,98.86476801203194,0.053999999849478245
eac4fc68-4622-446a-b55e-4fd0e7db6473,7873.347441679252,3.12,54.51241705819299,78.619475052116,32.62418331118588,6.324717606366606,93.51999630437672,104.67254385931413,0.05399999952823928
d69e8735-c51a-4f80-8d66-63c8e23fef6f,6888.4138647603395,3.64,80.49573321194012,89.22600848681624,35.537223156371695,7.088014484024493,129.99179952688843,117.8042920962301,0.05399999919855153
d3ad4585-b076-43ce-8ab8-7d9df7e9d735,6363.153400968138,3.61,81.70423081903455,98.54915862433333,31.76812896766085,6.922353640001795,128.38548082106058,131.52844988312833,0.0539999997646362
18f46bea-9fc1-4519-9887-95d53b249f39,5803.861395230457,3.7800000000000002,106.80297066551935,107.02255618862904,31.387698150424516,7.170601952614738,169.70810492163437,145.67394962240863,0.05399999993980474
00e6272e-7190-42d7-b728-1d4ebe0da1f6,5782.322777435175,3.87,112.22784861381643,108.66620521810695,33.292782750061015,7.361374595287954,177.34191821830584,147.62712273597162,0.05399999986254047
808af5e0-507f-4727-8d1f-496f1b4c805b,5862.676874655529,3.7600000000000002,102.56596311258848,108.52586286288087,31.376029111193468,7.148049977636978,162.63806309572564,149.1701463894502,0.053999999195001924
348e026b-1bd3-4620-b060-1da8943477c8,4928.751355401049,3.7600000000000002,125.68887264707527,104.6686765150725,20.609403121037488,6.698479612379936,195.70352014665482,139.27771408123039,0.05399999915203897
bc99463e-5e92-4b58-b64d-66b0a94e93b7,5413.847399161315,3.89,125.65695358389702,105.7108956434495,29.56224472294076,7.2381374274965955,198.65695370308308,140.03778220368724,0.05399999918625756
faf3ec28-791e-4095-9bd7-0d9dca8a8832,5105.14123630581,3.61,145.06877203767428,108.66503760978534,29.818302582249032,6.934705427683271,243.82676692146168,144.5500386239998,0.05399999952945743
167da78e-a12e-4dd8-8fe8-7e62e0915e57,5271.295944708926,3.94,146.14180801803315,125.73690612061174,34.62253243439009,7.518648628019736,237.49141266013748,177.23575681019173,0.053999999135136895
60c6fe7f-5150-4189-ae56-78ed311f81e0,5546.1407963665615,4.47,158.49293433590486,131.68536324460908,44.64462651446616,8.510748492197244,252.68017460178487,188.80823020148793,0.053999999925151074
042ad28b-091f-4fb3-8cd2-9d7133d9e535,4890.079416005825,3.14,131.61813625363808,98.93030024008809,23.672987584946696,6.08362968148325,226.23878581201572,133.75040209821927,0.05399999963703185
81c11031-1340-46d0-8b71-6b32bbb43c1f,5170.622168821969,3.64,141.91674672416462,112.32488514052986,30.430323552455416,6.995986477927675,238.38818281153317,152.9910590307029,0.053999999401352
7df4df72-67f4-433a-abee-cecfcc264974,5469.901799442057,4.3,158.16936744177647,123.17286024994408,41.39614903247289,8.199616339021999,255.11876177031908,173.56502858986013,0.05399999903836633
b52b01c8-1b8a-47b2-a709-e49800573069,5209.937272751619,3.85,149.95393117300316,115.95046539035137,33.283335606015925,7.366854029049304,246.13321829683903,162.37870863311832,0.05399999931459701
b79cef20-723b-440c-a2c7-48ecb20d2165,11162.969130271902,3.02,42.20444303047644,56.72771459460451,38.30779364548867,6.213151331922809,84.81613944861546,71.62051677669693,4.124999999684867
5acd70f3-f7ca-4b58-aa64-be5f2abb9a25,10870.768433555346,2.98,37.99790908026392,63.69041627213379,40.02168158732738,6.252090203009618,75.47002901665968,84.39732418011226,4.12499999979098
708ac8aa-37f7-4fdc-aeea-76cfe5b0b62a,9778.477331327555,3.5300000000000002,52.907710174403064,77.2488725458781,48.71611543677924,7.230639995831551,96.98523245691024,108.66224755025543,4.1249999999360005
ffe4c588-b136-4411-9060-1d2de4172e25,9786.50059846079,3.23,47.883146174749065,68.05833136362168,43.88344160276405,6.703678440956004,88.600099079318,91.16470624494656,4.124999999632156
5d5bcda0-c3ea-4ebe-b5ba-a013554dd38c,10479.364468831302,3.29,46.31310478335224,66.96857281388921,45.696177979334394,6.820312908913927,88.75036922230083,89.03571942747884,4.1249999999687095
ff8b6352-94f3-4e73-a3ec-410842278af1,6685.058354435234,2.5500000000000003,70.4326909506288,46.37140917172828,21.654420764962897,5.032091217715935,135.77367510311217,47.21040596258234,4.124999999790878
04fa2d91-e66d-45b5-bf8c-2db0296c8d7e,7534.520736541013,3.74,83.15500785393151,72.63966115357411,45.05058061790552,7.406480316664838,138.57732231406695,94.3294701365716,4.124999999351968
595a1cdc-a5d4-45c0-b278-25f27af37c25,7490.9428717755245,3.23,64.58680054788718,70.68552095143288,33.90859003294245,6.341222886348295,110.04721030800941,90.9552980693967,4.124999999877711
0219dad7-2f40-4586-9ebc-f078807d5538,5839.190276597752,3.8000000000000003,117.46733535261727,96.91963282919744,36.546492494252206,7.247766457665202,195.02027778966718,126.3302139770867,4.124999999223355
42d18064-1646-45d1-978f-a220ed940cc4,5102.437539287714,2.23,68.39131480951639,80.8398612131483,16.596795068653936,4.375519587401417,132.1041933541118,116.25948727817183,4.1249999994480415
bbbd0550-79c6-48fd-8613-2f923fd4a027,5540.581688198412,2.63,90.61436566656198,76.42079623059303,23.465608147636118,5.207349628030221,172.21134466690657,99.88886965657126,4.124999999265037
387d398d-5304-470b-95b8-e4d4ad3c3e65,5721.095684631017,3.93,112.98323751636427,102.22718615552562,36.24293176359609,7.382008885028416,179.31017986995548,132.66495133297323,4.124999999799112
491c25da-504b-4c29-9f17-98607be848ad,5158.83765281259,2.15,58.70061416940196,85.80710360225301,15.85867021284421,4.22229182219249,112.97600105065216,129.81569674851764,4.124999999770818
fddd9b0a-0445-4d65-8cce-6fcdaa7e5298,5967.135509216265,3.75,107.46898321302349,95.04907893492084,35.62261445487603,7.153684929423083,175.4100262896214,128.95429107536827,4.124999999631507
d091ccc9-7f22-48ab-ae96-3cdc399163e1,6092.45289088786,4.17,128.05362878343874,85.568844524081,44.54933904875888,7.979004365031755,205.60183293751328,108.82163325091352,4.124999999099564
591f4c71-dc15-4ad7-b450-409f3dbf50f5,5360.114306024339,2.44,79.00111104931659,83.23341717036415,20.498465876159337,4.83327571083608,149.13873429941185,122.64058807996653,4.124999999672429
6bc8c5af-d8d9-46f6-801d-4765cefa91a7,5282.86257816211,2.58,92.22904665890475,79.32638940225857,22.47457211652673,5.106098650093676,173.2738510832288,108.45748109413287,4.124999999390135
d2265ea0-2f5e-4243-828c-4431af3429af,5230.995625729682,2.58,90.47174275858596,88.37811501542828,22.847196050251263,5.116184337922636,166.83558035788778,131.0786566801913,4.124999999381566
f8ff0e6a-2414-44b5-b415-5594239e2e81,4547.073588375009,2.31,84.87144960059916,74.6959211905796,14.417590154978447,4.377184233744481,154.43471994486268,96.93736072371676,4.1249999992815765
bbbb583d-a9ae-4bc7-ad3a-62107a32b771,5629.148457553187,3.97,140.9762341024727,94.54824992533281,39.496182877331925,7.573525065517681,232.95372078354416,122.30826100337592,4.1249999996474935
cc0c9073-20e9-4ffb-85d4-1179d04fed1c,5573.926531750368,3.86,131.3474930710399,98.77035085930896,36.691632108843606,7.338190581641178,216.37314875498262,129.1437933103919,4.124999999180941
3608e3e6-4f53-4e8e-a08b-c9464da81b8b,5003.051904624168,3.19,107.6697881563355,116.17093392905632,25.246214356478113,6.0448422110812325,178.59531721534316,171.12426013359237,4.124999999515779
9b2648d2-03ec-4b07-b910-91ea102ca3e1,5482.74410815116,3.92,140.23529592169785,80.91268201906806,35.96039630888001,7.377458908925284,226.47431779906253,100.37367224347955,4.1249999992541095
227c34ef-7482-4e1b-8d29-a96940a950c9,5524.8791657894735,3.77,133.24392513064325,90.61415301941842,34.85621261193525,7.164553614527231,220.40635821917553,121.01301583059262,4.124999999544639
bfd40641-dd39-4d60-b3c6-8ea540ffb7c2,5377.838556138265,3.71,131.80208835002142,96.12982474195074,32.99491981425349,7.019733275394454,218.31013458117934,126.48023903427122,4.124999999026673
f89a98ff-1ede-419c-9276-f4dadb7cfba1,5098.42566918561,3.15,122.32408366452701,93.04093242287892,27.637871920581357,6.094456687367868,212.45580224712717,128.6727857352983,4.124999999554332
e29d220d-e583-4824-91c7-73d521f11409,7726.966138800649,2.46,38.07411373908365,63.73832904841708,21.83987353255093,4.847519157654827,71.55998494184706,84.78278930618349,4.124999999248084
c6059c9d-5215-4341-a6ad-ad081e0da71e,6722.924476585569,2.92,54.817599534311405,86.85824286231194,24.979510608852973,5.648754577044884,94.43277598888803,121.84218536317577,4.124999999124542
96279f8c-eb40-4710-9a52-f0d150473447,7622.781365776875,2.98,53.67048399209403,71.05747161631895,31.134150108773106,5.917676739642574,93.77894820981706,92.51223113428574,4.124999999232326
7d8cec22-fbdc-4bcc-81b7-7380ef4b91d4,7802.274174161799,2.95,49.74010272746367,74.01378203759256,31.053357479985156,5.881542024287836,87.41520235127919,99.11417364583089,4.124999999845798
ec8a1dab-ff8e-4a63-830b-8a16799149c0,7307.343246992519,3.31,64.39179323066412,82.03380067440794,34.16409052768543,6.465114649896566,108.49692841089677,110.49286709658045,4.124999999488535
9561dced-c1f1-4bac-b6c2-2454d4987f9b,5364.3303445617075,3.75,126.11889047790422,100.67813519956641,32.59719853599873,7.041268931399042,204.24119676542583,132.2095211866277,4.124999999873107
1f783b9e-43cc-40ed-a2d5-3324c0f5bec1,5366.987265049422,3.71,120.77410740903721,117.9127234654774,32.69120868867965,7.00781790048694,197.47693581565534,168.65512038000372,4.12499999921821
166fc52b-0005-4970-b280-95d6e19d12ad,4759.600720321603,2.73,98.09002711077412,97.3731162497798,19.35216893413081,5.189410203308234,172.89748367655696,138.55083843786835,4.124999999058979
f95d6091-d194-4724-b1d9-155dcaf9048c,3726.0750992646726,1.1300000000000001,33.03811461274796,62.68654109262046,5.913667919755235,2.1118983052352616,72.70332945490591,83.4327823684482,4.12499999981017
811db87c-9be0-4f51-8953-0fd927c44651,5222.031553368843,2.5500000000000003,92.97404521599218,75.1111327067497,21.754029482299003,5.029008813439349,173.68910793144116,102.32343248923486,4.124999999099119
d5669555-031c-4757-86e1-d6c5c285c902,5555.076501144361,3.52,122.59656526961389,103.5090779986657,33.862667719277816,6.811016178940128,210.8056224467364,147.0091788307553,4.124999999898382
3fae5f8e-a463-42af-9f8e-fb0397ca533f,5822.956001428891,4.19,131.6596651286277,101.93226515732869,43.69027223128438,7.9763831298123105,211.174927605391,128.47578528526765,4.124999999361687
2edb8b56-2630-4abd-b98c-0ada0f8d6549,5157.0216823919145,3.52,120.33041392389819,108.26305569914788,28.56361661510397,6.597605787933247,196.74286778099213,150.1896742492782,4.124999999239421
e41859b7-40f3-4c2e-9d3c-4301a98063b5,4474.7750038621025,2.29,82.96749306667557,93.42846442177911,15.53451488798073,4.418254754231612,147.80182111015483,142.23048781796652,4.124999999174524
d88fce3b-9ce1-49bb-99ce-7e5c155ce981,6355.480874880228,3.91,126.26814402142267,88.33139367043361,43.63707191326644,7.631101521290301,218.2760641074477,112.09782653308115,4.124999999889848
0b6818fc-92ab-4810-a8ff-9e03122846a7,5324.706853840428,4.0200000000000005,141.239909522793,110.69824561032671,37.301675052696474,7.556358213434924,227.7667316106989,140.13094627854642,4.124999999364179
bbc18060-daee-4624-9223-0a230f154b1d,4511.520273606844,2.67,106.78987063708973,102.74733122389054,19.344655147317933,5.114457780828625,188.05837015492202,144.69087088090248,4.1249999995542215
485535f2-191c-4dd5-bee6-fbc97986dc8d,4947.720334638256,3.21,127.94788548501985,103.75009501280182,28.17210381911351,6.201556196387298,219.937997914784,143.96476209375135,4.1249999998443805
6f17068a-d1ea-4395-a482-131531421b9a,9333.731512051974,3.11,46.20832019302774,71.29792280720251,38.45791632989802,6.356333910993344,83.84135292163573,98.00440200077034,4.124999999366609
5569d48e-86ba-472c-b33f-57d4f7845077,10204.155615187472,3.37,50.1090331394442,69.7601721235665,45.30265065536527,6.911837453263161,93.85857463280036,96.86228205419059,4.1249999998162545
379df2fd-4350-4301-b0ee-43b3bfdae90a,9359.17638229478,2.77,39.83440095661227,64.53635937988574,30.380021365107446,5.610084045693787,75.48822802563026,87.14792864008865,4.124999999991595
286594d5-5ce0-41fb-acf4-3a50aab61c28,8854.110665362405,2.98,46.78441310816627,68.16056620161604,34.70500251171908,6.056808322946071,85.09396497106492,91.37037547705384,4.124999999319168
c002673f-c3f6-498b-bc95-9a573fca1598,7823.813624338868,3.3000000000000003,62.68386889381134,75.88528558998244,36.495637548033486,6.539627811856213,107.06257222553256,102.50367664119159,4.124999999037219
029403bf-f42c-473d-97c9-4a47b9b3dded,7352.2909134701895,3.17,59.67757469021141,81.32287761219149,31.586412591480126,6.198073876658189,101.9706027791366,110.23458871176145,4.124999999192612
5df4f306-471c-4def-971e-2b2157d673c2,5577.7240723624345,3.33,96.3312483432624,94.43496379800548,26.846856112299108,6.277447566580132,162.17445598596785,125.35998062023361,4.124999999255244
c2955498-d3b9-4610-af2c-8c0c379feacd,5255.176271752137,3.09,101.45798139761169,79.48500972889418,23.070861230570944,5.805930161793394,171.5813280472428,100.45571959645612,4.124999999406984
f8ed8e37-3d8a-4c66-a2e3-a954ab2d4bd1,5797.750713500405,1.48,33.93882891532601,48.935791123775125,12.361729367859859,3.0212943703151036,79.20552028725012,59.153253674734344,4.124999999870563
79752d06-7b55-4fbd-b830-d54d5634a1cf,5311.682665223698,3.08,94.68355280411349,87.16617920736209,22.846662278517794,5.7888626329211474,161.80311520315786,112.35714046818109,4.1249999991137365
63553204-5acc-4f6d-af67-eeac78d484d7,5390.878715118765,3.47,124.75105034074123,82.91574414730535,30.30812285501471,6.6022479903933675,210.7114041427293,99.92898435971306,4.124999999775201
3ee259f1-69f8-4df5-aa09-5e3bdb8dd3ab,5034.550043494717,3.3000000000000003,117.0319169332788,105.45882334436274,25.569068387794406,6.212777488331956,200.44958821722142,143.65829983183588,4.1249999997222515
a4b03367-53ee-41bc-8138-a2dddb1833a3,5137.229195306749,3.16,117.50243958183249,87.54224835550413,26.008609097886662,6.037944314593724,203.69142912925693,109.94178917192984,4.124999999205569
3996cf45-0a44-4342-bcef-adea687338e1,4281.708857037432,2.0100000000000002,67.42263627587228,88.71729258839734,11.811829021899685,3.8274987854747113,125.64874966239509,129.9641015515424,4.124999999250122
9bf5e963-e351-42a9-8e26-0afc9f4624fa,5255.206052680517,3.2800000000000002,108.13428944699373,91.43929258905838,25.455301731228488,6.160664541038704,183.25583238719452,115.38614718518815,4.124999999933546
6303dfc2-e2ce-4db9-b819-97a3f90e5cfe,4808.475261758407,2.88,100.24456385047397,92.15460830433062,19.090362090210068,5.365426385135578,171.50942729376195,124.44855252604663,4.124999999457361
34d6a583-17a7-4305-bd4b-f4b0c673e0ff,5625.411557115502,3.71,122.1907612954378,92.49080217086836,34.02052552971459,7.051072907025387,203.69248703348748,117.17912113402973,4.124999999892709
8f2a8145-2653-491a-a857-f19ca2b93e9f,4914.080071695122,3.0100000000000002,104.72405089924783,106.18124608039416,22.407566065070117,5.707687519382702,181.238775080448,152.2432369207386,4.124999999231248
1d8787ee-0e03-4762-a38a-681a0c2e3a05,5560.823731690697,3.47,109.30578548959825,90.95505762647156,29.61611576025702,6.568614067732984,183.37504181244685,115.68260355689007,4.124999999138593
7f9df905-2312-4ca4-b742-dcd465967699,5945.336733465283,3.8000000000000003,121.88455858261935,86.88208137414543,37.41108988557204,7.286851116385999,204.91680551307505,109.25393026887824,4.1249999993148885
2dc7e7a4-5548-438f-9c50-b5ea5e5bbb41,5621.629318519598,3.5700000000000003,119.11081912443679,84.26199342930596,32.30696469747577,6.809806563071949,199.27778798933272,105.17446390129687,4.1249999990193436
f24295ac-296d-455c-8300-3e3d5947a900,5798.284726280452,3.85,118.99800396888205,103.44908045913198,36.89314345056548,7.33552645257275,198.77831924860456,136.94505586309197,4.124999999447355
a90bc9cd-f306-4a7a-bb50-7b9617fb41ff,5746.067757555258,3.43,106.05011577561531,89.28018889343802,30.533747015770253,6.553688353761175,181.41204894610777,112.40273373199052,4.124999999631164
a1a1829c-eccb-426e-bf45-7fe8f2e65950,5336.773628245019,3.33,102.68056212375096,100.29632003475025,26.063070722131076,6.245819814193849,174.30505026411868,131.15267421700145,4.124999999418018
a69b387b-ac13-4c6a-9789-5aeff9854fec,5458.499049214534,3.22,105.2369659894696,97.27068635369787,27.093929019088282,6.164100362082249,185.21503729953704,131.62680505778863,4.1249999995899636
dd130ea0-e49f-4f7a-960b-48d5e4e8f1bf,4983.894640097989,2.88,94.88366448942688,92.31240566429761,20.02827144071601,5.416349122845082,166.4237689071091,121.9565242595204,4.124999999365087
c4865936-3bbe-4c46-bbb1-db779a49134c,9351.843771852811,2.44,36.162154401612064,51.12473617195973,24.174594611179018,4.924946477630064,73.29045239977268,61.4196616679404,4.124999999505352
ace47790-7e1f-48a1-9fd9-b22a84ea9439,5469.753072697779,1.72,33.68769556746599,53.33847025583899,10.06047445084499,3.291184886550749,72.76138009462558,65.76762320009308,4.124999999881512
8a7a551d-1c4f-4644-8ee4-91e7a36aaec9,7963.6339446383,2.61,44.735476387132636,59.84536678112858,23.69662543480242,5.125364461172811,83.89340047408622,74.06783921583373,4.124999999463554
1362ef9e-4c69-4709-bd50-68f4750d8ef8,7583.413499005641,2.73,48.76697514870329,67.55419547319721,22.850578419172713,5.276755397398083,91.93759719870766,86.74540769823432,4.12499999932446
4b0c1c33-2414-4135-bd7c-7ae14052ed55,5722.022472095852,2.17,48.36010099643808,63.71000846717769,13.497169825651484,4.125339179738307,93.8824307317596,86.42012924900325,4.124999999466082
1da469d6-983a-469b-9a9f-93027ff1ca95,5957.2767124202655,2.7600000000000002,64.23927384037293,83.06369117517933,20.401760119276375,5.261236732475266,115.52715274694675,113.94612973520387,4.1249999998763265
6495043a-2e64-4ca4-97b5-128e81f1d2d5,4594.707284083612,1.4000000000000001,36.82618545917748,59.970500838881065,9.846287830653736,2.7986688740155308,86.44846196308728,81.83580600840867,4.124999999133113
f2edc6ff-e04a-41a2-a0da-8ca06aaad020,5865.796805778923,2.72,72.26508145867686,70.73116906003777,20.70783145873747,5.218412590908265,131.0604381975079,85.86885766724971,4.1249999991587405
b3554123-233a-47b1-930f-49fa88126ec8,6544.25143029729,3.16,86.56910902064077,62.94517506069779,29.32160543669181,6.157107475443994,152.2664396137145,72.03178217212435,4.124999999289252
851e2374-69ef-48c0-8918-c56dd9de72aa,5387.088310576184,3.59,137.15032905938654,116.62837855011286,34.86266547945184,7.066613363931174,239.57961039126087,152.01008145177522,0.06099999933866401
60e6b712-3a10-48dc-a1cb-ac2db3e3ae58,5285.714762363974,3.41,132.5245074895067,116.75858901181985,32.82845841370404,6.753746731838726,228.41720860645302,162.33359958723045,0.06099999962532672
7daaab19-bd10-430d-b424-4c2008668d1e,5302.593628511616,3.42,128.37198602780836,127.07751972470818,33.870351728560586,6.808857047566384,215.46286938665332,193.49978278316237,0.060999999114295655
347aa17b-d5e4-4074-8b0d-7036091fc7a9,5374.811668968212,3.37,123.42424468748534,126.99940260092592,33.786983903088206,6.733866876963409,209.0787307272357,193.695333030966,0.060999999613312206
5fc579c7-6d2d-425e-b38d-e495b218ac53,5231.620447342079,3.15,125.90946942008853,105.21476036312671,29.521865389965235,6.295646624539499,221.31040904193358,150.01167019685644,0.06099999943533706
de23190f-d0ff-443b-b9fc-68efc445b715,5690.240162971692,3.94,143.34852028625525,124.439154335876,43.31812313915294,7.785209147303978,239.2647701269622,176.39791470556446,0.06099999947908477
6ca86998-660c-409b-87a1-acae8bad44ae,5098.967806425086,3.13,121.69763400253726,114.72760511376768,27.52652438279121,6.1996643597475805,218.5419205887042,152.9523404034919,0.06099999903356443
69e4503a-38f3-4e3e-b9ca-eb620e387fff,5286.723219857807,3.11,119.58296095093901,115.40686546099255,30.82099088863319,6.277317365215259,211.74762125694954,167.47975267989554,0.06099999926826391
d54abc12-1e8f-49be-a86c-6c5d555cae3a,4973.26227508836,2.86,113.261510036823,110.36534609043346,24.65957357344048,5.720750866421859,203.93371579006288,157.02087180702713,0.060999999924913756
a6e1adcf-d688-41eb-a713-e440e01e173e,5114.17721144595,3.13,114.5124721398357,126.42797339911546,27.794701066116172,6.217550584124365,195.74736205194966,192.28264878514418,0.060999999244941955
76e725c6-2f8e-4877-8df8-b34f03ae16d1,5517.385155606796,3.58,134.9626021008285,120.03749873182436,37.66016206500949,7.130698454032809,233.05301218817388,167.04360794021926,0.06099999993015409
405a6fb9-2db6-4127-849f-7dea62d17501,4898.273943454118,2.86,113.63647002915886,111.64412224937428,23.653110223296547,5.693315965784173,201.33597721423922,162.86432882733587,0.06099999966840292
1be2445e-9a13-4964-a602-e068ce13a64f,5093.305139653788,2.95,99.62068595404808,131.7175206653453,25.67095735022638,5.883620567453815,171.79305160496682,203.31468316942676,0.060999999637943156
bfd1e299-a9ef-472b-b544-822722697fb7,5379.821704761002,3.33,127.64611055518905,113.11966200028165,32.530995609419755,6.632593188191365,222.86865449664302,161.32736891607615,0.060999999740681085
0afdaae2-9662-46ef-baed-9e77aaf0eb88,5262.08634941015,3.12,113.47784377605257,120.42821717551305,28.626477142709696,6.2148329747055975,195.62573005300527,183.17613110910645,0.06099999951670333
d5b5058b-acb6-4bd4-bbd7-afeb1edbdfc2,5399.3144155585505,3.48,129.82563402666142,119.63738753002758,33.662491564353644,6.880116824819305,224.91624708659634,169.3096064773386,0.060999999988316615
c35d0bab-985d-4a75-9f79-8b44fd27130d,5546.74151070476,3.61,134.06734122548818,115.78906514386306,36.26784138899976,7.142338482662531,231.52463424431033,162.44272404302833,0.060999999766152335
7ffa783e-965c-4643-8c84-d2cf859172fa,4915.1617979663315,2.93,102.84087837511161,131.82853303373554,23.925531484370133,5.8086455967535935,173.16231009345552,205.37466997650608,0.06099999913544052
a1b943e3-02f1-4714-84b1-2f3fcb2468d8,5054.815048212828,2.85,118.92584040658365,92.56147353636261,25.058013817642628,5.7257371292261245,214.36852734688577,127.40254486098102,0.060999999426286575
d3147b70-2db3-471b-b241-37756cdf2501,4298.540033775556,2.05,80.21987827753439,92.28837728267105,11.166304404370754,4.05456091620421,152.20344760216,133.6889642242334,0.06099999954390828
3e2d983d-b229-4378-8d0a-1049484eb1f9,4774.825942361774,2.75,105.44004524471765,107.09029838649505,18.855568249582507,5.365669846864996,188.43838907444072,151.83143819537614,0.06099999943301522
227c13e9-9608-47b0-9b8c-fabe34383242,4870.460717600591,2.87,115.08675190339315,102.45413203323325,21.534296481594037,5.638544481517828,204.7455234668646,142.23617203492893,0.06099999914555154
62dcf590-db3a-4014-85bc-04d72264d36b,4550.612907709807,2.7,106.34641365503443,97.32836324254355,14.272627625988177,5.111142312134263,186.44386235775403,133.32271958923394,0.06099999988576858
c252aa31-3768-402d-886c-2e6bb67e485e,4224.981733199249,1.84,72.07438847403336,87.99982752469073,10.997633997662394,3.7108838739182275,141.39135992540065,130.0348095670282,0.06099999991161251
6df1d589-c1d7-4b59-ade9-4e1c9e967629,4704.067674637512,2.3000000000000003,88.13661559289079,96.57151161017057,16.514085116081933,4.622261650185495,165.71155753085102,141.86225534046133,0.060999999773834884
311c28e5-5ac4-4d95-8d53-050421b7292f,4431.3276096891195,2.24,83.11635582519253,96.5871284604258,11.607148366483518,4.351340124475137,156.92797015513813,133.70169861916352,0.06699999986598706
416ba33e-dca5-4e44-b05d-f9e25eee659e,4897.47871967834,3.13,116.36232028092205,116.48498782743899,21.837444059880454,6.008856826173683,200.22875530244346,165.56758271560955,0.06699999911431728
dc110172-4456-4667-8529-f7edf6564400,4150.142985214644,1.8900000000000001,69.64604511856807,91.64906806655077,8.274498587680446,3.680754629308634,136.42568027297017,127.99050693578094,0.06699999992453687
e3ff7edd-17fe-4333-b60d-f5c4bffecbf5,3844.131269419164,1.49,55.353976360588575,78.6555438174546,5.015611495642587,2.9102447004528025,115.77626366745449,106.02472391130985,0.06699999997553015
cb1f53ae-386c-4938-bca6-99916f328488,4685.079001909347,2.41,86.87513903334381,103.07528969385541,15.197656744030747,4.747239609627431,162.2038202984511,148.076252318883,0.06699999927603874
4e538e1c-33ea-4a43-b6dc-0d7e760afaf2,4417.85124518974,2.06,79.16927546749882,86.54609888615423,11.48271649179951,4.071142634029724,150.6264659206982,125.07000153351221,0.0669999998857372
5a3cdfe3-c013-4d98-828d-245dd1f5b0ce,5284.431859809918,3.19,118.06731222176228,126.68339798573888,31.9315288012665,6.424536619986393,206.8497807597329,188.32526390068927,0.0669999995463386
864cd7e1-5e91-412f-add3-ae35653f8f7d,5442.631064551566,3.71,138.28030819672387,126.11836881421277,37.54687033433833,7.309052371719525,236.32472039081838,176.91351700221742,0.06699999909476345
c4372eb5-50ec-4372-a394-098eaab69812,5615.355909069418,3.84,144.96747447540253,114.6019866041861,40.65541033536977,7.584175214675597,247.94691569555124,156.2143987432698,0.06699999958247824
c25df907-32cc-4938-8e4c-8d228ef822cc,5444.835119089553,3.7,138.7043542638215,121.23212293599916,36.66206799158035,7.268665084446907,236.32320617444032,170.21218157412207,0.06699999913349125
990fc215-2fd5-4e68-8037-afdc660311b6,5526.370116495411,3.83,131.67023692932722,133.82049844096366,38.784083583966506,7.507768962793064,216.9399901091019,189.23956201724485,0.06699999922310343
a9c2731d-7a6e-43b4-ace2-86f3cb5eefaa,5625.144351737784,3.8000000000000003,144.80909443996038,115.65704102815278,41.55474054178398,7.550315266644474,244.30244855858786,164.52249943274768,0.06699999996847353
64abf681-cafc-4f68-af57-125b415bc450,5436.805916890043,3.56,129.5260935151918,129.30415378252977,36.05819735807992,7.068000289255844,221.02221658661747,186.8356877985089,0.06699999919997127
a3839e74-4891-41e7-bdb4-2a718a72535a,4724.570877535465,2.73,108.97033448917898,97.16585364263338,17.79039003133697,5.296126833206398,194.38912041284834,133.5545481462068,0.06699999938731659
894f976c-480d-4764-ba55-770951d5d556,4439.901299229837,2.2,85.11853604753145,99.96126808669402,13.830546910669092,4.382218659920116,163.56934963110987,139.86240112841352,0.0669999997781337
6af62c35-cc57-4fb5-8ea4-672768514a66,4383.3989252177325,2.06,80.12247957080297,98.52084797616185,13.832012804866046,4.15482746783994,154.66997645772952,144.13359046739185,0.06699999951725341
80f52efa-6fc5-42c7-95e9-89c460443161,6003.019770887883,4.71,159.96255045293447,131.45300209787942,57.34879919524855,9.0,260.3541681827922,177.15823473373675,4.466773788204526
ff20120a-5d99-4d52-abcd-a89d19e0c87f,5185.309684844098,3.29,130.85684864400662,111.22209661056007,30.249694093137094,6.5115672597377054,225.90956424202156,159.24900906944748,0.06699999984327422
c4eb3957-ba9d-4a03-9f71-eebc1cca3ceb,5159.405778955531,3.59,134.65119626106357,130.9787519489475,36.83198193963944,7.003581143443712,221.40249106217738,197.0522973804579,4.124999999641886
0628a224-40aa-40c7-be33-5474d65709eb,4344.19335649144,2.46,107.29523943490078,89.81652927045575,17.34297561323521,4.7368592057174075,190.25941202117204,124.91962903761774,4.124999999314079
c36ee690-e1c4-4785-952e-2929c17f6ca5,4863.987131776822,3.62,146.0850609457493,105.78422592170807,28.798621522069975,6.741031726405533,240.8754547351205,135.13292766842667,4.124999999896827
a71992b8-9943-4961-9e37-7ec4a61dfe88,3139.367373490273,0.72,24.466128910580377,51.054956056365306,5.57542291250664,1.4334253612632255,65.45450758942356,65.55779178773423,4.124999999657464
07f45191-4573-48aa-b44b-e542938ed53f,3730.645444194144,1.44,59.317203137350425,73.45060062002125,9.128944690225147,2.8354364062433457,121.32909335270703,102.8435658319167,4.124999999456359
8e900e33-682c-4bb5-9ca5-829ea083352a,5010.304143775103,3.3000000000000003,120.98549412018114,113.23125474240128,27.7092664441498,6.294850038663985,204.62743466429063,163.30681627118884,4.124999999514996
05bd697b-7c8f-4b1b-9e3c-8587ee0080ed,4923.514980966781,3.09,106.1284638420478,118.59978747578211,24.589104680977496,5.902730921968777,179.57337822672204,177.32150267528263,4.124999999726908
09e9b37e-b5f3-4814-aaaa-641dd5998ae1,4580.448317407751,2.5,86.6896243366281,108.3783474254936,18.073880300061212,4.818686616392588,152.79292722965369,164.13590892038752,4.124999999131338
d4939765-8d27-46b1-bf1f-753405e43fed,4467.206168662897,2.43,91.78497872033972,98.52065655984666,16.829015929644473,4.667488213392888,161.73679776301435,147.3840037613613,4.1249999992511786
2fa09330-461a-4a40-9af2-d8ecba7b129f,4788.718893671789,3.0,120.05036666435927,107.62347545150318,20.76197304972634,5.783284985739844,207.35388040673215,150.86819746759886,0.05399999967150143
e678370c-3939-4c29-bc29-65d5d4adc30a,4930.783588827564,3.5300000000000002,133.38820592898622,113.27275358735739,23.587649604108694,6.590242920478373,218.60009702039926,158.10280516838375,0.05399999997570755
5040c351-6a33-4f7a-9178-161e96da08b5,4818.074687687229,3.14,131.9422375462316,100.99509017628355,22.58766612512347,6.039147606467515,223.4415648490245,141.26449073194826,0.05399999908523914
0d3a645c-ead6-4ce1-b85e-4b88753d342f,4673.443346380424,2.77,122.17125243357559,85.21022959304932,18.922774659712214,5.401019813531625,215.34978090280921,110.23851040162847,0.05399999989801905
10c1bde0-fbd9-4a85-a68a-5b55bc627290,5169.800179374037,3.92,152.78074538085707,113.09084108160255,32.33504151474314,7.415779050877052,249.10917000494203,155.06909523305652,0.053999999422094824
18abc46a-4cf7-497a-b6aa-853f74a90402,4710.743661609806,2.82,108.81568409631828,104.17594915700465,21.94756021597109,5.430190167775455,191.53593517681577,147.33278196686803,4.124999999980983
dceb238b-6ade-426b-bd29-8910eda606e4,4542.279516666803,2.72,105.4657875578058,109.51916620018805,20.033251731672326,5.215645315066756,183.69559002907596,158.96634294964704,4.1249999994354685
bd49cfd9-436b-4286-a64e-df1d557b5477,4940.178111697696,3.29,126.45071964027954,114.75031616833623,28.62250614202368,6.325964811272766,215.12107062666172,163.0072729587021,4.124999999403519
8fa22e69-a346-493c-ba94-050d9af80dc7,4804.267706444054,3.2,122.31538081684468,116.27379541302619,25.720590502560317,6.093756442642064,205.1686771184009,169.04714385879458,4.124999999624356
8132f0f5-37a8-4121-ba19-620a1fe5f5e7,5052.795162043547,3.5100000000000002,132.9855548397601,117.16031130246489,31.47573759079821,6.720379472522735,223.3147465121274,165.8430503153693,4.124999999962053
834d3684-17bb-4ee4-8da1-cfd4b1164b23,4629.117543451393,2.81,108.85106799431566,106.54672034586432,20.995036834870653,5.378437309120705,188.83522956034597,153.5859426213407,4.124999999156269
645e6b14-7346-4b24-864d-839c843cc8f3,4215.835691507127,2.02,74.8894154016055,100.23251430422464,14.996179636706733,4.000929229418662,134.95322039497606,158.84694036962367,4.124999999907077
63a9936a-ef40-4cfe-b5d3-ea1c1c697537,4659.8654656152485,2.72,108.59941787598021,101.67494346551186,21.873182939789466,5.2862128152446655,192.08482045791385,145.47139937015405,4.124999999378718
4095f85a-bf18-4685-9e81-fe4fdec68981,4492.216849900902,2.54,98.69076407451033,107.45389609721845,19.361897631870985,4.937805460279437,172.3769032231522,162.48695011563052,4.124999999219454
a933165a-174e-4bbd-9ff1-1cf44885ba79,3969.8368568705223,1.77,66.14440261167104,90.85695236526479,10.964323988578277,3.4245381396018395,123.4117590691475,138.18463538586468,4.124999999546186
bdc3e3a0-7c93-43ab-b135-7353cf6fde20,4786.049899334836,3.17,119.12967662511849,117.32084859735951,24.87996822480459,6.018707998848417,202.39430122531357,166.88921084759505,4.1249999991292
